ano,ra,fase,fase_ideal,defasagem,idade,genero,ano_ingresso,instituicao,pedra,inde,ian,ida,ieg,iaa,ips,ipp,ipv,mat,port,ing,rec_psicologia,indicado_bolsa,atingiu_pv,pedra_ant,formado,nivel_defasagem,tempo_programa,em_defasagem,sem_indicadores
2022,RA-1,7.0,8,-1.0,19,Feminino,2016,Pública,Quartzo,5.783,5.0,4.0,4.1,8.3,5.6,,7.278,2.7,3.5,6.0,Requer avaliação,Sim,Não,Ametista,False,Moderada (-1 a -2),6,1.0,False
2022,RA-2,7.0,7,0.0,17,Feminino,2017,Privada / bolsa,Ametista,7.055,10.0,6.8,5.2,8.8,6.3,,6.778,6.3,4.5,9.7,Sem limitações,Não,Não,Ametista,False,Adequado (≥ 0),5,0.0,False
2022,RA-3,7.0,7,0.0,17,Feminino,2016,Privada / bolsa,Ágata,6.591,10.0,5.6,7.9,0.0,5.6,,7.556,5.8,4.0,6.9,Sem limitações,Não,Não,Ametista,False,Adequado (≥ 0),6,0.0,False
2022,RA-4,7.0,7,0.0,17,Masculino,2017,Privada / bolsa,Quartzo,5.951,10.0,5.0,4.5,8.8,5.6,,5.278,2.8,3.5,8.7,Requer avaliação,Não,Não,Ametista,False,Adequado (≥ 0),5,0.0,False
2022,RA-5,7.0,7,0.0,17,Feminino,2016,Privada / bolsa,Ametista,7.427,10.0,5.2,8.6,7.9,5.6,,7.389,7.0,2.9,5.7,Requer avaliação,Não,Não,Ametista,False,Adequado (≥ 0),6,0.0,False
2022,RA-6,7.0,8,-1.0,18,Feminino,2021,Pública,Quartzo,5.848,5.0,3.3,4.5,7.9,7.5,,7.222,2.3,5.3,2.3,Sem limitações,Sim,Não,Ágata,False,Moderada (-1 a -2),1,1.0,False
2022,RA-7,7.0,8,-1.0,18,Masculino,2017,Privada / bolsa,Ágata,6.818,5.0,7.6,8.4,0.0,7.5,,7.667,8.2,5.7,9.0,Sem limitações,Não,Não,Ametista,False,Moderada (-1 a -2),5,1.0,False
2022,RA-8,7.0,8,-1.0,20,Feminino,2018,Pública,Quartzo,4.786,5.0,1.6,4.6,7.1,6.3,,6.278,1.2,0.7,2.9,Requer avaliação,Não,Não,Ágata,False,Moderada (-1 a -2),4,1.0,False
2022,RA-9,7.0,8,-1.0,18,Feminino,2019,Pública,Topázio,8.109,5.0,6.7,9.5,8.8,7.5,,9.5,5.5,6.0,8.7,Sem limitações,Sim,Sim,Ametista,False,Moderada (-1 a -2),3,1.0,False
2022,RA-10,7.0,8,-1.0,18,Feminino,2021,Pública,Quartzo,5.784,5.0,4.1,5.2,8.3,5.0,,7.056,3.3,2.6,6.4,Requer avaliação,Não,Não,Ágata,False,Moderada (-1 a -2),1,1.0,False
2022,RA-11,7.0,8,-1.0,18,Feminino,2016,Pública,Quartzo,5.323,5.0,3.0,4.2,9.2,5.0,,6.389,1.8,2.5,4.5,Requer avaliação,Não,Não,Ágata,False,Moderada (-1 a -2),6,1.0,False
2022,RA-12,7.0,7,0.0,17,Feminino,2020,Pública,Quartzo,4.832,10.0,1.5,4.0,0.0,6.9,,6.389,2.7,1.1,0.7,Sem limitações,Sim,Não,Ágata,False,Adequado (≥ 0),2,0.0,False
2022,RA-13,7.0,8,-1.0,18,Masculino,2016,Pública,Ágata,6.902,5.0,4.7,7.4,7.9,7.5,,8.056,3.5,5.5,5.2,Sem limitações,Sim,Não,Ametista,False,Moderada (-1 a -2),6,1.0,False
2022,RA-14,7.0,8,-1.0,21,Masculino,2022,Pública,Ágata,6.793,5.0,4.0,8.3,7.9,7.5,,7.75,8.0,0.0,,Não atendido,Sim,Não,,False,Moderada (-1 a -2),0,1.0,False
2022,RA-15,7.0,8,-1.0,18,Masculino,2022,Pública,Ametista,7.783,5.0,7.3,10.0,8.8,7.5,,7.292,8.0,6.5,,Não atendido,Sim,Não,,False,Moderada (-1 a -2),0,1.0,False
2022,RA-16,7.0,8,-1.0,19,Masculino,2022,Pública,Ágata,6.112,5.0,3.5,8.3,7.9,5.0,,6.333,7.0,0.0,,Requer avaliação,Sim,Não,,False,Moderada (-1 a -2),0,1.0,False
2022,RA-17,7.0,8,-1.0,20,Masculino,2022,Pública,Topázio,8.068,5.0,7.8,10.0,8.8,7.5,,8.292,9.0,6.5,,Não atendido,Sim,Não,,False,Moderada (-1 a -2),0,1.0,False
2022,RA-18,7.0,8,-1.0,19,Masculino,2022,Pública,Ametista,7.226,5.0,9.0,8.7,6.3,6.3,,6.875,9.0,9.0,,Requer avaliação,Sim,Não,,False,Moderada (-1 a -2),0,1.0,False
2022,RA-19,7.0,8,-1.0,19,Feminino,2022,Pública,Ametista,7.665,5.0,8.0,9.5,7.9,7.5,,7.0,7.0,9.0,,Sem limitações,Sim,Não,,False,Moderada (-1 a -2),0,1.0,False
2022,RA-20,7.0,8,-1.0,19,Feminino,2022,Pública,Ametista,7.535,5.0,7.8,10.0,7.1,6.3,,7.167,9.0,6.5,,Não atendido,Sim,Não,,False,Moderada (-1 a -2),0,1.0,False
2022,RA-21,7.0,8,-1.0,18,Masculino,2022,Pública,Ágata,6.945,5.0,3.8,9.2,9.6,7.5,,7.25,7.0,0.5,,Não atendido,Sim,Não,,False,Moderada (-1 a -2),0,1.0,False
2022,RA-22,6.0,7,-1.0,17,Feminino,2019,Privada / bolsa,Ametista,7.474,5.0,6.7,7.4,8.3,8.1,,8.833,9.0,3.1,7.8,Sem limitações,Não,Sim,Ágata,False,Moderada (-1 a -2),3,1.0,False
2022,RA-23,6.0,7,-1.0,17,Masculino,2021,Pública,Ametista,7.677,5.0,6.7,8.2,8.3,8.1,,8.556,7.2,4.7,8.2,Sem limitações,Sim,Sim,Ametista,False,Moderada (-1 a -2),1,1.0,False
2022,RA-24,6.0,7,-1.0,17,Feminino,2021,Privada / bolsa,Topázio,8.087,5.0,8.6,7.9,9.2,6.9,,9.111,10.0,6.3,9.7,Requer avaliação,Não,Sim,Topázio,False,Moderada (-1 a -2),1,1.0,False
2022,RA-25,6.0,7,-1.0,17,Feminino,2021,Pública,Ametista,7.979,5.0,6.9,8.3,8.3,8.8,,9.667,9.2,3.8,7.7,Sem limitações,Sim,Sim,Topázio,False,Moderada (-1 a -2),1,1.0,False
2022,RA-26,6.0,7,-1.0,17,Masculino,2022,Pública,Topázio,8.677,5.0,8.0,8.8,9.6,10.0,,10.0,9.5,4.4,10.0,Sem limitações,Sim,Sim,,False,Moderada (-1 a -2),0,1.0,False
2022,RA-27,6.0,7,-1.0,17,Masculino,2016,Privada / bolsa,Ametista,7.124,5.0,8.0,7.6,0.0,8.1,,9.111,7.7,6.3,10.0,Sem limitações,Não,Sim,Ametista,False,Moderada (-1 a -2),6,1.0,False
2022,RA-28,6.0,7,-1.0,17,Feminino,2019,Pública,Ágata,6.242,5.0,5.0,6.1,7.9,7.5,,6.333,8.2,1.5,5.3,Requer avaliação,Não,Não,Ametista,False,Moderada (-1 a -2),3,1.0,False
2022,RA-29,6.0,7,-1.0,17,Masculino,2022,Pública,Quartzo,4.985,5.0,3.7,4.0,0.0,8.8,,7.611,6.3,1.1,3.8,Requer avaliação,Sim,Não,,False,Moderada (-1 a -2),0,1.0,False
2022,RA-30,6.0,6,0.0,16,Feminino,2021,Pública,Ametista,7.605,10.0,7.5,6.4,8.8,7.5,,7.333,8.5,4.4,9.7,Sem limitações,Não,Não,Ametista,False,Adequado (≥ 0),1,0.0,False
2022,RA-31,6.0,7,-1.0,17,Feminino,2019,Privada / bolsa,Topázio,8.843,5.0,8.0,9.5,10.0,9.4,,10.0,9.0,5.7,9.3,Sem limitações,Não,Sim,Topázio,False,Moderada (-1 a -2),3,1.0,False
2022,RA-32,6.0,6,0.0,16,Feminino,2018,Privada / bolsa,Ametista,7.37,10.0,6.1,5.2,8.8,8.8,,7.944,5.7,3.6,8.9,Sem limitações,Não,Não,Ametista,False,Adequado (≥ 0),4,0.0,False
2022,RA-33,6.0,7,-1.0,17,Feminino,2020,Pública,Quartzo,4.952,5.0,4.8,4.6,0.0,7.5,,6.0,9.0,1.6,3.7,Sem limitações,Não,Não,Ametista,False,Moderada (-1 a -2),2,1.0,False
2022,RA-34,6.0,7,-1.0,17,Masculino,2016,Privada / bolsa,Ágata,6.259,5.0,3.8,4.8,9.6,8.1,,7.278,4.7,4.0,2.8,Sem limitações,Não,Não,Ametista,False,Moderada (-1 a -2),6,1.0,False
2022,RA-35,6.0,7,-1.0,17,Feminino,2019,Privada / bolsa,Topázio,8.965,5.0,8.5,9.6,10.0,9.4,,10.0,9.0,7.1,9.3,Sem limitações,Não,Sim,Topázio,False,Moderada (-1 a -2),3,1.0,False
2022,RA-36,6.0,7,-1.0,17,Feminino,2019,Privada / bolsa,Ametista,7.876,5.0,6.8,9.0,9.2,6.9,,8.944,8.5,4.3,7.8,Sem limitações,Não,Sim,Ametista,False,Moderada (-1 a -2),3,1.0,False
2022,RA-37,6.0,7,-1.0,17,Feminino,2019,Privada / bolsa,Quartzo,4.95,5.0,5.9,5.4,0.0,5.0,,5.222,2.3,5.3,10.0,Sem limitações,Não,Não,Ágata,False,Moderada (-1 a -2),3,1.0,False
2022,RA-38,6.0,7,-1.0,17,Feminino,2017,Privada / bolsa,Topázio,8.523,5.0,8.6,8.9,9.2,7.5,,9.833,9.0,7.0,9.7,Não indicado,Não,Sim,Ametista,False,Moderada (-1 a -2),5,1.0,False
2022,RA-39,6.0,6,0.0,16,Feminino,2017,Privada / bolsa,Ágata,6.033,10.0,6.9,4.8,0.0,6.9,,6.111,7.7,5.1,7.8,Requer avaliação,Não,Não,Ametista,False,Adequado (≥ 0),5,0.0,False
2022,RA-40,5.0,6,-1.0,16,Feminino,2016,Privada / bolsa,Ametista,7.203,5.0,6.8,7.8,7.9,7.5,,7.75,4.7,7.3,8.4,Sem limitações,Não,Não,Ágata,False,Moderada (-1 a -2),6,1.0,False
2022,RA-41,5.0,7,-2.0,17,Masculino,2018,Pública,Quartzo,5.581,5.0,5.6,6.1,9.2,5.0,,4.375,6.3,2.5,8.0,Requer avaliação,Não,Não,Ágata,False,Moderada (-1 a -2),4,1.0,False
2022,RA-42,5.0,5,0.0,15,Masculino,2019,Privada / bolsa,Ágata,6.72,10.0,4.8,7.9,8.3,5.6,,6.083,3.7,4.5,6.2,Requer avaliação,Não,Não,Ametista,False,Adequado (≥ 0),3,0.0,False
2022,RA-43,5.0,6,-1.0,16,Feminino,2019,Pública,Quartzo,5.486,5.0,4.3,6.5,6.3,5.6,,5.958,4.0,5.8,3.2,Requer avaliação,Não,Não,Ágata,False,Moderada (-1 a -2),3,1.0,False
2022,RA-44,5.0,7,-2.0,17,Feminino,2021,Pública,Quartzo,5.542,5.0,3.0,5.9,5.0,7.5,,7.292,2.3,3.5,3.2,Sem limitações,Sim,Não,Ametista,False,Moderada (-1 a -2),1,1.0,False
2022,RA-45,5.0,5,0.0,15,Feminino,2019,Privada / bolsa,Ametista,7.591,10.0,6.8,8.9,7.9,5.6,,7.417,6.3,5.2,8.8,Requer avaliação,Não,Não,Topázio,False,Adequado (≥ 0),3,0.0,False
2022,RA-46,5.0,7,-2.0,17,Feminino,2022,Pública,Ágata,6.048,5.0,2.1,8.4,8.8,6.3,,7.083,2.8,2.8,0.7,Sem limitações,Não,Não,,False,Moderada (-1 a -2),0,1.0,False
2022,RA-47,5.0,7,-2.0,17,Feminino,2022,Pública,Quartzo,5.677,5.0,2.1,6.3,7.9,7.5,,7.042,2.5,2.2,1.5,Sem limitações,Não,Não,,False,Moderada (-1 a -2),0,1.0,False
2022,RA-48,5.0,5,0.0,15,Feminino,2017,Privada / bolsa,Ametista,8.006,10.0,8.1,8.4,6.7,7.5,,8.5,6.7,8.0,9.5,Sem limitações,Não,Sim,Ametista,False,Adequado (≥ 0),5,0.0,False
2022,RA-49,5.0,7,-2.0,17,Feminino,2022,Pública,Ágata,6.304,5.0,3.9,7.4,7.5,7.5,,7.042,1.5,4.2,6.2,Sem limitações,Não,Não,,False,Moderada (-1 a -2),0,1.0,False
2022,RA-50,5.0,8,-3.0,18,Feminino,2022,Pública,Ametista,7.138,2.5,7.8,8.4,7.5,7.5,,7.542,6.5,7.3,9.7,Sem limitações,Não,Não,,False,Severa (≤ -3),0,1.0,False
2022,RA-51,5.0,7,-2.0,17,Feminino,2022,Pública,Ágata,6.488,5.0,5.0,7.6,8.8,7.5,,6.5,4.5,4.5,6.0,Não atendido,Não,Não,,False,Moderada (-1 a -2),0,1.0,False
2022,RA-52,5.0,3,2.0,13,Masculino,2018,Privada / bolsa,Ametista,7.861,10.0,6.2,8.9,9.6,7.5,,7.5,3.3,6.3,8.8,Não atendido,Não,Não,Ametista,False,Adequado (≥ 0),4,0.0,False
2022,RA-53,5.0,7,-2.0,17,Masculino,2022,Pública,Ágata,6.725,5.0,7.0,7.0,9.2,7.5,,6.458,6.0,8.0,,Não atendido,Não,Não,,False,Moderada (-1 a -2),0,1.0,False
2022,RA-54,5.0,6,-1.0,16,Feminino,2022,Pública,Ágata,6.058,5.0,4.8,6.9,7.9,7.5,,6.125,3.0,6.5,,Não atendido,Não,Não,,False,Moderada (-1 a -2),0,1.0,False
2022,RA-55,5.0,6,-1.0,16,Feminino,2017,Pública,Ágata,6.576,5.0,7.5,7.6,7.1,5.6,,6.5,6.7,7.8,7.9,Requer avaliação,Não,Não,Ametista,False,Moderada (-1 a -2),5,1.0,False
2022,RA-56,5.0,5,0.0,15,Feminino,2019,Privada / bolsa,Topázio,8.404,10.0,7.0,10.0,10.0,7.5,,8.25,4.5,6.5,10.0,Sem limitações,Não,Não,Topázio,False,Adequado (≥ 0),3,0.0,False
2022,RA-57,5.0,6,-1.0,16,Masculino,2017,Privada / bolsa,Ametista,7.305,5.0,8.4,8.1,7.1,5.6,,7.875,9.0,7.0,9.3,Requer avaliação,Não,Não,Ametista,False,Moderada (-1 a -2),5,1.0,False
2022,RA-58,5.0,5,0.0,15,Masculino,2017,Privada / bolsa,Topázio,8.136,10.0,7.2,9.2,9.6,6.3,,8.125,4.5,8.0,9.0,Sem limitações,Não,Não,Topázio,False,Adequado (≥ 0),5,0.0,False
2022,RA-59,5.0,7,-2.0,17,Masculino,2022,Pública,Ametista,7.642,5.0,7.2,9.3,9.2,7.5,,7.917,7.0,5.7,8.8,Não atendido,Não,Não,,False,Moderada (-1 a -2),0,1.0,False
2022,RA-60,5.0,8,-3.0,18,Feminino,2021,Pública,Quartzo,5.537,2.5,4.9,6.0,6.7,7.5,,6.167,5.0,6.2,3.5,Não atendido,Não,Não,Quartzo,False,Severa (≤ -3),1,1.0,False
2022,RA-61,5.0,5,0.0,15,Masculino,2021,Pública,Ametista,7.533,10.0,5.8,7.4,9.2,7.5,,7.875,1.7,6.3,9.3,Não atendido,Sim,Não,Ágata,False,Adequado (≥ 0),1,0.0,False
2022,RA-62,5.0,7,-2.0,17,Masculino,2022,Pública,Ametista,7.891,5.0,9.3,9.4,8.8,7.5,,7.25,8.5,10.0,,Não atendido,Sim,Não,,False,Moderada (-1 a -2),0,1.0,False
2022,RA-63,5.0,6,-1.0,16,Masculino,2018,Privada / bolsa,Topázio,8.282,5.0,8.7,9.1,8.3,8.8,,9.417,8.2,8.2,9.7,Sem limitações,Não,Sim,Ametista,False,Moderada (-1 a -2),4,1.0,False
2022,RA-64,5.0,6,-1.0,16,Masculino,2019,Pública,Ametista,7.368,5.0,7.5,8.1,7.1,8.1,,8.25,4.8,8.2,9.4,Sem limitações,Sim,Não,Topázio,False,Moderada (-1 a -2),3,1.0,False
2022,RA-65,5.0,7,-2.0,17,Feminino,2022,Pública,Ametista,7.712,5.0,9.3,7.7,8.3,7.5,,7.875,9.0,9.5,9.5,Não atendido,Sim,Não,,False,Moderada (-1 a -2),0,1.0,False
2022,RA-66,5.0,7,-2.0,17,Feminino,2022,Pública,Quartzo,5.665,5.0,4.5,5.6,7.5,7.5,,5.917,3.0,6.0,,Não atendido,Não,Não,,False,Moderada (-1 a -2),0,1.0,False
2022,RA-67,5.0,6,-1.0,16,Feminino,2019,Pública,Quartzo,5.195,5.0,3.6,3.0,5.8,7.5,,6.889,3.0,4.2,3.5,Não atendido,Não,Não,Ágata,False,Moderada (-1 a -2),3,1.0,False
2022,RA-68,5.0,6,-1.0,16,Masculino,2019,Pública,Ágata,6.438,5.0,4.0,6.0,8.3,7.5,,7.944,4.7,4.8,2.7,Não atendido,Sim,Não,Ágata,False,Moderada (-1 a -2),3,1.0,False
2022,RA-69,5.0,6,-1.0,16,Masculino,2018,Pública,Quartzo,5.718,5.0,2.5,6.1,8.3,7.5,,6.167,4.7,2.6,0.3,Sem limitações,Não,Não,Ametista,False,Moderada (-1 a -2),4,1.0,False
2022,RA-70,5.0,6,-1.0,16,Feminino,2017,Pública,Quartzo,5.712,5.0,2.9,6.6,8.8,5.0,,6.111,5.7,2.9,0.2,Sem limitações,Não,Não,Quartzo,False,Moderada (-1 a -2),5,1.0,False
2022,RA-71,5.0,7,-2.0,17,Feminino,2019,Pública,Quartzo,4.332,5.0,1.2,2.0,7.9,7.5,,5.833,1.3,2.2,0.0,Não atendido,Não,Não,Ametista,False,Moderada (-1 a -2),3,1.0,False
2022,RA-72,5.0,7,-2.0,17,Feminino,2022,Pública,Ametista,7.64,5.0,7.8,7.5,8.3,7.5,,8.667,7.5,7.8,8.0,Não atendido,Sim,Sim,,False,Moderada (-1 a -2),0,1.0,False
2022,RA-73,5.0,7,-2.0,17,Feminino,2022,Pública,Quartzo,5.271,5.0,3.3,3.0,7.1,7.5,,7.278,4.5,3.0,2.3,Não atendido,Sim,Não,,False,Moderada (-1 a -2),0,1.0,False
2022,RA-74,5.0,6,-1.0,16,Masculino,2022,Pública,Quartzo,4.989,5.0,2.0,3.3,9.6,7.5,,5.833,6.0,0.0,0.0,Não atendido,Não,Não,,False,Moderada (-1 a -2),0,1.0,False
2022,RA-75,5.0,6,-1.0,16,Feminino,2022,Pública,Quartzo,3.915,5.0,0.0,3.8,5.4,6.3,,4.625,0.0,0.0,,Sem limitações,Não,Não,,False,Moderada (-1 a -2),0,1.0,False
2022,RA-76,5.0,5,0.0,15,Feminino,2017,Privada / bolsa,Topázio,9.105,10.0,8.7,9.1,10.0,8.1,,9.292,9.3,8.3,8.4,Sem limitações,Não,Sim,Topázio,False,Adequado (≥ 0),5,0.0,False
2022,RA-77,5.0,6,-1.0,16,Masculino,2019,Pública,Quartzo,3.846,5.0,0.7,2.7,7.1,5.0,,4.625,0.3,1.8,0.0,Não indicado,Não,Não,Quartzo,False,Moderada (-1 a -2),3,1.0,False
2022,RA-78,5.0,7,-2.0,17,Masculino,2018,Privada / bolsa,Ametista,7.04,5.0,7.2,6.6,8.3,5.6,,8.0,8.7,5.7,7.3,Requer avaliação,Não,Não,Ágata,False,Moderada (-1 a -2),4,1.0,False
2022,RA-79,5.0,6,-1.0,16,Feminino,2018,Privada / bolsa,Ágata,6.847,5.0,8.9,6.3,5.4,5.6,,7.292,9.5,7.7,9.5,Requer avaliação,Não,Não,Ágata,False,Moderada (-1 a -2),4,1.0,False
2022,RA-80,5.0,6,-1.0,16,Feminino,2017,Privada / bolsa,Ametista,7.29,5.0,7.1,8.3,9.2,5.0,,7.625,6.5,7.7,7.3,Requer avaliação,Não,Não,Topázio,False,Moderada (-1 a -2),5,1.0,False
2022,RA-81,5.0,4,1.0,14,Feminino,2017,Privada / bolsa,Ametista,7.675,10.0,6.0,9.2,9.2,5.0,,7.458,5.5,5.2,7.3,Requer avaliação,Não,Não,Topázio,False,Adequado (≥ 0),5,0.0,False
2022,RA-82,5.0,7,-2.0,17,Feminino,2022,Pública,Ágata,6.596,5.0,5.5,6.8,8.8,7.5,,6.417,6.0,5.0,,Não atendido,Sim,Não,,False,Moderada (-1 a -2),0,1.0,False
2022,RA-83,5.0,7,-2.0,17,Feminino,2022,Pública,Ágata,6.671,5.0,6.8,6.8,7.9,7.5,,5.958,6.0,7.5,,Não atendido,Sim,Não,,False,Moderada (-1 a -2),0,1.0,False
2022,RA-84,5.0,7,-2.0,17,Feminino,2018,Privada / bolsa,Ágata,6.682,5.0,5.8,8.8,7.1,5.0,,6.75,5.7,6.5,5.2,Requer avaliação,Não,Não,Ametista,False,Moderada (-1 a -2),4,1.0,False
2022,RA-85,5.0,5,0.0,15,Masculino,2022,Pública,Ágata,6.243,10.0,4.3,7.3,6.7,5.0,,5.833,5.0,3.5,,Requer avaliação,Não,Não,,False,Adequado (≥ 0),0,0.0,False
2022,RA-86,5.0,6,-1.0,16,Masculino,2016,Privada / bolsa,Ametista,7.566,5.0,6.7,9.6,7.5,5.6,,8.458,6.2,7.2,6.9,Sem limitações,Não,Sim,Ametista,False,Moderada (-1 a -2),6,1.0,False
2022,RA-87,5.0,5,0.0,15,Masculino,2021,Privada / bolsa,Topázio,8.712,10.0,8.8,9.6,8.3,7.5,,8.5,8.3,8.0,10.0,Não atendido,Não,Sim,Ametista,False,Adequado (≥ 0),1,0.0,False
2022,RA-88,5.0,7,-2.0,17,Masculino,2021,Pública,Ametista,7.498,5.0,6.5,9.2,7.1,5.6,,9.208,6.8,6.2,6.4,Sem limitações,Sim,Sim,Ametista,False,Moderada (-1 a -2),1,1.0,False
2022,RA-89,5.0,6,-1.0,16,Masculino,2021,Pública,Ametista,7.323,5.0,5.9,7.8,9.6,7.5,,8.0,7.5,5.7,4.7,Não atendido,Sim,Não,Quartzo,False,Moderada (-1 a -2),1,1.0,False
2022,RA-90,5.0,3,2.0,13,Feminino,2019,Privada / bolsa,Topázio,9.442,10.0,8.5,9.7,10.0,9.4,,9.75,7.7,8.0,9.8,Sem limitações,Não,Sim,Topázio,False,Adequado (≥ 0),3,0.0,False
2022,RA-91,5.0,6,-1.0,16,Feminino,2016,Privada / bolsa,Ágata,6.645,5.0,6.6,5.7,9.2,5.6,,7.125,5.5,5.7,8.5,Requer avaliação,Não,Não,Ametista,False,Moderada (-1 a -2),6,1.0,False
2022,RA-92,5.0,6,-1.0,16,Feminino,2016,Privada / bolsa,Ágata,6.957,5.0,7.4,7.1,9.2,5.0,,6.667,7.8,5.5,8.8,Requer avaliação,Não,Não,Ametista,False,Moderada (-1 a -2),6,1.0,False
2022,RA-93,5.0,5,0.0,15,Feminino,2016,Privada / bolsa,Topázio,8.941,10.0,8.5,9.7,8.3,8.1,,9.083,8.8,8.3,8.4,Sem limitações,Não,Sim,Topázio,False,Adequado (≥ 0),6,0.0,False
2022,RA-94,5.0,5,0.0,15,Feminino,2018,Privada / bolsa,Topázio,8.921,10.0,7.7,9.6,8.3,8.1,,9.583,7.0,6.7,9.5,Sem limitações,Não,Sim,Topázio,False,Adequado (≥ 0),4,0.0,False
2022,RA-95,5.0,7,-2.0,17,Feminino,2022,Pública,Ágata,6.308,5.0,4.8,6.6,8.3,7.5,,6.292,6.0,8.0,0.5,Sem limitações,Não,Não,,False,Moderada (-1 a -2),0,1.0,False
2022,RA-96,5.0,6,-1.0,16,Masculino,2021,Pública,Ametista,7.54,5.0,6.7,7.8,9.2,6.9,,8.5,5.7,6.5,8.0,Sem limitações,Sim,Sim,Ametista,False,Moderada (-1 a -2),1,1.0,False
2022,RA-97,5.0,5,0.0,15,Feminino,2017,Privada / bolsa,Ametista,7.468,10.0,6.9,8.8,7.5,5.0,,6.292,5.3,6.7,8.8,Não indicado,Não,Não,Ágata,False,Adequado (≥ 0),5,0.0,False
2022,RA-98,5.0,5,0.0,15,Feminino,2017,Privada / bolsa,Topázio,9.354,10.0,8.5,10.0,8.8,9.4,,9.667,8.4,8.2,8.9,Sem limitações,Não,Sim,Topázio,False,Adequado (≥ 0),5,0.0,False
2022,RA-99,5.0,6,-1.0,16,Masculino,2019,Pública,Ágata,6.158,5.0,5.0,6.3,8.8,7.5,,5.833,5.7,3.4,5.8,Não atendido,Não,Não,Ágata,False,Moderada (-1 a -2),3,1.0,False
2022,RA-100,4.0,3,1.0,13,Feminino,2019,Privada / bolsa,Ametista,7.618,10.0,7.6,7.8,8.8,5.0,,7.25,7.0,7.8,8.1,Não indicado,Não,Não,Topázio,False,Adequado (≥ 0),3,0.0,False
2022,RA-101,4.0,5,-1.0,15,Feminino,2021,Pública,Ametista,7.305,5.0,7.6,8.3,7.9,7.5,,6.833,7.2,6.5,9.2,Não atendido,Sim,Não,Ametista,False,Moderada (-1 a -2),1,1.0,False
2022,RA-102,4.0,4,0.0,14,Masculino,2019,Pública,Ágata,6.922,10.0,5.7,7.7,6.7,6.9,,6.0,4.7,6.8,5.5,Requer avaliação,Não,Não,Ametista,False,Adequado (≥ 0),3,0.0,False
2022,RA-103,4.0,3,1.0,13,Feminino,2020,Privada / bolsa,Topázio,8.107,10.0,7.3,8.7,7.9,7.5,,7.708,7.3,7.3,7.3,Não atendido,Não,Não,Ametista,False,Adequado (≥ 0),2,0.0,False
2022,RA-104,4.0,8,-4.0,18,Masculino,2022,Pública,Ágata,6.315,2.5,3.7,8.7,7.9,7.5,,6.708,4.8,5.8,0.3,Não atendido,Não,Não,,False,Severa (≤ -3),0,1.0,False
2022,RA-105,4.0,7,-3.0,17,Masculino,2016,Privada / bolsa,Ágata,6.846,2.5,6.7,8.2,7.9,5.6,,7.417,7.2,6.2,6.8,Requer avaliação,Não,Não,Ametista,False,Severa (≤ -3),6,1.0,False
2022,RA-106,4.0,5,-1.0,15,Feminino,2016,Privada / bolsa,Ametista,7.973,5.0,7.4,8.0,9.2,9.4,,8.375,7.8,7.2,7.2,Sem limitações,Não,Sim,Ametista,False,Moderada (-1 a -2),6,1.0,False
2022,RA-107,4.0,5,-1.0,15,Feminino,2018,Pública,Ágata,6.258,5.0,4.6,6.4,7.5,7.5,,6.5,3.3,4.3,6.0,Sem limitações,Sim,Não,Ágata,False,Moderada (-1 a -2),4,1.0,False
2022,RA-108,4.0,7,-3.0,17,Feminino,2019,Pública,Quartzo,5.547,2.5,5.0,7.7,4.6,5.0,,6.125,3.0,5.8,6.2,Não indicado,Não,Não,Ágata,False,Severa (≤ -3),3,1.0,False
2022,RA-109,4.0,6,-2.0,16,Masculino,2021,Privada / bolsa,Topázio,8.512,5.0,8.4,10.0,8.8,8.8,,8.667,7.8,7.5,9.9,Sem limitações,Não,Sim,Ametista,False,Moderada (-1 a -2),1,1.0,False
2022,RA-110,4.0,4,0.0,14,Masculino,2017,Privada / bolsa,Topázio,8.15,10.0,6.7,9.7,9.2,5.6,,8.0,8.3,5.7,6.0,Requer avaliação,Não,Não,Topázio,False,Adequado (≥ 0),5,0.0,False
2022,RA-111,4.0,3,1.0,13,Feminino,2020,Privada / bolsa,Topázio,8.646,10.0,8.0,9.4,7.5,8.1,,8.667,6.7,7.5,9.7,Sem limitações,Não,Sim,Topázio,False,Adequado (≥ 0),2,0.0,False
2022,RA-112,4.0,5,-1.0,15,Feminino,2016,Privada / bolsa,Ametista,7.836,5.0,8.5,7.8,7.9,6.3,,8.833,9.0,7.5,9.1,Sem limitações,Não,Sim,Ametista,False,Moderada (-1 a -2),6,1.0,False
2022,RA-113,4.0,5,-1.0,15,Feminino,2017,Privada / bolsa,Quartzo,3.032,5.0,3.7,0.0,0.0,5.0,,3.792,3.3,5.5,2.3,Não indicado,Não,Não,Ágata,False,Moderada (-1 a -2),5,1.0,False
2022,RA-114,4.0,6,-2.0,16,Masculino,2022,Pública,Quartzo,5.894,5.0,5.3,6.3,7.9,7.5,,5.0,6.0,4.5,,Sem limitações,Não,Não,,False,Moderada (-1 a -2),0,1.0,False
2022,RA-115,4.0,6,-2.0,16,Feminino,2019,Pública,Quartzo,5.886,5.0,3.8,6.8,8.3,6.3,,5.583,3.0,5.7,2.7,Requer avaliação,Não,Não,Ametista,False,Moderada (-1 a -2),3,1.0,False
2022,RA-116,4.0,6,-2.0,16,Feminino,2019,Pública,Ágata,6.854,5.0,5.9,8.1,5.8,6.3,,7.792,5.0,7.2,5.5,Sem limitações,Sim,Não,Ágata,False,Moderada (-1 a -2),3,1.0,False
2022,RA-117,4.0,5,-1.0,15,Feminino,2022,Pública,Ágata,6.685,5.0,6.1,6.3,7.9,6.9,,7.417,4.7,6.7,7.0,Requer avaliação,Não,Não,,False,Moderada (-1 a -2),0,1.0,False
2022,RA-118,4.0,4,0.0,14,Feminino,2021,Pública,Quartzo,5.597,10.0,3.9,5.3,0.0,6.3,,6.958,3.7,4.7,3.5,Sem limitações,Não,Não,Ametista,False,Adequado (≥ 0),1,0.0,False
2022,RA-119,4.0,4,0.0,14,Feminino,2016,Privada / bolsa,Ametista,7.501,10.0,5.4,8.2,8.3,5.6,,7.875,5.7,7.0,3.4,Requer avaliação,Não,Não,Ágata,False,Adequado (≥ 0),6,0.0,False
2022,RA-120,4.0,5,-1.0,15,Masculino,2019,Pública,Ágata,6.825,5.0,6.2,5.9,8.3,7.5,,7.667,3.7,5.2,9.7,Não atendido,Sim,Não,Ametista,False,Moderada (-1 a -2),3,1.0,False
2022,RA-121,4.0,6,-2.0,16,Feminino,2021,Pública,Ametista,7.245,5.0,7.2,8.4,7.1,6.3,,7.625,5.7,6.8,9.0,Sem limitações,Sim,Não,Ágata,False,Moderada (-1 a -2),1,1.0,False
2022,RA-122,4.0,4,0.0,14,Feminino,2019,Pública,Quartzo,5.061,10.0,1.8,3.4,7.9,7.5,,4.958,1.7,3.7,0.0,Não atendido,Não,Não,Quartzo,False,Adequado (≥ 0),3,0.0,False
2022,RA-123,4.0,6,-2.0,16,Masculino,2017,Privada / bolsa,Ametista,7.084,5.0,6.5,8.6,7.9,5.6,,7.292,7.3,6.3,5.9,Requer avaliação,Não,Não,Ametista,False,Moderada (-1 a -2),5,1.0,False
2022,RA-124,4.0,4,0.0,14,Masculino,2016,Privada / bolsa,Ametista,7.388,10.0,6.7,7.8,7.9,5.0,,7.167,5.7,7.0,7.5,Requer avaliação,Não,Não,Ametista,False,Adequado (≥ 0),6,0.0,False
2022,RA-125,4.0,5,-1.0,15,Feminino,2022,Pública,Ametista,7.619,5.0,7.1,8.5,8.8,7.5,,7.75,5.0,7.2,9.2,Não atendido,Sim,Não,,False,Moderada (-1 a -2),0,1.0,False
2022,RA-126,4.0,5,-1.0,15,Masculino,2018,Pública,Ágata,6.289,5.0,4.4,5.8,7.1,7.5,,7.417,4.0,5.0,4.2,Não atendido,Sim,Não,Ametista,False,Moderada (-1 a -2),4,1.0,False
2022,RA-127,4.0,4,0.0,14,Feminino,2022,Pública,Topázio,8.283,10.0,7.9,8.7,7.5,7.5,,8.125,7.7,7.7,8.3,Não atendido,Sim,Não,,False,Adequado (≥ 0),0,0.0,False
2022,RA-128,4.0,5,-1.0,15,Masculino,2019,Pública,Quartzo,5.563,5.0,5.6,6.2,0.0,7.5,,6.167,6.7,6.8,3.2,Não atendido,Sim,Não,Ágata,False,Moderada (-1 a -2),3,1.0,False
2022,RA-129,4.0,5,-1.0,15,Masculino,2019,Pública,Ágata,6.926,5.0,6.7,6.4,6.7,7.5,,7.792,6.0,5.3,8.7,Não atendido,Sim,Não,Ametista,False,Moderada (-1 a -2),3,1.0,False
2022,RA-130,4.0,6,-2.0,16,Feminino,2018,Pública,Quartzo,5.624,5.0,4.1,4.7,8.3,5.0,,6.5,3.7,5.2,3.5,Requer avaliação,Não,Não,Ágata,False,Moderada (-1 a -2),4,1.0,False
2022,RA-131,4.0,5,-1.0,15,Feminino,2016,Pública,Ametista,7.174,5.0,5.6,9.0,8.8,5.6,,7.75,6.0,6.5,4.2,Sem limitações,Sim,Não,Ametista,False,Moderada (-1 a -2),6,1.0,False
2022,RA-132,4.0,4,0.0,14,Feminino,2019,Privada / bolsa,Topázio,8.355,10.0,7.7,8.8,10.0,5.6,,8.458,6.5,7.5,9.1,Sem limitações,Não,Sim,Ametista,False,Adequado (≥ 0),3,0.0,False
2022,RA-133,4.0,5,-1.0,15,Feminino,2016,Pública,Ágata,6.875,5.0,5.6,7.1,7.9,7.5,,7.625,4.7,7.2,5.0,Não atendido,Não,Não,Quartzo,False,Moderada (-1 a -2),6,1.0,False
2022,RA-134,4.0,5,-1.0,15,Feminino,2021,Pública,Ágata,6.607,5.0,4.7,6.8,8.8,7.5,,7.375,4.7,6.8,2.5,Não atendido,Sim,Não,Ágata,False,Moderada (-1 a -2),1,1.0,False
2022,RA-135,4.0,5,-1.0,15,Feminino,2019,Pública,Ametista,7.692,5.0,8.6,7.8,8.3,5.6,,8.583,8.0,8.2,9.5,Sem limitações,Sim,Sim,Ametista,False,Moderada (-1 a -2),3,1.0,False
2022,RA-136,4.0,5,-1.0,15,Masculino,2019,Pública,Ágata,6.478,5.0,4.6,6.3,10.0,7.5,,6.667,5.3,5.7,2.8,Não atendido,Não,Não,Ágata,False,Moderada (-1 a -2),3,1.0,False
2022,RA-137,4.0,7,-3.0,17,Feminino,2016,Privada / bolsa,Ametista,7.056,2.5,7.3,8.9,7.5,5.0,,7.792,6.0,7.3,8.5,Requer avaliação,Não,Não,Ágata,False,Severa (≤ -3),6,1.0,False
2022,RA-138,4.0,5,-1.0,15,Masculino,2016,Pública,Ágata,6.738,5.0,5.6,8.0,9.6,5.6,,6.375,5.0,6.5,5.2,Requer avaliação,Sim,Não,Ágata,False,Moderada (-1 a -2),6,1.0,False
2022,RA-139,4.0,7,-3.0,17,Masculino,2019,Pública,Quartzo,3.738,2.5,1.4,3.5,7.1,5.0,,3.917,1.7,2.7,0.0,Requer avaliação,Não,Não,Ágata,False,Severa (≤ -3),3,1.0,False
2022,RA-140,4.0,4,0.0,14,Feminino,2021,Pública,Ametista,7.407,10.0,5.7,7.6,7.9,6.9,,7.667,5.0,6.5,5.6,Não atendido,Sim,Não,Ametista,False,Adequado (≥ 0),1,0.0,False
2022,RA-141,4.0,4,0.0,14,Masculino,2017,Pública,Ametista,7.118,10.0,5.7,8.2,9.2,5.6,,5.917,5.8,6.2,5.0,Requer avaliação,Não,Não,Ágata,False,Adequado (≥ 0),5,0.0,False
2022,RA-142,4.0,4,0.0,14,Feminino,2021,Pública,Ametista,7.457,10.0,6.3,8.6,6.7,5.6,,7.583,6.0,6.8,6.0,Requer avaliação,Não,Não,Ágata,False,Adequado (≥ 0),1,0.0,False
2022,RA-143,4.0,3,1.0,13,Masculino,2019,Privada / bolsa,Topázio,8.638,10.0,7.9,9.9,8.3,5.6,,9.5,9.7,7.7,6.4,Sem limitações,Não,Sim,Topázio,False,Adequado (≥ 0),3,0.0,False
2022,RA-144,4.0,4,0.0,14,Feminino,2017,Privada / bolsa,Topázio,8.181,10.0,7.9,9.3,7.5,5.0,,8.292,7.5,7.2,9.0,Requer avaliação,Não,Não,Quartzo,False,Adequado (≥ 0),5,0.0,False
2022,RA-145,4.0,6,-2.0,16,Masculino,2017,Pública,Quartzo,5.846,5.0,5.2,6.3,0.0,8.1,,7.25,3.0,4.8,7.8,Sem limitações,Sim,Não,Ágata,False,Moderada (-1 a -2),5,1.0,False
2022,RA-146,4.0,5,-1.0,15,Feminino,2022,Pública,Ametista,7.947,5.0,7.9,9.2,8.3,7.5,,8.208,6.3,7.3,10.0,Não atendido,Sim,Não,,False,Moderada (-1 a -2),0,1.0,False
2022,RA-147,4.0,4,0.0,14,Feminino,2022,Pública,Ametista,7.541,10.0,6.1,7.7,8.3,7.5,,7.25,5.8,4.8,7.7,Não atendido,Não,Não,,False,Adequado (≥ 0),0,0.0,False
2022,RA-148,4.0,4,0.0,14,Masculino,2022,Pública,Ametista,7.894,10.0,5.3,7.9,9.2,10.0,,7.708,4.7,6.3,5.0,Sem limitações,Sim,Não,,False,Adequado (≥ 0),0,0.0,False
2022,RA-149,4.0,5,-1.0,15,Feminino,2022,Pública,Ágata,6.323,5.0,5.0,6.5,9.2,7.5,,6.125,4.0,6.0,,Não atendido,Não,Não,,False,Moderada (-1 a -2),0,1.0,False
2022,RA-150,4.0,6,-2.0,16,Feminino,2020,Pública,Ágata,6.962,5.0,6.9,6.3,9.6,6.9,,7.333,5.3,6.7,8.6,Sem limitações,Sim,Não,Ametista,False,Moderada (-1 a -2),2,1.0,False
2022,RA-151,4.0,6,-2.0,16,Feminino,2020,Pública,Ametista,7.563,5.0,8.3,7.5,8.8,6.9,,7.958,7.3,8.0,9.5,Sem limitações,Sim,Não,Ametista,False,Moderada (-1 a -2),2,1.0,False
2022,RA-152,4.0,6,-2.0,16,Feminino,2022,Pública,Ágata,6.712,5.0,6.5,7.0,8.3,7.5,,6.292,4.0,7.0,8.5,Não atendido,Não,Não,,False,Moderada (-1 a -2),0,1.0,False
2022,RA-153,4.0,4,0.0,14,Feminino,2018,Privada / bolsa,Ametista,7.535,10.0,6.6,8.2,7.9,5.0,,7.708,3.3,7.7,8.8,Requer avaliação,Não,Não,Ametista,False,Adequado (≥ 0),4,0.0,False
2022,RA-154,4.0,5,-1.0,15,Masculino,2017,Pública,Ágata,6.073,5.0,4.0,6.1,8.3,6.3,,6.833,3.7,6.2,2.1,Sem limitações,Sim,Não,Ágata,False,Moderada (-1 a -2),5,1.0,False
2022,RA-155,4.0,6,-2.0,16,Masculino,2022,Pública,Ametista,7.051,5.0,5.2,8.3,10.0,7.5,,6.833,4.3,6.8,4.3,Não atendido,Sim,Não,,False,Moderada (-1 a -2),0,1.0,False
2022,RA-156,4.0,5,-1.0,15,Masculino,2018,Pública,Ametista,7.357,5.0,4.4,8.3,10.0,9.4,,7.792,4.7,6.5,2.1,Sem limitações,Sim,Não,Ágata,False,Moderada (-1 a -2),4,1.0,False
2022,RA-157,4.0,3,1.0,12,Feminino,2018,Privada / bolsa,Topázio,8.317,10.0,7.7,10.0,7.5,6.3,,8.292,7.0,7.5,8.7,Requer avaliação,Não,Não,Topázio,False,Adequado (≥ 0),4,0.0,False
2022,RA-158,4.0,7,-3.0,17,Feminino,2017,Privada / bolsa,Ametista,7.302,2.5,6.6,9.8,7.9,5.6,,8.125,5.0,6.7,8.1,Requer avaliação,Não,Não,Ametista,False,Severa (≤ -3),5,1.0,False
2022,RA-159,4.0,5,-1.0,15,Feminino,2021,Pública,Ágata,6.49,5.0,4.7,8.1,8.3,5.6,,6.458,4.3,5.8,3.9,Requer avaliação,Não,Não,Ametista,False,Moderada (-1 a -2),1,1.0,False
2022,RA-160,4.0,5,-1.0,15,Feminino,2021,Pública,Ágata,6.746,5.0,5.3,7.2,7.5,5.6,,8.25,2.7,6.0,7.1,Requer avaliação,Sim,Não,Ágata,False,Moderada (-1 a -2),1,1.0,False
2022,RA-161,4.0,2,2.0,11,Feminino,2018,Privada / bolsa,Ametista,7.957,10.0,6.9,9.1,7.9,5.6,,8.083,5.3,6.8,8.5,Requer avaliação,Não,Não,Ametista,False,Adequado (≥ 0),4,0.0,False
2022,RA-162,4.0,4,0.0,14,Feminino,2021,Pública,Ametista,7.215,10.0,5.5,8.5,6.7,7.5,,6.542,4.7,5.5,6.4,Requer avaliação,Não,Não,Ágata,False,Adequado (≥ 0),1,0.0,False
2022,RA-163,4.0,5,-1.0,15,Feminino,2021,Pública,Ágata,6.797,5.0,6.7,7.9,8.8,5.6,,6.5,6.5,6.3,7.4,Requer avaliação,Não,Não,Ágata,False,Moderada (-1 a -2),1,1.0,False
2022,RA-164,4.0,6,-2.0,16,Masculino,2018,Pública,Ágata,6.776,5.0,6.5,7.3,8.3,5.6,,7.208,4.7,6.5,8.3,Requer avaliação,Sim,Não,Ágata,False,Moderada (-1 a -2),4,1.0,False
2022,RA-165,4.0,4,0.0,14,Feminino,2017,Privada / bolsa,Topázio,8.063,10.0,7.6,9.8,7.1,5.6,,7.5,5.3,7.8,9.7,Sem limitações,Não,Não,Ametista,False,Adequado (≥ 0),5,0.0,False
2022,RA-166,4.0,4,0.0,14,Masculino,2020,Pública,Topázio,8.253,10.0,8.1,9.0,9.2,6.3,,7.542,7.0,7.2,10.0,Sem limitações,Sim,Não,Ametista,False,Adequado (≥ 0),2,0.0,False
2022,RA-167,4.0,6,-2.0,16,Feminino,2018,Privada / bolsa,Ametista,7.798,5.0,7.9,9.7,9.2,5.6,,7.833,9.3,8.0,6.3,Requer avaliação,Não,Não,Ametista,False,Moderada (-1 a -2),4,1.0,False
2022,RA-168,4.0,5,-1.0,15,Feminino,2018,Privada / bolsa,Ágata,6.917,5.0,5.9,8.3,7.9,6.3,,7.083,4.7,8.2,5.0,Sem limitações,Não,Não,Ametista,False,Moderada (-1 a -2),4,1.0,False
2022,RA-169,4.0,5,-1.0,15,Feminino,2018,Pública,Quartzo,5.159,5.0,3.2,5.1,7.5,6.3,,4.792,1.3,4.5,3.8,Sem limitações,Não,Não,Ágata,False,Moderada (-1 a -2),4,1.0,False
2022,RA-170,4.0,4,0.0,14,Feminino,2018,Privada / bolsa,Ágata,7.007,10.0,4.9,9.2,8.3,5.6,,5.792,3.7,6.7,4.3,Requer avaliação,Não,Não,Ametista,False,Adequado (≥ 0),4,0.0,False
2022,RA-171,4.0,6,-2.0,16,Masculino,2022,Pública,Ágata,6.581,5.0,5.5,6.8,7.5,7.5,,6.875,3.0,8.0,,Sem limitações,Não,Não,,False,Moderada (-1 a -2),0,1.0,False
2022,RA-172,4.0,4,0.0,14,Feminino,2018,Privada / bolsa,Topázio,8.673,10.0,7.3,8.9,9.2,9.4,,8.917,6.0,7.7,8.1,Sem limitações,Não,Sim,Topázio,False,Adequado (≥ 0),4,0.0,False
2022,RA-173,4.0,7,-3.0,17,Masculino,2019,Privada / bolsa,Ametista,7.816,2.5,7.9,9.2,8.3,6.9,,9.25,9.0,7.5,7.1,Requer avaliação,Não,Sim,Ametista,False,Severa (≤ -3),3,1.0,False
2022,RA-174,4.0,5,-1.0,15,Feminino,2019,Pública,Ágata,6.075,5.0,4.4,6.2,7.9,7.5,,6.042,4.0,5.3,3.8,Sem limitações,Não,Não,Ágata,False,Moderada (-1 a -2),3,1.0,False
2022,RA-175,4.0,5,-1.0,15,Feminino,2018,Privada / bolsa,Ágata,6.75,5.0,5.9,9.2,8.3,5.6,,5.833,4.7,7.2,5.9,Requer avaliação,Não,Não,Ametista,False,Moderada (-1 a -2),4,1.0,False
2022,RA-176,3.0,3,0.0,13,Feminino,2018,Privada / bolsa,Topázio,8.427,10.0,6.9,9.1,9.6,5.6,,9.083,5.1,6.8,8.7,Requer avaliação,Não,Sim,Ametista,False,Adequado (≥ 0),4,0.0,False
2022,RA-177,3.0,3,0.0,13,Feminino,2022,Pública,Ametista,7.424,10.0,6.8,8.8,7.9,4.4,,6.958,6.0,7.5,,Requer avaliação,Não,Não,,False,Adequado (≥ 0),0,0.0,False
2022,RA-178,3.0,3,0.0,13,Feminino,2016,Privada / bolsa,Ágata,7.025,10.0,6.3,8.8,0.0,4.4,,8.458,6.2,5.3,7.3,Requer avaliação,Não,Sim,Ametista,False,Adequado (≥ 0),6,0.0,False
2022,RA-179,3.0,3,0.0,12,Masculino,2022,Pública,Ametista,7.993,10.0,6.1,9.2,7.5,7.5,,8.042,3.7,6.7,8.0,Sem limitações,Sim,Não,,False,Adequado (≥ 0),0,0.0,False
2022,RA-180,3.0,3,0.0,12,Masculino,2018,Privada / bolsa,Topázio,8.442,10.0,8.1,8.3,9.2,6.3,,8.625,7.7,8.3,8.3,Requer avaliação,Não,Sim,Topázio,False,Adequado (≥ 0),4,0.0,False
2022,RA-181,3.0,3,0.0,13,Feminino,2019,Privada / bolsa,Topázio,8.623,10.0,6.8,9.5,9.2,8.8,,8.458,6.8,7.3,6.2,Não atendido,Não,Sim,Ametista,False,Adequado (≥ 0),3,0.0,False
2022,RA-182,3.0,6,-3.0,16,Feminino,2021,Pública,Ágata,6.328,2.5,4.1,8.0,7.5,7.5,,6.958,1.3,5.7,5.4,Não atendido,Não,Não,Quartzo,False,Severa (≤ -3),1,1.0,False
2022,RA-183,3.0,3,0.0,13,Feminino,2022,Pública,Ametista,7.3,10.0,3.8,8.8,8.3,7.5,,7.25,0.0,7.5,,Não atendido,Não,Não,,False,Adequado (≥ 0),0,0.0,False
2022,RA-184,3.0,6,-3.0,16,Masculino,2019,Pública,Ametista,7.28,2.5,7.2,7.7,8.8,7.5,,8.0,5.0,7.3,9.3,Não atendido,Sim,Não,Ametista,False,Severa (≤ -3),3,1.0,False
2022,RA-185,3.0,5,-2.0,15,Masculino,2021,Pública,Ágata,6.615,5.0,4.5,7.7,7.9,7.5,,6.875,3.3,5.7,4.5,Não atendido,Não,Não,Quartzo,False,Moderada (-1 a -2),1,1.0,False
2022,RA-186,3.0,3,0.0,13,Feminino,2019,Pública,Ametista,7.832,10.0,6.6,8.5,8.3,7.5,,7.5,6.0,5.7,8.0,Não atendido,Sim,Não,Ametista,False,Adequado (≥ 0),3,0.0,False
2022,RA-187,3.0,3,0.0,12,Feminino,2019,Privada / bolsa,Ametista,7.928,10.0,5.8,8.9,8.8,7.5,,7.917,5.3,7.2,4.8,Não atendido,Não,Não,Topázio,False,Adequado (≥ 0),3,0.0,False
2022,RA-188,3.0,4,-1.0,14,Masculino,2021,Pública,Quartzo,5.307,5.0,2.7,6.1,0.0,7.5,,7.583,3.0,3.2,2.0,Não atendido,Sim,Não,Ametista,False,Moderada (-1 a -2),1,1.0,False
2022,RA-189,3.0,4,-1.0,14,Masculino,2018,Privada / bolsa,Ametista,7.629,5.0,7.2,9.7,10.0,5.0,,7.333,6.3,7.2,8.0,Requer avaliação,Não,Não,Ametista,False,Moderada (-1 a -2),4,1.0,False
2022,RA-190,3.0,3,0.0,13,Feminino,2022,Pública,Ametista,7.335,10.0,6.3,6.9,6.7,8.8,,7.25,5.0,7.5,,Não atendido,Não,Não,,False,Adequado (≥ 0),0,0.0,False
2022,RA-191,3.0,3,0.0,13,Masculino,2019,Privada / bolsa,Topázio,8.74,10.0,7.2,9.4,10.0,8.8,,8.5,8.0,7.2,6.3,Não atendido,Não,Sim,Topázio,False,Adequado (≥ 0),3,0.0,False
2022,RA-192,3.0,5,-2.0,15,Masculino,2021,Pública,Quartzo,4.932,5.0,2.7,3.6,8.8,7.5,,4.708,1.7,4.7,1.7,Não atendido,Não,Não,Quartzo,False,Moderada (-1 a -2),1,1.0,False
2022,RA-193,3.0,3,0.0,12,Masculino,2016,Privada / bolsa,Topázio,8.155,10.0,6.7,8.9,9.2,5.6,,8.5,5.0,6.3,8.7,Sem limitações,Não,Sim,Topázio,False,Adequado (≥ 0),6,0.0,False
2022,RA-194,3.0,4,-1.0,14,Feminino,2022,Pública,Quartzo,4.265,5.0,3.2,6.2,0.0,5.0,,3.75,3.7,5.8,0.0,Requer avaliação,Não,Não,,False,Moderada (-1 a -2),0,1.0,False
2022,RA-195,3.0,3,0.0,13,Feminino,2017,Privada / bolsa,Ametista,8.017,10.0,6.3,9.2,8.8,5.0,,8.25,6.8,6.3,5.8,Requer avaliação,Não,Não,Ametista,False,Adequado (≥ 0),5,0.0,False
2022,RA-196,3.0,3,0.0,12,Masculino,2018,Privada / bolsa,Topázio,8.124,10.0,5.1,9.1,9.2,7.5,,8.625,4.0,6.0,5.3,Não atendido,Não,Sim,Topázio,False,Adequado (≥ 0),4,0.0,False
2022,RA-197,3.0,3,0.0,13,Feminino,2021,Privada / bolsa,Topázio,8.218,10.0,7.3,9.7,8.8,4.4,,8.292,6.0,7.5,8.3,Requer avaliação,Não,Não,Topázio,False,Adequado (≥ 0),1,0.0,False
2022,RA-198,3.0,3,0.0,13,Masculino,2017,Pública,Quartzo,5.554,10.0,4.6,6.2,0.0,5.0,,5.958,5.2,5.8,2.8,Requer avaliação,Não,Não,Quartzo,False,Adequado (≥ 0),5,0.0,False
2022,RA-199,3.0,3,0.0,13,Masculino,2022,Pública,Ametista,7.564,10.0,7.5,7.1,8.3,7.5,,6.458,5.7,7.8,9.0,Não atendido,Não,Não,,False,Adequado (≥ 0),0,0.0,False
2022,RA-200,3.0,5,-2.0,15,Masculino,2018,Privada / bolsa,Quartzo,5.705,5.0,5.5,5.6,7.9,4.4,,4.917,4.7,5.0,6.8,Requer avaliação,Não,Não,Quartzo,False,Moderada (-1 a -2),4,1.0,False
2022,RA-201,3.0,5,-2.0,15,Feminino,2021,Pública,Ametista,7.078,5.0,6.5,7.3,7.9,7.5,,7.542,6.0,7.2,6.3,Não atendido,Não,Não,Ágata,False,Moderada (-1 a -2),1,1.0,False
2022,RA-202,3.0,4,-1.0,14,Feminino,2017,Pública,Quartzo,5.201,5.0,5.4,5.2,0.0,4.4,,6.917,6.3,5.8,4.2,Requer avaliação,Sim,Não,Ametista,False,Moderada (-1 a -2),5,1.0,False
2022,RA-203,3.0,4,-1.0,14,Feminino,2021,Pública,Quartzo,5.669,5.0,2.8,4.3,8.8,7.5,,6.875,2.3,3.5,2.5,Não atendido,Não,Não,Ametista,False,Moderada (-1 a -2),1,1.0,False
2022,RA-204,3.0,3,0.0,13,Feminino,2019,Pública,Ágata,6.943,10.0,7.4,6.7,7.9,4.4,,5.708,5.3,8.5,8.5,Requer avaliação,Não,Não,Ametista,False,Adequado (≥ 0),3,0.0,False
2022,RA-205,3.0,4,-1.0,14,Masculino,2020,Pública,Quartzo,5.372,5.0,4.1,3.8,9.6,7.5,,4.833,5.7,1.7,5.0,Não atendido,Não,Não,Ametista,False,Moderada (-1 a -2),2,1.0,False
2022,RA-206,3.0,3,0.0,12,Feminino,2022,Pública,Ametista,7.101,10.0,5.0,8.8,8.3,7.5,,5.167,4.0,6.0,,Não atendido,Não,Não,,False,Adequado (≥ 0),0,0.0,False
2022,RA-207,3.0,6,-3.0,16,Masculino,2021,Pública,Quartzo,4.936,2.5,5.8,4.8,0.0,7.5,,5.708,5.3,4.0,8.0,Não atendido,Não,Não,Ágata,False,Severa (≤ -3),1,1.0,False
2022,RA-208,3.0,4,-1.0,14,Masculino,2018,Pública,Ágata,6.667,5.0,6.1,7.1,7.5,7.5,,6.417,5.0,7.5,5.8,Não atendido,Não,Não,Ágata,False,Moderada (-1 a -2),4,1.0,False
2022,RA-209,3.0,4,-1.0,14,Masculino,2019,Pública,Quartzo,4.499,5.0,6.0,4.8,0.0,5.6,,3.75,5.0,5.2,7.8,Requer avaliação,Não,Não,Quartzo,False,Moderada (-1 a -2),3,1.0,False
2022,RA-210,3.0,4,-1.0,14,Masculino,2022,Pública,Quartzo,4.44,5.0,3.4,5.1,0.0,7.5,,4.417,2.7,5.3,2.3,Não atendido,Não,Não,,False,Moderada (-1 a -2),0,1.0,False
2022,RA-211,3.0,3,0.0,13,Masculino,2021,Pública,Topázio,8.465,10.0,7.6,8.8,9.2,7.5,,8.458,6.7,7.5,8.5,Não atendido,Sim,Sim,Topázio,False,Adequado (≥ 0),1,0.0,False
2022,RA-212,3.0,4,-1.0,14,Masculino,2022,Pública,Ametista,7.268,5.0,6.2,8.4,9.6,7.5,,6.958,4.8,5.8,7.8,Não atendido,Não,Não,,False,Moderada (-1 a -2),0,1.0,False
2022,RA-213,3.0,3,0.0,13,Masculino,2022,Pública,Ametista,7.209,10.0,3.5,8.7,9.6,7.5,,6.833,5.0,2.0,,Não atendido,Não,Não,,False,Adequado (≥ 0),0,0.0,False
2022,RA-214,3.0,5,-2.0,15,Masculino,2022,Pública,Quartzo,4.87,5.0,4.3,6.1,0.0,7.5,,5.125,5.0,3.5,,Não atendido,Não,Não,,False,Moderada (-1 a -2),0,1.0,False
2022,RA-215,3.0,3,0.0,13,Feminino,2021,Pública,Ametista,7.172,10.0,7.8,5.8,6.7,7.5,,6.542,5.7,7.7,10.0,Não atendido,Não,Não,Ágata,False,Adequado (≥ 0),1,0.0,False
2022,RA-216,3.0,3,0.0,13,Feminino,2018,Pública,Ametista,7.502,10.0,7.0,8.5,7.9,7.5,,5.583,5.3,6.5,9.2,Não atendido,Não,Não,Ágata,False,Adequado (≥ 0),4,0.0,False
2022,RA-217,3.0,5,-2.0,15,Feminino,2021,Pública,Ametista,7.397,5.0,7.1,8.5,7.9,7.5,,7.292,6.3,7.2,7.7,Não atendido,Sim,Não,Ametista,False,Moderada (-1 a -2),1,1.0,False
2022,RA-218,3.0,4,-1.0,14,Feminino,2022,Pública,Ágata,6.1,5.0,4.0,7.3,6.3,7.5,,6.125,5.0,7.0,0.0,Não atendido,Não,Não,,False,Moderada (-1 a -2),0,1.0,False
2022,RA-219,3.0,6,-3.0,16,Masculino,2019,Pública,Quartzo,5.942,2.5,3.5,6.9,8.8,7.5,,6.375,4.0,4.8,1.7,Não atendido,Não,Não,Ágata,False,Severa (≤ -3),3,1.0,False
2022,RA-220,3.0,3,0.0,13,Feminino,2022,Pública,Ágata,7.028,10.0,6.5,8.1,0.0,7.5,,7.833,6.8,6.8,5.8,Não atendido,Sim,Não,,False,Adequado (≥ 0),0,0.0,False
2022,RA-221,3.0,4,-1.0,14,Masculino,2022,Pública,Ágata,6.892,5.0,5.2,8.5,9.6,7.5,,6.0,7.0,3.5,5.0,Não atendido,Não,Não,,False,Moderada (-1 a -2),0,1.0,False
2022,RA-222,3.0,5,-2.0,15,Feminino,2019,Pública,Quartzo,5.604,5.0,6.2,4.6,7.1,7.5,,4.917,5.0,7.5,6.0,Não atendido,Não,Não,Ametista,False,Moderada (-1 a -2),3,1.0,False
2022,RA-223,3.0,3,0.0,13,Feminino,2022,Pública,Quartzo,4.966,10.0,3.1,4.6,0.0,7.5,,5.583,4.3,4.7,0.2,Não atendido,Não,Não,,False,Adequado (≥ 0),0,0.0,False
2022,RA-224,3.0,3,0.0,13,Masculino,2021,Pública,Quartzo,5.671,10.0,2.6,4.3,9.6,7.5,,4.875,5.0,2.7,0.0,Não atendido,Não,Não,Ágata,False,Adequado (≥ 0),1,0.0,False
2022,RA-225,3.0,4,-1.0,14,Masculino,2022,Pública,Quartzo,5.918,5.0,5.0,5.3,8.3,7.5,,5.708,3.0,7.0,,Não atendido,Não,Não,,False,Moderada (-1 a -2),0,1.0,False
2022,RA-226,3.0,4,-1.0,14,Feminino,2022,Pública,Ágata,6.549,5.0,6.8,6.1,7.5,7.5,,6.208,7.0,6.5,,Não atendido,Não,Não,,False,Moderada (-1 a -2),0,1.0,False
2022,RA-227,3.0,3,0.0,12,Masculino,2022,Pública,Ágata,6.471,10.0,3.3,6.4,9.2,7.5,,5.833,4.7,4.3,1.0,Não atendido,Não,Não,,False,Adequado (≥ 0),0,0.0,False
2022,RA-228,3.0,5,-2.0,15,Feminino,2017,Pública,Ágata,6.196,5.0,4.8,6.7,7.5,7.5,,6.417,3.0,6.0,5.3,Não atendido,Não,Não,Quartzo,False,Moderada (-1 a -2),5,1.0,False
2022,RA-229,3.0,3,0.0,12,Masculino,2022,Pública,Topázio,8.62,10.0,6.9,9.4,10.0,7.5,,8.5,7.0,6.7,7.2,Não atendido,Sim,Sim,,False,Adequado (≥ 0),0,0.0,False
2022,RA-230,3.0,4,-1.0,14,Masculino,2022,Pública,Ágata,6.328,5.0,5.7,5.1,7.9,7.5,,6.75,3.7,4.3,9.0,Não atendido,Sim,Não,,False,Moderada (-1 a -2),0,1.0,False
2022,RA-231,3.0,4,-1.0,14,Masculino,2022,Pública,Ágata,6.116,5.0,3.8,7.4,8.8,7.5,,5.333,3.0,4.5,,Não atendido,Não,Não,,False,Moderada (-1 a -2),0,1.0,False
2022,RA-232,3.0,3,0.0,12,Masculino,2022,Pública,Quartzo,4.245,10.0,0.0,4.9,0.0,7.5,,4.542,0.0,0.0,,Não atendido,Não,Não,,False,Adequado (≥ 0),0,0.0,False
2022,RA-233,3.0,4,-1.0,14,Masculino,2022,Pública,Ágata,6.051,5.0,3.8,7.4,7.9,7.5,,5.5,3.0,4.5,,Não atendido,Não,Não,,False,Moderada (-1 a -2),0,1.0,False
2022,RA-234,3.0,3,0.0,13,Masculino,2022,Pública,Ágata,6.719,10.0,4.3,7.6,10.0,5.6,,5.583,3.7,6.3,2.8,Sem limitações,Não,Não,,False,Adequado (≥ 0),0,0.0,False
2022,RA-235,3.0,4,-1.0,14,Feminino,2022,Pública,Ágata,6.79,5.0,6.3,7.3,8.3,7.5,,6.417,7.0,5.5,,Não atendido,Não,Não,,False,Moderada (-1 a -2),0,1.0,False
2022,RA-236,3.0,3,0.0,12,Feminino,2022,Pública,Ametista,7.11,10.0,3.7,7.5,9.6,7.5,,7.208,4.0,4.0,3.0,Não atendido,Não,Não,,False,Adequado (≥ 0),0,0.0,False
2022,RA-237,3.0,4,-1.0,14,Feminino,2022,Pública,Topázio,8.084,5.0,7.8,9.0,10.0,7.5,,8.417,6.8,7.7,8.8,Não atendido,Sim,Sim,,False,Moderada (-1 a -2),0,1.0,False
2022,RA-238,3.0,4,-1.0,14,Feminino,2021,Pública,Ágata,6.331,5.0,5.1,6.4,8.8,5.0,,7.208,4.3,6.5,4.5,Requer avaliação,Não,Não,Ágata,False,Moderada (-1 a -2),1,1.0,False
2022,RA-239,3.0,5,-2.0,15,Feminino,2021,Pública,Quartzo,4.572,5.0,3.7,3.7,0.0,7.5,,5.958,2.0,4.7,4.5,Não atendido,Não,Não,Quartzo,False,Moderada (-1 a -2),1,1.0,False
2022,RA-240,3.0,3,0.0,13,Feminino,2017,Privada / bolsa,Ágata,6.943,10.0,4.7,8.1,7.1,5.0,,7.042,6.3,5.0,2.8,Requer avaliação,Não,Não,Ametista,False,Adequado (≥ 0),5,0.0,False
2022,RA-241,3.0,4,-1.0,14,Masculino,2016,Privada / bolsa,Topázio,8.468,5.0,7.7,10.0,10.0,7.5,,9.125,8.2,7.5,7.3,Não atendido,Não,Sim,Topázio,False,Moderada (-1 a -2),6,1.0,False
2022,RA-242,3.0,3,0.0,13,Masculino,2018,Privada / bolsa,Topázio,8.673,10.0,8.2,9.7,9.6,5.6,,8.708,8.7,7.2,8.7,Requer avaliação,Não,Sim,Ametista,False,Adequado (≥ 0),4,0.0,False
2022,RA-243,3.0,5,-2.0,15,Feminino,2022,Pública,Ágata,6.982,5.0,6.0,8.7,7.1,5.0,,7.875,5.0,5.3,7.7,Requer avaliação,Não,Não,,False,Moderada (-1 a -2),0,1.0,False
2022,RA-244,3.0,3,0.0,12,Feminino,2018,Privada / bolsa,Topázio,8.51,10.0,7.8,9.4,7.5,6.3,,9.208,6.7,8.0,8.7,Requer avaliação,Não,Sim,Topázio,False,Adequado (≥ 0),4,0.0,False
2022,RA-245,3.0,4,-1.0,14,Masculino,2016,Privada / bolsa,Topázio,8.656,5.0,8.4,9.9,10.0,7.5,,9.25,8.3,8.2,8.8,Não atendido,Não,Sim,Topázio,False,Moderada (-1 a -2),6,1.0,False
2022,RA-246,3.0,3,0.0,13,Masculino,2022,Pública,Topázio,8.639,10.0,7.6,9.4,8.3,7.5,,9.167,8.0,6.7,8.0,Não atendido,Sim,Sim,,False,Adequado (≥ 0),0,0.0,False
2022,RA-247,3.0,3,0.0,13,Feminino,2021,Pública,Ametista,7.72,10.0,5.8,8.2,8.3,7.5,,7.875,5.3,5.7,6.3,Não atendido,Sim,Não,Ágata,False,Adequado (≥ 0),1,0.0,False
2022,RA-248,3.0,3,0.0,13,Masculino,2022,Pública,Ametista,7.429,10.0,5.2,7.6,9.2,7.5,,7.292,4.0,5.5,6.0,Não atendido,Não,Não,,False,Adequado (≥ 0),0,0.0,False
2022,RA-249,3.0,4,-1.0,14,Masculino,2017,Pública,Quartzo,5.097,5.0,2.9,7.4,6.7,5.0,,4.292,2.3,4.2,2.2,Não atendido,Não,Não,Ágata,False,Moderada (-1 a -2),5,1.0,False
2022,RA-250,3.0,3,0.0,12,Feminino,2022,Pública,Ametista,7.958,10.0,6.6,8.6,8.3,7.5,,7.625,6.7,6.5,6.7,Não atendido,Sim,Não,,False,Adequado (≥ 0),0,0.0,False
2022,RA-251,3.0,5,-2.0,15,Masculino,2018,Pública,Ágata,7.022,5.0,6.3,8.1,10.0,5.6,,6.625,5.3,6.3,7.2,Sem limitações,Não,Não,Ametista,False,Moderada (-1 a -2),4,1.0,False
2022,RA-252,3.0,4,-1.0,14,Masculino,2018,Pública,Quartzo,4.277,5.0,0.9,2.8,9.2,7.5,,3.875,1.3,1.2,0.2,Não atendido,Não,Não,Quartzo,False,Moderada (-1 a -2),4,1.0,False
2022,RA-253,3.0,5,-2.0,15,Masculino,2019,Pública,Quartzo,4.312,5.0,1.8,3.6,9.2,5.0,,3.75,1.0,3.7,0.7,Requer avaliação,Não,Não,Ágata,False,Moderada (-1 a -2),3,1.0,False
2022,RA-254,3.0,4,-1.0,14,Masculino,2019,Pública,Ágata,6.715,5.0,5.3,7.4,10.0,5.6,,6.917,5.0,6.8,4.0,Requer avaliação,Não,Não,Ametista,False,Moderada (-1 a -2),3,1.0,False
2022,RA-255,3.0,4,-1.0,14,Masculino,2019,Pública,Quartzo,4.563,5.0,1.3,3.8,7.5,5.0,,5.542,1.0,2.3,0.5,Não indicado,Não,Não,Quartzo,False,Moderada (-1 a -2),3,1.0,False
2022,RA-256,3.0,3,0.0,12,Feminino,2019,Pública,Ametista,7.192,10.0,5.2,8.5,8.8,5.0,,6.708,5.3,6.7,3.5,Requer avaliação,Não,Não,Ametista,False,Adequado (≥ 0),3,0.0,False
2022,RA-257,3.0,4,-1.0,14,Feminino,2018,Pública,Quartzo,5.149,5.0,3.6,6.4,0.0,5.6,,6.708,4.0,5.2,1.5,Requer avaliação,Não,Não,Ametista,False,Moderada (-1 a -2),4,1.0,False
2022,RA-258,3.0,3,0.0,12,Feminino,2018,Pública,Ágata,6.926,10.0,4.8,7.3,10.0,5.6,,6.125,2.7,6.2,5.5,Sem limitações,Não,Não,Topázio,False,Adequado (≥ 0),4,0.0,False
2022,RA-259,3.0,6,-3.0,16,Masculino,2017,Pública,Quartzo,4.182,2.5,0.9,2.9,8.8,7.5,,4.625,0.0,2.7,0.2,Não atendido,Não,Não,Quartzo,False,Severa (≤ -3),5,1.0,False
2022,RA-260,3.0,3,0.0,13,Feminino,2019,Pública,Ametista,7.44,10.0,5.0,8.2,10.0,7.5,,6.458,5.7,5.2,4.2,Não atendido,Não,Não,Ametista,False,Adequado (≥ 0),3,0.0,False
2022,RA-261,3.0,4,-1.0,14,Feminino,2019,Pública,Ágata,6.763,5.0,5.8,7.2,8.8,5.6,,7.042,6.2,5.8,5.5,Sem limitações,Sim,Não,Quartzo,False,Moderada (-1 a -2),3,1.0,False
2022,RA-262,3.0,5,-2.0,15,Masculino,2021,Pública,Quartzo,4.786,5.0,3.4,5.8,0.0,5.6,,5.625,1.3,5.5,3.5,Sem limitações,Não,Não,Quartzo,False,Moderada (-1 a -2),1,1.0,False
2022,RA-263,3.0,5,-2.0,15,Feminino,2019,Pública,Quartzo,5.319,5.0,3.7,5.6,5.8,7.5,,4.417,3.0,2.8,5.4,Não atendido,Não,Não,Quartzo,False,Moderada (-1 a -2),3,1.0,False
2022,RA-264,3.0,5,-2.0,15,Feminino,2022,Pública,Ametista,7.087,5.0,5.8,9.2,10.0,5.6,,6.625,6.0,5.5,,Requer avaliação,Não,Não,,False,Moderada (-1 a -2),0,1.0,False
2022,RA-265,3.0,3,0.0,13,Masculino,2019,Pública,Ametista,7.926,10.0,6.9,7.7,8.3,7.5,,7.917,5.3,7.0,8.5,Não atendido,Sim,Não,Ametista,False,Adequado (≥ 0),3,0.0,False
2022,RA-266,3.0,6,-3.0,16,Feminino,2019,Pública,Quartzo,5.987,2.5,6.0,5.8,7.5,5.6,,6.583,5.0,6.7,6.3,Requer avaliação,Não,Não,Quartzo,False,Severa (≤ -3),3,1.0,False
2022,RA-267,3.0,5,-2.0,15,Feminino,2016,Pública,Ágata,6.012,5.0,3.3,7.4,10.0,5.0,,6.292,2.3,4.8,2.7,Não indicado,Não,Não,Quartzo,False,Moderada (-1 a -2),6,1.0,False
2022,RA-268,3.0,4,-1.0,14,Feminino,2021,Pública,Ágata,6.695,5.0,5.7,6.7,9.2,6.3,,7.208,7.0,6.8,3.2,Requer avaliação,Sim,Não,Ágata,False,Moderada (-1 a -2),1,1.0,False
2022,RA-269,3.0,3,0.0,13,Masculino,2022,Pública,Topázio,8.231,10.0,8.9,8.6,9.2,6.3,,7.25,8.7,9.5,8.5,Requer avaliação,Não,Não,,False,Adequado (≥ 0),0,0.0,False
2022,RA-270,3.0,3,0.0,13,Feminino,2019,Privada / bolsa,Topázio,8.226,10.0,7.9,8.4,8.3,6.9,,8.125,8.0,7.2,8.5,Não atendido,Não,Não,Topázio,False,Adequado (≥ 0),3,0.0,False
2022,RA-271,3.0,5,-2.0,15,Feminino,2022,Pública,Ametista,7.255,5.0,7.1,8.5,9.2,5.6,,6.958,6.3,6.5,8.3,Requer avaliação,Sim,Não,,False,Moderada (-1 a -2),0,1.0,False
2022,RA-272,3.0,4,-1.0,14,Masculino,2021,Pública,Ágata,6.361,5.0,5.1,5.7,9.2,7.5,,6.417,5.0,6.8,3.5,Não atendido,Não,Não,Ágata,False,Moderada (-1 a -2),1,1.0,False
2022,RA-273,3.0,4,-1.0,14,Feminino,2018,Pública,Quartzo,5.679,5.0,3.0,5.3,9.2,7.5,,5.833,3.8,4.7,0.5,Não atendido,Não,Não,Ametista,False,Moderada (-1 a -2),4,1.0,False
2022,RA-274,3.0,2,1.0,11,Feminino,2019,Privada / bolsa,Ametista,7.946,10.0,8.1,8.3,7.9,7.5,,7.0,8.1,9.3,7.0,Não atendido,Não,Não,Topázio,False,Adequado (≥ 0),3,0.0,False
2022,RA-275,3.0,5,-2.0,15,Masculino,2018,Pública,Ágata,6.665,5.0,4.6,6.9,9.6,7.5,,6.667,5.0,6.0,2.7,Não atendido,Sim,Não,Ágata,False,Moderada (-1 a -2),4,1.0,False
2022,RA-276,3.0,4,-1.0,14,Feminino,2017,Pública,Quartzo,5.527,5.0,4.3,5.7,7.1,5.6,,5.125,3.7,6.0,3.3,Não indicado,Não,Não,Quartzo,False,Moderada (-1 a -2),5,1.0,False
2022,RA-277,3.0,4,-1.0,14,Masculino,2021,Pública,Ametista,7.411,5.0,7.4,8.8,7.1,7.5,,7.208,7.2,7.0,8.2,Não atendido,Sim,Não,Ametista,False,Moderada (-1 a -2),1,1.0,False
2022,RA-278,3.0,3,0.0,12,Masculino,2018,Privada / bolsa,Ametista,7.741,10.0,6.0,9.2,8.8,5.6,,7.417,5.7,5.8,6.4,Requer avaliação,Não,Não,Topázio,False,Adequado (≥ 0),4,0.0,False
2022,RA-279,3.0,3,0.0,13,Masculino,2019,Privada / bolsa,Topázio,8.815,10.0,9.1,9.9,9.2,6.3,,8.208,9.7,8.3,9.3,Sem limitações,Não,Não,Topázio,False,Adequado (≥ 0),3,0.0,False
2022,RA-280,3.0,3,0.0,13,Feminino,2021,Privada / bolsa,Ametista,8.046,10.0,7.1,9.2,7.5,7.5,,7.333,5.7,7.0,8.7,Sem limitações,Não,Não,Topázio,False,Adequado (≥ 0),1,0.0,False
2022,RA-281,3.0,3,0.0,13,Feminino,2019,Pública,Ágata,6.806,10.0,5.9,6.9,6.7,7.5,,5.625,5.0,6.8,6.0,Sem limitações,Não,Não,Ágata,False,Adequado (≥ 0),3,0.0,False
2022,RA-282,3.0,3,0.0,13,Feminino,2019,Pública,Ágata,6.618,10.0,4.0,6.8,8.8,7.5,,5.625,4.7,6.3,1.0,Sem limitações,Não,Não,Ágata,False,Adequado (≥ 0),3,0.0,False
2022,RA-283,3.0,4,-1.0,14,Masculino,2020,Pública,Ametista,7.131,5.0,5.6,8.8,9.6,7.5,,6.625,4.5,5.8,6.6,Não atendido,Não,Não,Ágata,False,Moderada (-1 a -2),2,1.0,False
2022,RA-284,3.0,3,0.0,13,Masculino,2022,Pública,Quartzo,5.939,10.0,3.8,5.1,6.7,5.6,,5.958,7.0,4.5,0.0,Sem limitações,Não,Não,,False,Adequado (≥ 0),0,0.0,False
2022,RA-285,3.0,6,-3.0,16,Feminino,2020,Pública,Quartzo,5.063,2.5,2.8,4.1,9.2,7.5,,5.75,4.0,3.2,1.2,Sem limitações,Não,Não,Quartzo,False,Severa (≤ -3),2,1.0,False
2022,RA-286,3.0,5,-2.0,15,Feminino,2022,Pública,Quartzo,5.424,5.0,3.0,5.8,7.1,6.3,,5.625,4.7,2.3,2.0,Sem limitações,Não,Não,,False,Moderada (-1 a -2),0,1.0,False
2022,RA-287,3.0,7,-4.0,17,Feminino,2022,Pública,Quartzo,3.7,2.5,1.1,3.4,7.9,5.0,,4.292,0.7,2.5,0.2,Requer avaliação,Não,Não,,False,Severa (≤ -3),0,1.0,False
2022,RA-288,3.0,6,-3.0,16,Feminino,2022,Pública,Quartzo,4.097,2.5,0.0,5.6,0.0,6.3,,6.833,,,,Sem limitações,Não,Não,,False,Severa (≤ -3),0,1.0,False
2022,RA-289,3.0,4,-1.0,14,Feminino,2020,Pública,Ágata,6.236,5.0,6.8,7.8,0.0,6.3,,7.25,5.3,7.5,7.5,Sem limitações,Não,Não,Quartzo,False,Moderada (-1 a -2),2,1.0,False
2022,RA-290,3.0,7,-4.0,17,Feminino,2022,Pública,Quartzo,4.929,2.5,1.7,3.9,10.0,6.3,,6.042,1.0,2.3,1.8,Sem limitações,Não,Não,,False,Severa (≤ -3),0,1.0,False
2022,RA-291,3.0,3,0.0,13,Masculino,2022,Pública,Topázio,8.122,10.0,8.0,8.2,8.3,6.9,,7.792,8.0,7.5,8.5,Sem limitações,Sim,Não,,False,Adequado (≥ 0),0,0.0,False
2022,RA-292,3.0,6,-3.0,16,Masculino,2022,Pública,Quartzo,4.837,2.5,1.8,3.7,7.9,7.5,,6.292,0.0,5.0,0.5,Não atendido,Não,Não,,False,Severa (≤ -3),0,1.0,False
2022,RA-293,3.0,3,0.0,13,Masculino,2022,Pública,Quartzo,4.875,10.0,2.3,2.9,8.8,7.5,,3.333,2.0,3.8,1.0,Não atendido,Não,Não,,False,Adequado (≥ 0),0,0.0,False
2022,RA-294,3.0,8,-5.0,18,Feminino,2022,Pública,Quartzo,5.031,2.5,0.0,5.8,9.6,7.5,,5.917,,,,Não atendido,Não,Não,,False,Severa (≤ -3),0,1.0,False
2022,RA-295,3.0,4,-1.0,14,Feminino,2022,Pública,Ametista,7.305,5.0,6.9,8.0,7.9,7.5,,7.375,5.3,7.7,7.7,Não atendido,Sim,Não,,False,Moderada (-1 a -2),0,1.0,False
2022,RA-296,3.0,5,-2.0,15,Feminino,2022,Pública,Quartzo,4.665,5.0,2.8,3.6,8.8,7.5,,3.833,5.7,2.7,0.2,Não atendido,Não,Não,,False,Moderada (-1 a -2),0,1.0,False
2022,RA-297,3.0,3,0.0,13,Feminino,2022,Pública,Ametista,7.478,10.0,6.6,7.9,7.1,6.3,,7.417,6.3,5.3,8.2,Sem limitações,Sim,Não,,False,Adequado (≥ 0),0,0.0,False
2022,RA-298,3.0,3,0.0,13,Masculino,2019,Pública,Ágata,6.409,10.0,5.2,6.3,9.2,5.6,,5.417,5.5,4.8,,Sem limitações,Não,Não,Ágata,False,Adequado (≥ 0),3,0.0,False
2022,RA-299,3.0,3,0.0,13,Feminino,2019,Privada / bolsa,Ametista,7.278,10.0,6.8,8.2,7.1,5.0,,6.708,6.3,7.3,6.7,Requer avaliação,Não,Não,Ametista,False,Adequado (≥ 0),3,0.0,False
2022,RA-300,3.0,4,-1.0,14,Masculino,2022,Pública,Quartzo,5.557,5.0,3.1,6.9,5.4,6.3,,5.875,2.7,4.8,1.7,Sem limitações,Sim,Não,,False,Moderada (-1 a -2),0,1.0,False
2022,RA-301,3.0,3,0.0,13,Feminino,2019,Pública,Ágata,6.802,10.0,6.3,5.8,8.8,5.6,,6.042,6.5,7.2,5.4,Sem limitações,Sim,Não,Ametista,False,Adequado (≥ 0),3,0.0,False
2022,RA-302,3.0,6,-3.0,16,Masculino,2022,Pública,Ágata,6.334,2.5,4.8,7.7,9.2,6.9,,6.208,4.3,5.0,5.0,Sem limitações,Não,Não,,False,Severa (≤ -3),0,1.0,False
2022,RA-303,3.0,4,-1.0,14,Masculino,2019,Pública,Ágata,6.03,5.0,3.9,7.2,7.5,7.5,,5.375,3.8,4.0,,Não atendido,Não,Não,Ágata,False,Moderada (-1 a -2),3,1.0,False
2022,RA-304,3.0,5,-2.0,15,Masculino,2020,Pública,Ágata,6.355,5.0,4.3,7.7,8.8,7.5,,5.542,3.0,5.5,,Não atendido,Sim,Não,Ágata,False,Moderada (-1 a -2),2,1.0,False
2022,RA-305,3.0,4,-1.0,14,Masculino,2019,Pública,Ágata,6.058,5.0,4.8,6.6,7.9,7.5,,5.208,2.8,6.7,,Não atendido,Não,Não,Ágata,False,Moderada (-1 a -2),3,1.0,False
2022,RA-306,3.0,4,-1.0,14,Feminino,2021,Pública,Ágata,6.427,5.0,5.2,6.8,8.3,7.5,,5.958,4.7,5.8,5.0,Não atendido,Não,Não,Ametista,False,Moderada (-1 a -2),1,1.0,False
2022,RA-307,3.0,4,-1.0,14,Masculino,2022,Pública,Quartzo,4.733,5.0,2.5,4.5,5.4,7.5,,4.708,5.0,0.0,,Não atendido,Não,Não,,False,Moderada (-1 a -2),0,1.0,False
2022,RA-308,3.0,3,0.0,13,Masculino,2019,Pública,Ágata,6.93,10.0,5.0,7.4,7.9,6.9,,6.167,6.7,5.5,2.8,Sem limitações,Sim,Não,Ametista,False,Adequado (≥ 0),3,0.0,False
2022,RA-309,3.0,4,-1.0,14,Feminino,2022,Pública,Ágata,6.151,5.0,6.5,5.2,9.2,7.5,,5.083,7.0,6.0,,Não atendido,Não,Não,,False,Moderada (-1 a -2),0,1.0,False
2022,RA-310,3.0,5,-2.0,15,Feminino,2022,Pública,Ágata,6.4,5.0,4.5,7.5,7.9,7.5,,6.0,3.7,3.8,6.0,Não atendido,Sim,Não,,False,Moderada (-1 a -2),0,1.0,False
2022,RA-311,3.0,6,-3.0,16,Feminino,2022,Pública,Quartzo,5.652,2.5,5.2,5.6,7.9,5.0,,6.222,5.0,6.2,4.3,Requer avaliação,Não,Não,,False,Severa (≤ -3),0,1.0,False
2022,RA-312,3.0,3,0.0,13,Feminino,2022,Pública,Ametista,7.339,10.0,5.2,8.1,9.6,7.5,,6.167,6.0,4.5,5.0,Não atendido,Não,Não,,False,Adequado (≥ 0),0,0.0,False
2022,RA-313,3.0,4,-1.0,14,Feminino,2022,Pública,Quartzo,5.8,5.0,4.1,7.0,7.5,5.0,,5.889,4.7,5.0,2.5,Requer avaliação,Não,Não,,False,Moderada (-1 a -2),0,1.0,False
2022,RA-314,3.0,3,0.0,13,Feminino,2022,Pública,Ágata,6.1,10.0,5.3,5.4,5.4,5.0,,6.0,4.3,3.3,8.3,Requer avaliação,Não,Não,,False,Adequado (≥ 0),0,0.0,False
2022,RA-315,3.0,3,0.0,13,Feminino,2022,Pública,Quartzo,5.672,10.0,3.0,5.1,6.7,7.5,,5.056,3.0,4.2,1.8,Não atendido,Não,Não,,False,Adequado (≥ 0),0,0.0,False
2022,RA-316,3.0,4,-1.0,14,Feminino,2022,Pública,Ametista,7.889,5.0,6.1,10.0,10.0,6.9,,8.389,7.0,6.5,4.7,Não atendido,Sim,Sim,,False,Moderada (-1 a -2),0,1.0,False
2022,RA-317,3.0,3,0.0,13,Masculino,2021,Pública,Ametista,7.04,10.0,6.8,5.6,8.8,7.5,,5.944,4.7,5.7,10.0,Não atendido,Não,Não,Ametista,False,Adequado (≥ 0),1,0.0,False
2022,RA-318,3.0,4,-1.0,14,Feminino,2019,Pública,Ágata,6.527,5.0,5.8,6.9,8.3,6.9,,6.111,4.3,5.8,7.3,Sem limitações,Não,Não,Ametista,False,Moderada (-1 a -2),3,1.0,False
2022,RA-319,3.0,3,0.0,13,Masculino,2022,Pública,Ametista,7.448,10.0,5.2,7.7,9.2,7.5,,7.5,6.3,4.3,5.0,Não atendido,Não,Não,,False,Adequado (≥ 0),0,0.0,False
2022,RA-320,3.0,4,-1.0,14,Feminino,2022,Pública,Ametista,7.897,5.0,6.4,10.0,8.8,6.9,,8.667,7.3,6.3,5.7,Sem limitações,Sim,Sim,,False,Moderada (-1 a -2),0,1.0,False
2022,RA-321,3.0,3,0.0,12,Feminino,2022,Pública,Ametista,7.792,10.0,5.2,9.1,9.2,5.6,,8.278,5.7,6.2,3.7,Sem limitações,Sim,Não,,False,Adequado (≥ 0),0,0.0,False
2022,RA-322,3.0,3,0.0,13,Feminino,2022,Pública,Ágata,6.859,10.0,4.7,8.1,7.1,5.0,,6.778,4.3,5.7,4.0,Requer avaliação,Não,Não,,False,Adequado (≥ 0),0,0.0,False
2022,RA-323,3.0,3,0.0,13,Masculino,2022,Pública,Ágata,6.86,10.0,3.4,7.3,9.2,7.5,,6.611,7.3,2.5,0.5,Sem limitações,Não,Não,,False,Adequado (≥ 0),0,0.0,False
2022,RA-324,2.0,2,0.0,10,Feminino,2022,Pública,Topázio,8.27,10.0,6.8,9.3,10.0,6.9,,8.611,6.3,7.2,,Sem limitações,Sim,Sim,,False,Adequado (≥ 0),0,0.0,False
2022,RA-325,2.0,2,0.0,10,Masculino,2022,Pública,Ametista,7.619,10.0,6.0,6.8,9.5,7.5,,8.444,6.0,6.0,,Sem limitações,Sim,Sim,,False,Adequado (≥ 0),0,0.0,False
2022,RA-326,2.0,3,-1.0,12,Feminino,2022,Pública,Topázio,8.22,5.0,9.0,9.7,10.0,5.0,,8.944,8.7,9.3,,Requer avaliação,Sim,Sim,,False,Moderada (-1 a -2),0,1.0,False
2022,RA-327,2.0,2,0.0,11,Masculino,2021,Pública,Ágata,6.986,10.0,2.8,8.8,8.5,7.5,,7.333,2.3,3.2,,Sem limitações,Não,Não,Ametista,False,Adequado (≥ 0),1,0.0,False
2022,RA-328,2.0,3,-1.0,12,Masculino,2020,Pública,Ágata,6.823,5.0,5.3,7.0,10.0,7.5,,7.5,4.0,6.5,,Sem limitações,Não,Não,Ametista,False,Moderada (-1 a -2),2,1.0,False
2022,RA-329,2.0,2,0.0,11,Masculino,2019,Pública,Ágata,6.313,10.0,5.0,6.9,7.4,4.4,,5.778,3.0,7.0,,Requer avaliação,Não,Não,Ágata,False,Adequado (≥ 0),3,0.0,False
2022,RA-330,2.0,4,-2.0,14,Feminino,2018,Pública,Ágata,6.446,5.0,2.5,8.8,9.5,7.5,,7.056,2.3,2.7,,Sem limitações,Não,Não,Ágata,False,Moderada (-1 a -2),4,1.0,False
2022,RA-331,2.0,3,-1.0,12,Feminino,2019,Pública,Ágata,6.636,5.0,3.7,8.7,9.0,7.5,,6.944,2.3,5.0,,Sem limitações,Não,Não,Ametista,False,Moderada (-1 a -2),3,1.0,False
2022,RA-332,2.0,3,-1.0,13,Masculino,2017,Privada / bolsa,Ametista,7.883,5.0,7.5,9.0,9.5,8.1,,8.5,7.5,7.5,,Sem limitações,Não,Sim,Ametista,False,Moderada (-1 a -2),5,1.0,False
2022,RA-333,2.0,4,-2.0,14,Masculino,2018,Privada / bolsa,Quartzo,5.249,5.0,2.9,5.8,8.0,3.8,,6.722,0.2,5.7,,Não indicado,Não,Não,Quartzo,False,Moderada (-1 a -2),4,1.0,False
2022,RA-334,2.0,2,0.0,11,Feminino,2019,Privada / bolsa,Ametista,7.961,10.0,8.0,9.2,6.9,4.4,,8.722,7.0,9.0,,Não indicado,Não,Sim,Topázio,False,Adequado (≥ 0),3,0.0,False
2022,RA-335,2.0,2,0.0,10,Masculino,2022,Pública,Ametista,7.902,10.0,7.4,9.4,9.5,7.5,,6.833,5.8,9.0,,Sem limitações,Não,Não,,False,Adequado (≥ 0),0,0.0,False
2022,RA-336,2.0,3,-1.0,13,Masculino,2016,Pública,Ágata,6.787,5.0,5.1,8.5,9.5,4.4,,7.889,4.5,5.7,,Requer avaliação,Não,Não,Ágata,False,Moderada (-1 a -2),6,1.0,False
2022,RA-337,2.0,2,0.0,11,Masculino,2022,Pública,Ametista,7.914,10.0,5.8,9.3,10.0,7.5,,7.611,7.5,4.0,,Não atendido,Não,Não,,False,Adequado (≥ 0),0,0.0,False
2022,RA-338,2.0,3,-1.0,12,Masculino,2019,Pública,Ágata,6.837,5.0,5.8,7.3,8.5,7.5,,7.611,5.3,6.2,,Não atendido,Não,Não,Ametista,False,Moderada (-1 a -2),3,1.0,False
2022,RA-339,2.0,2,0.0,11,Feminino,2019,Pública,Topázio,8.488,10.0,8.1,9.9,6.9,7.5,,8.889,7.1,9.2,,Não atendido,Sim,Sim,Ametista,False,Adequado (≥ 0),3,0.0,False
2022,RA-340,2.0,2,0.0,11,Masculino,2017,Pública,Ametista,7.721,10.0,6.5,8.2,9.0,7.5,,7.667,6.0,7.0,,Não atendido,Não,Não,Ágata,False,Adequado (≥ 0),5,0.0,False
2022,RA-341,2.0,3,-1.0,12,Masculino,2022,Pública,Ágata,6.854,5.0,5.8,7.7,8.0,7.5,,7.5,5.0,6.5,,Não atendido,Não,Não,,False,Moderada (-1 a -2),0,1.0,False
2022,RA-342,2.0,4,-2.0,14,Feminino,2021,Pública,Ágata,6.941,5.0,6.6,6.7,9.0,7.5,,7.5,5.5,7.7,,Não atendido,Não,Não,Quartzo,False,Moderada (-1 a -2),1,1.0,False
2022,RA-343,2.0,4,-2.0,14,Masculino,2020,Pública,Ágata,6.9,5.0,5.9,7.4,9.5,7.5,,7.167,4.2,7.7,,Não atendido,Não,Não,Quartzo,False,Moderada (-1 a -2),2,1.0,False
2022,RA-344,2.0,2,0.0,11,Masculino,2019,Pública,Ametista,7.263,10.0,4.5,8.3,8.5,7.5,,7.5,2.3,6.7,,Não atendido,Não,Não,Ametista,False,Adequado (≥ 0),3,0.0,False
2022,RA-345,2.0,3,-1.0,13,Masculino,2021,Pública,Quartzo,5.75,5.0,3.6,5.4,9.5,5.6,,6.667,1.3,5.8,,Requer avaliação,Não,Não,Ametista,False,Moderada (-1 a -2),1,1.0,False
2022,RA-346,2.0,2,0.0,10,Masculino,2022,Pública,Topázio,8.143,10.0,7.0,9.1,10.0,7.5,,7.889,6.0,8.0,,Não atendido,Não,Não,,False,Adequado (≥ 0),0,0.0,False
2022,RA-347,2.0,3,-1.0,12,Feminino,2019,Pública,Ametista,7.908,5.0,8.5,10.0,9.0,5.6,,8.0,8.5,8.5,,Sem limitações,Sim,Não,Ametista,False,Moderada (-1 a -2),3,1.0,False
2022,RA-348,2.0,3,-1.0,12,Masculino,2022,Pública,Quartzo,5.864,5.0,1.8,8.7,9.0,7.5,,5.833,0.5,3.0,,Sem limitações,Não,Não,,False,Moderada (-1 a -2),0,1.0,False
2022,RA-349,2.0,3,-1.0,12,Masculino,2021,Pública,Quartzo,5.658,5.0,3.7,7.7,9.5,7.5,,3.944,2.2,5.2,,Sem limitações,Não,Não,Ametista,False,Moderada (-1 a -2),1,1.0,False
2022,RA-350,2.0,2,0.0,11,Feminino,2022,Pública,Topázio,8.206,10.0,6.5,8.8,10.0,7.5,,8.611,7.0,6.0,,Não atendido,Não,Sim,,False,Adequado (≥ 0),0,0.0,False
2022,RA-351,2.0,4,-2.0,14,Masculino,2022,Pública,Ágata,6.622,5.0,4.0,7.2,9.0,7.5,,8.111,3.2,4.8,,Não atendido,Não,Não,,False,Moderada (-1 a -2),0,1.0,False
2022,RA-352,2.0,2,0.0,11,Masculino,2019,Pública,Ametista,7.834,10.0,7.0,8.1,9.0,5.6,,8.389,7.3,6.7,,Requer avaliação,Não,Sim,Ametista,False,Adequado (≥ 0),3,0.0,False
2022,RA-353,2.0,2,0.0,11,Feminino,2022,Pública,Topázio,8.264,10.0,7.5,10.0,7.0,7.5,,8.444,8.0,7.0,,Não atendido,Não,Sim,,False,Adequado (≥ 0),0,0.0,False
2022,RA-354,2.0,3,-1.0,13,Feminino,2018,Pública,Quartzo,5.858,5.0,4.5,4.3,8.5,7.5,,7.333,2.8,6.2,,Não atendido,Não,Não,Ágata,False,Moderada (-1 a -2),4,1.0,False
2022,RA-355,2.0,3,-1.0,12,Feminino,2018,Pública,Quartzo,5.379,5.0,4.5,5.0,5.8,7.5,,6.056,5.5,3.5,,Não atendido,Não,Não,Quartzo,False,Moderada (-1 a -2),4,1.0,False
2022,RA-356,2.0,3,-1.0,12,Masculino,2019,Pública,Ágata,6.69,5.0,4.6,8.4,10.0,5.0,,8.278,5.3,3.8,,Requer avaliação,Não,Não,Topázio,False,Moderada (-1 a -2),3,1.0,False
2022,RA-357,2.0,3,-1.0,12,Masculino,2022,Pública,Ametista,7.836,5.0,8.5,9.6,8.0,7.5,,7.778,10.0,7.0,,Não atendido,Não,Não,,False,Moderada (-1 a -2),0,1.0,False
2022,RA-358,2.0,3,-1.0,13,Masculino,2022,Pública,Quartzo,5.412,5.0,0.0,6.5,7.5,7.5,,7.556,0.0,0.0,,Não atendido,Não,Não,,False,Moderada (-1 a -2),0,1.0,False
2022,RA-359,2.0,3,-1.0,12,Feminino,2019,Pública,Ágata,6.606,5.0,4.6,7.0,9.0,7.5,,7.5,3.3,5.8,,Não atendido,Não,Não,Ágata,False,Moderada (-1 a -2),3,1.0,False
2022,RA-360,2.0,3,-1.0,12,Feminino,2019,Pública,Ametista,7.075,5.0,5.2,8.5,9.5,7.5,,7.5,4.7,5.7,,Não atendido,Não,Não,Ágata,False,Moderada (-1 a -2),3,1.0,False
2022,RA-361,2.0,3,-1.0,13,Feminino,2022,Pública,Ágata,6.731,5.0,5.0,9.2,7.9,6.3,,6.778,4.0,6.0,,Sem limitações,Não,Não,,False,Moderada (-1 a -2),0,1.0,False
2022,RA-362,2.0,3,-1.0,12,Feminino,2018,Pública,Ametista,7.413,5.0,7.9,7.9,8.5,7.5,,7.5,6.5,9.3,,Sem limitações,Não,Não,Quartzo,False,Moderada (-1 a -2),4,1.0,False
2022,RA-363,2.0,3,-1.0,12,Masculino,2022,Pública,Ágata,6.644,5.0,2.0,10.0,10.0,6.9,,7.056,1.0,3.0,,Sem limitações,Não,Não,,False,Moderada (-1 a -2),0,1.0,False
2022,RA-364,2.0,2,0.0,11,Masculino,2019,Pública,Topázio,8.75,10.0,8.8,10.0,9.5,7.5,,8.167,9.5,8.0,,Sem limitações,Não,Não,Topázio,False,Adequado (≥ 0),3,0.0,False
2022,RA-365,2.0,2,0.0,10,Feminino,2022,Pública,Topázio,8.063,10.0,7.8,10.0,8.0,5.0,,7.833,6.0,9.5,,Sem limitações,Não,Não,,False,Adequado (≥ 0),0,0.0,False
2022,RA-366,2.0,3,-1.0,12,Masculino,2022,Pública,Ametista,7.181,5.0,5.5,9.4,9.5,7.5,,6.833,6.0,5.0,,Sem limitações,Não,Não,,False,Moderada (-1 a -2),0,1.0,False
2022,RA-367,2.0,3,-1.0,12,Feminino,2018,Pública,Ágata,6.95,5.0,6.7,7.4,8.5,6.3,,7.5,5.2,8.2,,Sem limitações,Não,Não,Ametista,False,Moderada (-1 a -2),4,1.0,False
2022,RA-368,2.0,3,-1.0,13,Masculino,2018,Privada / bolsa,Ágata,6.969,5.0,7.3,7.9,8.0,5.0,,7.5,5.5,9.0,,Requer avaliação,Não,Não,Ametista,False,Moderada (-1 a -2),4,1.0,False
2022,RA-369,2.0,2,0.0,11,Masculino,2022,Pública,Ágata,6.973,10.0,4.8,6.9,9.0,7.5,,6.889,4.0,5.5,,Sem limitações,Não,Não,,False,Adequado (≥ 0),0,0.0,False
2022,RA-370,2.0,3,-1.0,12,Feminino,2018,Privada / bolsa,Ametista,7.066,5.0,7.2,8.2,8.5,5.0,,7.611,5.2,9.2,,Requer avaliação,Não,Não,Ametista,False,Moderada (-1 a -2),4,1.0,False
2022,RA-371,2.0,2,0.0,10,Feminino,2022,Pública,Topázio,8.112,10.0,8.4,8.0,9.5,6.9,,7.667,7.8,9.0,,Sem limitações,Não,Não,,False,Adequado (≥ 0),0,0.0,False
2022,RA-372,2.0,2,0.0,10,Masculino,2021,Pública,Ametista,7.304,10.0,7.8,5.5,8.5,6.9,,7.389,8.3,7.2,,Sem limitações,Não,Não,Topázio,False,Adequado (≥ 0),1,0.0,False
2022,RA-373,2.0,2,0.0,11,Masculino,2022,Pública,Ametista,7.503,10.0,7.3,9.5,6.4,5.0,,6.944,6.5,8.0,,Requer avaliação,Não,Não,,False,Adequado (≥ 0),0,0.0,False
2022,RA-374,2.0,3,-1.0,12,Feminino,2021,Pública,Ametista,7.747,5.0,6.9,9.8,9.0,7.5,,7.944,5.3,8.5,,Sem limitações,Não,Não,Ágata,False,Moderada (-1 a -2),1,1.0,False
2022,RA-375,2.0,2,0.0,11,Masculino,2019,Pública,Ametista,7.831,10.0,5.4,9.5,9.0,7.5,,7.667,3.3,7.5,,Sem limitações,Não,Não,Topázio,False,Adequado (≥ 0),3,0.0,False
2022,RA-376,2.0,3,-1.0,12,Feminino,2019,Pública,Ágata,6.957,5.0,4.3,9.0,9.0,7.5,,7.5,2.0,6.7,,Sem limitações,Não,Não,Ágata,False,Moderada (-1 a -2),3,1.0,False
2022,RA-377,2.0,3,-1.0,12,Feminino,2021,Pública,Ágata,6.743,5.0,6.2,7.7,9.0,5.6,,6.833,4.3,8.0,,Requer avaliação,Não,Não,Quartzo,False,Moderada (-1 a -2),1,1.0,False
2022,RA-378,2.0,3,-1.0,12,Masculino,2021,Pública,Ametista,7.203,5.0,8.1,6.8,9.0,5.6,,7.889,8.7,7.5,,Requer avaliação,Sim,Não,Ágata,False,Moderada (-1 a -2),1,1.0,False
2022,RA-379,2.0,3,-1.0,13,Feminino,2022,Pública,Ágata,6.722,5.0,5.0,8.1,8.5,7.5,,6.778,5.0,5.0,,Sem limitações,Não,Não,,False,Moderada (-1 a -2),0,1.0,False
2022,RA-380,2.0,3,-1.0,13,Masculino,2017,Pública,Quartzo,4.556,5.0,2.5,4.4,7.9,5.0,,4.833,2.3,2.7,,Requer avaliação,Não,Não,Quartzo,False,Moderada (-1 a -2),5,1.0,False
2022,RA-381,2.0,3,-1.0,13,Masculino,2018,Pública,Ágata,6.454,5.0,3.3,8.3,9.0,6.9,,6.944,1.5,5.2,,Sem limitações,Não,Não,Ágata,False,Moderada (-1 a -2),4,1.0,False
2022,RA-382,2.0,4,-2.0,14,Masculino,2017,Pública,Ágata,6.777,5.0,5.4,7.7,9.0,6.3,,7.333,4.0,6.8,,Sem limitações,Não,Não,Ágata,False,Moderada (-1 a -2),5,1.0,False
2022,RA-383,2.0,2,0.0,11,Masculino,2019,Pública,Topázio,8.4,10.0,8.1,9.6,9.0,7.5,,7.778,8.0,8.2,,Sem limitações,Não,Não,Ametista,False,Adequado (≥ 0),3,0.0,False
2022,RA-384,2.0,3,-1.0,12,Feminino,2017,Pública,Ametista,7.558,5.0,8.1,8.4,9.0,6.3,,8.0,8.0,8.2,,Requer avaliação,Não,Não,Ametista,False,Moderada (-1 a -2),5,1.0,False
2022,RA-385,2.0,3,-1.0,12,Feminino,2022,Pública,Ágata,6.083,5.0,4.9,7.5,7.4,5.0,,6.5,2.7,7.2,,Sem limitações,Não,Não,,False,Moderada (-1 a -2),0,1.0,False
2022,RA-386,2.0,3,-1.0,13,Masculino,2019,Pública,Ágata,6.104,5.0,4.0,5.9,10.0,5.6,,7.222,3.7,4.3,,Requer avaliação,Não,Não,Ágata,False,Moderada (-1 a -2),3,1.0,False
2022,RA-387,2.0,3,-1.0,13,Masculino,2019,Pública,Ágata,6.323,5.0,3.7,8.2,7.0,7.5,,6.833,1.3,6.0,,Sem limitações,Não,Não,Ágata,False,Moderada (-1 a -2),3,1.0,False
2022,RA-388,2.0,4,-2.0,14,Feminino,2019,Pública,Ágata,6.654,5.0,4.5,8.5,7.9,5.6,,7.722,3.5,5.5,,Requer avaliação,Não,Não,Ágata,False,Moderada (-1 a -2),3,1.0,False
2022,RA-389,2.0,2,0.0,11,Masculino,2019,Pública,Ametista,7.184,10.0,3.5,8.9,8.0,7.5,,7.556,2.0,5.0,,Sem limitações,Não,Não,Ágata,False,Adequado (≥ 0),3,0.0,False
2022,RA-390,2.0,3,-1.0,12,Feminino,2022,Pública,Ágata,6.776,5.0,4.7,8.8,7.4,6.3,,7.722,4.0,5.3,,Requer avaliação,Não,Não,,False,Moderada (-1 a -2),0,1.0,False
2022,RA-391,2.0,3,-1.0,12,Feminino,2022,Pública,Ametista,7.117,5.0,5.1,8.1,10.0,7.5,,8.056,5.0,5.2,,Sem limitações,Não,Não,,False,Moderada (-1 a -2),0,1.0,False
2022,RA-392,2.0,4,-2.0,14,Masculino,2022,Pública,Ágata,6.418,5.0,4.8,8.8,9.5,5.6,,6.778,3.7,5.8,,Não indicado,Não,Não,,False,Moderada (-1 a -2),0,1.0,False
2022,RA-393,2.0,6,-4.0,16,Feminino,2018,Pública,Quartzo,5.518,2.5,4.6,5.4,10.0,5.0,,6.778,4.7,4.5,,Não indicado,Não,Não,Quartzo,False,Severa (≤ -3),4,1.0,False
2022,RA-394,2.0,2,0.0,11,Feminino,2022,Pública,Ametista,7.897,10.0,5.9,8.6,9.5,7.5,,8.444,4.3,7.5,,Sem limitações,Não,Sim,,False,Adequado (≥ 0),0,0.0,False
2022,RA-395,2.0,2,0.0,11,Feminino,2018,Pública,Ametista,7.683,10.0,4.9,8.9,9.0,7.5,,8.333,4.2,5.7,,Sem limitações,Não,Não,Topázio,False,Adequado (≥ 0),4,0.0,False
2022,RA-396,2.0,3,-1.0,12,Masculino,2022,Pública,Ágata,6.556,5.0,5.6,8.0,9.0,6.3,,6.556,4.7,6.5,,Requer avaliação,Não,Não,,False,Moderada (-1 a -2),0,1.0,False
2022,RA-397,2.0,4,-2.0,14,Feminino,2017,Pública,Quartzo,5.852,5.0,2.8,5.7,9.0,6.9,,7.167,3.3,2.3,,Requer avaliação,Não,Não,Quartzo,False,Moderada (-1 a -2),5,1.0,False
2022,RA-398,2.0,2,0.0,10,Feminino,2022,Pública,Ametista,7.742,10.0,5.5,9.3,9.0,7.5,,7.5,3.0,8.0,,Sem limitações,Não,Não,,False,Adequado (≥ 0),0,0.0,False
2022,RA-399,2.0,3,-1.0,12,Feminino,2022,Pública,Ágata,6.58,5.0,4.3,9.3,6.8,5.6,,7.5,3.0,5.5,,Requer avaliação,Não,Não,,False,Moderada (-1 a -2),0,1.0,False
2022,RA-400,2.0,4,-2.0,14,Masculino,2018,Pública,Ágata,6.042,5.0,1.7,8.5,9.0,5.0,,7.444,1.2,2.2,,Requer avaliação,Não,Não,Quartzo,False,Moderada (-1 a -2),4,1.0,False
2022,RA-401,2.0,3,-1.0,12,Feminino,2021,Pública,Ágata,6.645,5.0,4.3,9.6,6.9,7.5,,6.722,3.7,5.0,,Sem limitações,Não,Não,Quartzo,False,Moderada (-1 a -2),1,1.0,False
2022,RA-402,2.0,3,-1.0,12,Feminino,2019,Pública,Quartzo,5.261,5.0,3.0,3.7,9.0,5.0,,7.222,4.3,1.7,,Requer avaliação,Não,Não,Ágata,False,Moderada (-1 a -2),3,1.0,False
2022,RA-403,2.0,3,-1.0,12,Masculino,2020,Pública,Ametista,7.455,5.0,6.3,9.3,9.5,7.5,,7.5,6.5,6.2,,Sem limitações,Não,Não,Ametista,False,Moderada (-1 a -2),2,1.0,False
2022,RA-404,2.0,3,-1.0,12,Feminino,2020,Pública,Ágata,6.658,5.0,5.3,7.3,9.0,7.5,,6.944,4.0,6.5,,Sem limitações,Não,Não,Ágata,False,Moderada (-1 a -2),2,1.0,False
2022,RA-405,2.0,3,-1.0,13,Masculino,2016,Pública,Quartzo,5.661,5.0,3.3,6.2,9.5,5.0,,6.0,2.7,3.8,,Requer avaliação,Não,Não,Quartzo,False,Moderada (-1 a -2),6,1.0,False
2022,RA-406,2.0,3,-1.0,13,Feminino,2019,Pública,Ametista,7.496,5.0,6.6,9.5,9.5,7.5,,7.333,5.4,7.8,,Sem limitações,Não,Não,Ametista,False,Moderada (-1 a -2),3,1.0,False
2022,RA-407,2.0,3,-1.0,13,Masculino,2022,Pública,Ametista,7.195,5.0,6.0,9.3,8.5,7.5,,7.056,4.0,8.0,,Sem limitações,Não,Não,,False,Moderada (-1 a -2),0,1.0,False
2022,RA-408,2.0,3,-1.0,12,Feminino,2022,Pública,Ágata,6.725,5.0,3.3,9.7,8.0,7.5,,7.333,1.0,5.5,,Sem limitações,Não,Não,,False,Moderada (-1 a -2),0,1.0,False
2022,RA-409,2.0,2,0.0,11,Feminino,2022,Pública,Topázio,8.15,10.0,7.8,9.7,7.9,7.5,,7.5,6.0,9.5,,Sem limitações,Não,Não,,False,Adequado (≥ 0),0,0.0,False
2022,RA-410,2.0,4,-2.0,14,Masculino,2018,Pública,Quartzo,5.675,5.0,2.0,6.5,7.4,6.3,,7.444,2.0,2.0,,Requer avaliação,Não,Não,Quartzo,False,Moderada (-1 a -2),4,1.0,False
2022,RA-411,2.0,3,-1.0,12,Feminino,2019,Pública,Ametista,7.232,5.0,7.1,8.6,6.4,7.5,,7.833,6.7,7.5,,Não atendido,Não,Não,Ametista,False,Moderada (-1 a -2),3,1.0,False
2022,RA-412,2.0,3,-1.0,12,Feminino,2018,Pública,Ametista,7.556,5.0,7.3,9.0,8.5,7.5,,7.778,6.5,8.2,,Não atendido,Não,Não,Ágata,False,Moderada (-1 a -2),4,1.0,False
2022,RA-413,2.0,3,-1.0,12,Feminino,2022,Pública,Ágata,6.408,5.0,4.7,8.7,6.4,5.6,,7.056,4.2,5.2,,Requer avaliação,Não,Não,,False,Moderada (-1 a -2),0,1.0,False
2022,RA-414,2.0,3,-1.0,12,Feminino,2021,Pública,Ametista,7.284,5.0,5.9,9.3,8.0,7.5,,7.667,5.7,6.2,,Não atendido,Não,Não,Ágata,False,Moderada (-1 a -2),1,1.0,False
2022,RA-415,2.0,2,0.0,11,Feminino,2019,Pública,Ametista,7.695,10.0,6.2,8.3,8.0,7.5,,8.056,4.8,7.5,,Não atendido,Não,Não,Ametista,False,Adequado (≥ 0),3,0.0,False
2022,RA-416,2.0,3,-1.0,12,Masculino,2018,Privada / bolsa,Ametista,7.913,5.0,7.2,9.3,9.5,8.8,,8.222,6.7,7.7,,Sem limitações,Não,Não,Ametista,False,Moderada (-1 a -2),4,1.0,False
2022,RA-417,2.0,3,-1.0,13,Feminino,2022,Pública,Topázio,8.428,5.0,8.0,10.0,10.0,7.5,,9.556,6.0,10.0,,Não atendido,Não,Sim,,False,Moderada (-1 a -2),0,1.0,False
2022,RA-418,2.0,2,0.0,10,Feminino,2020,Privada / bolsa,Topázio,8.175,10.0,7.5,9.4,8.0,7.5,,8.222,6.5,8.5,,Não atendido,Não,Não,Topázio,False,Adequado (≥ 0),2,0.0,False
2022,RA-419,2.0,3,-1.0,12,Feminino,2019,Privada / bolsa,Ametista,7.359,5.0,6.9,9.2,7.5,5.6,,8.389,5.3,8.5,,Requer avaliação,Não,Sim,Ametista,False,Moderada (-1 a -2),3,1.0,False
2022,RA-420,2.0,2,0.0,11,Feminino,2019,Privada / bolsa,Ametista,7.461,10.0,4.5,9.0,9.5,5.6,,8.0,1.3,7.7,,Requer avaliação,Não,Não,Ametista,False,Adequado (≥ 0),3,0.0,False
2022,RA-421,2.0,2,0.0,11,Masculino,2021,Pública,Topázio,8.717,10.0,8.8,9.3,8.5,7.5,,9.111,9.2,8.5,,Não atendido,Sim,Sim,Topázio,False,Adequado (≥ 0),1,0.0,False
2022,RA-422,2.0,3,-1.0,12,Masculino,2022,Pública,Ágata,6.746,5.0,2.5,10.0,8.5,7.5,,7.5,1.0,4.0,,Não atendido,Não,Não,,False,Moderada (-1 a -2),0,1.0,False
2022,RA-423,2.0,3,-1.0,12,Feminino,2022,Pública,Ágata,6.647,5.0,2.3,9.6,8.4,7.5,,7.667,0.5,4.0,,Sem limitações,Não,Não,,False,Moderada (-1 a -2),0,1.0,False
2022,RA-424,2.0,3,-1.0,12,Feminino,2022,Pública,Ametista,7.94,5.0,7.5,10.0,9.0,7.5,,8.222,10.0,5.0,,Não atendido,Não,Não,,False,Moderada (-1 a -2),0,1.0,False
2022,RA-425,2.0,3,-1.0,12,Masculino,2022,Pública,Topázio,8.117,5.0,9.0,10.0,9.0,7.5,,7.5,9.0,9.0,,Não atendido,Não,Não,,False,Moderada (-1 a -2),0,1.0,False
2022,RA-426,2.0,4,-2.0,14,Feminino,2022,Pública,Ágata,6.35,5.0,4.6,6.5,9.0,7.5,,7.111,2.3,6.8,,Não atendido,Não,Não,,False,Moderada (-1 a -2),0,1.0,False
2022,RA-427,2.0,3,-1.0,13,Masculino,2022,Pública,Ágata,6.245,5.0,2.5,8.5,8.0,7.5,,6.778,3.0,2.0,,Não atendido,Não,Não,,False,Moderada (-1 a -2),0,1.0,False
2022,RA-428,2.0,3,-1.0,13,Masculino,2022,Pública,Ametista,7.683,5.0,9.5,8.7,6.8,7.5,,7.111,10.0,9.0,,Não atendido,Não,Não,,False,Moderada (-1 a -2),0,1.0,False
2022,RA-429,2.0,3,-1.0,13,Masculino,2019,Pública,Quartzo,5.811,5.0,2.7,5.3,10.0,7.5,,6.611,2.8,2.5,,Não atendido,Não,Não,Quartzo,False,Moderada (-1 a -2),3,1.0,False
2022,RA-430,2.0,3,-1.0,13,Masculino,2022,Pública,Ametista,7.585,5.0,8.5,8.6,9.5,7.5,,6.611,7.5,9.5,,Não atendido,Não,Não,,False,Moderada (-1 a -2),0,1.0,False
2022,RA-431,2.0,2,0.0,11,Masculino,2022,Pública,Ametista,7.175,10.0,4.5,8.1,9.0,7.5,,6.778,5.0,4.0,,Não atendido,Não,Não,,False,Adequado (≥ 0),0,0.0,False
2022,RA-432,2.0,4,-2.0,14,Feminino,2019,Pública,Ágata,6.34,5.0,5.1,6.8,10.0,5.0,,6.611,5.7,4.5,,Requer avaliação,Não,Não,Quartzo,False,Moderada (-1 a -2),3,1.0,False
2022,RA-433,2.0,3,-1.0,12,Masculino,2022,Pública,Quartzo,5.557,5.0,2.6,7.3,8.5,5.0,,5.778,2.2,3.0,,Requer avaliação,Não,Não,,False,Moderada (-1 a -2),0,1.0,False
2022,RA-434,2.0,2,0.0,11,Masculino,2022,Pública,Ametista,7.403,10.0,5.7,8.1,9.0,7.5,,6.778,4.8,6.5,,Sem limitações,Não,Não,,False,Adequado (≥ 0),0,0.0,False
2022,RA-435,2.0,2,0.0,10,Feminino,2022,Pública,Ágata,6.599,10.0,4.7,6.2,7.9,7.5,,6.444,3.7,5.7,,Sem limitações,Não,Não,,False,Adequado (≥ 0),0,0.0,False
2022,RA-436,2.0,2,0.0,11,Masculino,2022,Pública,Ágata,6.687,10.0,2.0,8.1,9.5,7.5,,6.611,4.0,0.0,,Sem limitações,Não,Não,,False,Adequado (≥ 0),0,0.0,False
2022,RA-437,2.0,3,-1.0,13,Masculino,2022,Pública,Ágata,6.875,5.0,5.8,8.3,8.5,7.5,,6.611,6.0,5.5,,Sem limitações,Não,Não,,False,Moderada (-1 a -2),0,1.0,False
2022,RA-438,2.0,2,0.0,10,Masculino,2022,Pública,Ametista,7.764,10.0,7.3,8.7,8.0,7.5,,6.889,6.5,8.0,,Sem limitações,Não,Não,,False,Adequado (≥ 0),0,0.0,False
2022,RA-439,2.0,3,-1.0,12,Masculino,2022,Pública,Quartzo,5.519,5.0,2.3,4.9,9.0,7.5,,6.5,3.2,1.3,,Sem limitações,Não,Não,,False,Moderada (-1 a -2),0,1.0,False
2022,RA-440,2.0,2,0.0,11,Masculino,2022,Pública,Ametista,7.329,10.0,5.5,9.0,9.5,6.9,,5.833,6.0,5.0,,Não atendido,Não,Não,,False,Adequado (≥ 0),0,0.0,False
2022,RA-441,2.0,2,0.0,11,Feminino,2019,Pública,Topázio,8.188,10.0,8.0,7.9,9.0,7.5,,8.333,8.0,8.0,,Não atendido,Não,Não,Topázio,False,Adequado (≥ 0),3,0.0,False
2022,RA-442,2.0,2,0.0,11,Feminino,2022,Pública,Topázio,8.226,10.0,7.5,8.2,10.0,7.5,,8.222,9.0,6.0,,Não atendido,Não,Não,,False,Adequado (≥ 0),0,0.0,False
2022,RA-443,2.0,3,-1.0,13,Feminino,2019,Pública,Ametista,7.482,5.0,5.6,9.1,9.0,7.5,,8.5,8.0,3.2,,Não atendido,Sim,Sim,Ametista,False,Moderada (-1 a -2),3,1.0,False
2022,RA-444,2.0,2,0.0,11,Masculino,2018,Pública,Ágata,6.665,10.0,3.1,7.2,9.0,5.0,,7.778,1.5,4.7,,Requer avaliação,Não,Não,Ametista,False,Adequado (≥ 0),4,0.0,False
2022,RA-445,2.0,3,-1.0,12,Masculino,2022,Pública,Ágata,6.924,5.0,3.8,9.4,9.0,7.5,,7.5,0.0,7.5,,Não atendido,Não,Não,,False,Moderada (-1 a -2),0,1.0,False
2022,RA-446,2.0,3,-1.0,13,Feminino,2018,Pública,Ametista,7.367,5.0,6.9,8.9,9.5,5.0,,7.889,6.3,7.5,,Requer avaliação,Não,Não,Quartzo,False,Moderada (-1 a -2),4,1.0,False
2022,RA-447,2.0,2,0.0,10,Feminino,2022,Pública,Quartzo,5.607,10.0,3.5,7.0,0.0,7.5,,5.556,7.0,0.0,,Não atendido,Não,Não,,False,Adequado (≥ 0),0,0.0,False
2022,RA-448,2.0,2,0.0,11,Feminino,2022,Pública,Ametista,7.972,10.0,5.5,9.7,9.0,7.5,,8.111,5.0,6.0,,Não atendido,Não,Não,,False,Adequado (≥ 0),0,0.0,False
2022,RA-449,2.0,3,-1.0,12,Feminino,2022,Pública,Ágata,6.143,5.0,7.0,6.0,0.0,7.5,,8.111,6.0,8.0,,Não atendido,Não,Não,,False,Moderada (-1 a -2),0,1.0,False
2022,RA-450,2.0,3,-1.0,13,Masculino,2021,Pública,Ametista,7.843,5.0,7.5,9.1,10.0,7.5,,8.111,6.8,8.2,,Não atendido,Não,Não,Ágata,False,Moderada (-1 a -2),1,1.0,False
2022,RA-451,2.0,3,-1.0,13,Feminino,2019,Pública,Ágata,6.434,5.0,6.1,6.0,9.0,6.3,,6.889,3.1,9.2,,Requer avaliação,Não,Não,Quartzo,False,Moderada (-1 a -2),3,1.0,False
2022,RA-452,2.0,3,-1.0,13,Feminino,2021,Pública,Ágata,6.287,5.0,4.8,5.6,9.0,7.5,,7.167,5.0,4.5,,Não atendido,Não,Não,Ametista,False,Moderada (-1 a -2),1,1.0,False
2022,RA-453,2.0,3,-1.0,13,Feminino,2022,Pública,Ametista,7.845,5.0,8.8,8.7,9.0,7.5,,7.778,8.0,9.5,,Não atendido,Não,Não,,False,Moderada (-1 a -2),0,1.0,False
2022,RA-454,2.0,4,-2.0,14,Masculino,2018,Pública,Quartzo,5.561,5.0,2.3,8.6,9.5,5.0,,5.444,0.0,4.7,,Não indicado,Não,Não,Ágata,False,Moderada (-1 a -2),4,1.0,False
2022,RA-455,2.0,3,-1.0,12,Feminino,2022,Pública,Ágata,6.876,5.0,6.3,7.9,7.0,7.5,,7.278,6.0,6.5,,Não atendido,Não,Não,,False,Moderada (-1 a -2),0,1.0,False
2022,RA-456,2.0,3,-1.0,12,Feminino,2022,Pública,Ametista,7.193,5.0,7.3,8.2,6.4,6.3,,8.389,6.0,8.7,,Requer avaliação,Não,Sim,,False,Moderada (-1 a -2),0,1.0,False
2022,RA-457,2.0,3,-1.0,12,Feminino,2022,Pública,Ametista,7.68,5.0,8.5,8.8,8.0,7.5,,7.667,7.0,10.0,,Não atendido,Não,Não,,False,Moderada (-1 a -2),0,1.0,False
2022,RA-458,2.0,3,-1.0,13,Masculino,2019,Pública,Ágata,6.512,5.0,5.6,7.7,8.0,7.5,,5.833,4.7,6.5,,Não atendido,Não,Não,Quartzo,False,Moderada (-1 a -2),3,1.0,False
2022,RA-459,2.0,3,-1.0,12,Masculino,2019,Pública,Ametista,7.28,5.0,7.3,9.1,7.0,8.1,,7.222,5.3,9.2,,Sem limitações,Não,Não,Ametista,False,Moderada (-1 a -2),3,1.0,False
2022,RA-460,2.0,3,-1.0,12,Masculino,2022,Pública,Quartzo,5.711,5.0,3.3,8.1,6.8,7.5,,5.056,0.5,6.0,,Não atendido,Não,Não,,False,Moderada (-1 a -2),0,1.0,False
2022,RA-461,2.0,3,-1.0,12,Feminino,2018,Pública,Quartzo,5.451,5.0,3.8,6.7,0.0,7.5,,7.222,1.5,6.2,,Sem limitações,Não,Não,Ametista,False,Moderada (-1 a -2),4,1.0,False
2022,RA-462,2.0,4,-2.0,14,Masculino,2022,Pública,Ágata,6.626,5.0,3.6,8.5,10.0,7.5,,6.778,2.0,5.2,,Sem limitações,Não,Não,,False,Moderada (-1 a -2),0,1.0,False
2022,RA-463,2.0,3,-1.0,12,Feminino,2020,Pública,Ágata,6.41,5.0,2.5,7.8,10.0,7.5,,7.389,2.0,3.0,,Não atendido,Não,Não,Quartzo,False,Moderada (-1 a -2),2,1.0,False
2022,RA-464,2.0,3,-1.0,13,Feminino,2022,Pública,Ágata,6.745,5.0,4.8,8.0,7.5,7.5,,7.722,2.7,7.0,,Não atendido,Não,Não,,False,Moderada (-1 a -2),0,1.0,False
2022,RA-465,2.0,2,0.0,11,Masculino,2019,Pública,Ametista,8.012,10.0,7.8,7.9,8.0,7.5,,8.444,9.3,6.3,,Não atendido,Não,Sim,Ametista,False,Adequado (≥ 0),3,0.0,False
2022,RA-466,2.0,3,-1.0,13,Masculino,2022,Pública,Ágata,6.826,5.0,3.3,9.7,8.5,7.5,,7.556,0.5,6.0,,Não atendido,Não,Não,,False,Moderada (-1 a -2),0,1.0,False
2022,RA-467,2.0,3,-1.0,13,Feminino,2022,Pública,Ágata,6.38,5.0,5.5,8.4,5.8,5.0,,7.111,5.0,6.0,,Requer avaliação,Não,Não,,False,Moderada (-1 a -2),0,1.0,False
2022,RA-468,2.0,3,-1.0,13,Masculino,2022,Pública,Ágata,6.313,5.0,4.1,6.7,9.5,7.5,,6.722,4.5,3.7,,Não atendido,Não,Não,,False,Moderada (-1 a -2),0,1.0,False
2022,RA-469,2.0,2,0.0,11,Feminino,2022,Pública,Ametista,7.624,10.0,5.7,9.6,9.0,5.0,,7.833,6.2,5.2,,Requer avaliação,Não,Não,,False,Adequado (≥ 0),0,0.0,False
2022,RA-470,2.0,3,-1.0,13,Feminino,2019,Pública,Ametista,7.378,5.0,6.3,9.7,8.0,7.5,,7.5,5.3,7.3,,Não atendido,Não,Não,Ametista,False,Moderada (-1 a -2),3,1.0,False
2022,RA-471,2.0,3,-1.0,13,Feminino,2020,Pública,Ágata,6.535,5.0,6.3,8.5,3.5,5.0,,8.056,5.7,6.8,,Requer avaliação,Não,Não,Ágata,False,Moderada (-1 a -2),2,1.0,False
2022,RA-472,2.0,3,-1.0,12,Feminino,2022,Pública,Quartzo,5.93,5.0,2.0,7.0,9.0,7.5,,7.056,1.8,2.2,,Não atendido,Não,Não,,False,Moderada (-1 a -2),0,1.0,False
2022,RA-473,2.0,3,-1.0,12,Masculino,2019,Pública,Quartzo,5.915,5.0,4.3,6.1,8.0,7.5,,5.889,4.5,4.0,,Não atendido,Não,Não,Ametista,False,Moderada (-1 a -2),3,1.0,False
2022,RA-474,2.0,3,-1.0,13,Masculino,2019,Pública,Ágata,6.446,5.0,3.0,9.1,9.5,7.5,,6.0,1.3,4.7,,Não atendido,Não,Não,Ametista,False,Moderada (-1 a -2),3,1.0,False
2022,RA-475,2.0,3,-1.0,12,Feminino,2022,Pública,Ametista,7.199,5.0,5.8,9.2,8.5,7.5,,7.667,3.3,8.3,,Não atendido,Não,Não,,False,Moderada (-1 a -2),0,1.0,False
2022,RA-476,2.0,3,-1.0,12,Feminino,2019,Pública,Ágata,6.931,5.0,5.5,9.3,9.0,4.4,,7.556,5.0,6.0,,Requer avaliação,Não,Não,Ametista,False,Moderada (-1 a -2),3,1.0,False
2022,RA-477,2.0,3,-1.0,13,Masculino,2022,Pública,Quartzo,3.633,5.0,0.7,5.0,0.0,5.6,,4.5,0.3,1.0,,Requer avaliação,Não,Não,,False,Moderada (-1 a -2),0,1.0,False
2022,RA-478,2.0,3,-1.0,12,Feminino,2019,Pública,Ágata,6.709,5.0,4.9,9.1,8.5,5.6,,7.056,3.8,6.0,,Requer avaliação,Não,Não,Ametista,False,Moderada (-1 a -2),3,1.0,False
2022,RA-479,1.0,2,-1.0,10,Masculino,2020,Privada / bolsa,Topázio,8.465,5.0,9.8,9.2,8.0,7.5,,9.5,10.0,9.7,,Sem limitações,Não,Sim,Topázio,False,Moderada (-1 a -2),2,1.0,False
2022,RA-480,1.0,2,-1.0,10,Feminino,2021,Pública,Ametista,7.502,5.0,6.3,8.8,9.0,7.5,,8.444,6.8,5.7,,Não atendido,Sim,Sim,Ametista,False,Moderada (-1 a -2),1,1.0,False
2022,RA-481,1.0,1,0.0,9,Masculino,2021,Pública,Ametista,7.21,10.0,5.2,8.0,9.0,7.5,,6.889,5.7,4.7,,Não atendido,Não,Não,Topázio,False,Adequado (≥ 0),1,0.0,False
2022,RA-482,1.0,2,-1.0,11,Masculino,2021,Pública,Ágata,6.866,5.0,5.5,7.9,10.0,7.5,,6.833,4.3,6.7,,Não atendido,Não,Não,Ametista,False,Moderada (-1 a -2),1,1.0,False
2022,RA-483,1.0,2,-1.0,11,Feminino,2019,Pública,Quartzo,5.263,5.0,2.4,4.8,9.0,5.0,,6.833,2.0,2.8,,Requer avaliação,Não,Não,Ágata,False,Moderada (-1 a -2),3,1.0,False
2022,RA-484,1.0,2,-1.0,11,Masculino,2022,Pública,Ágata,6.71,5.0,6.5,8.7,9.5,5.0,,6.389,8.0,5.0,,Requer avaliação,Não,Não,,False,Moderada (-1 a -2),0,1.0,False
2022,RA-485,1.0,2,-1.0,10,Masculino,2020,Pública,Quartzo,4.742,5.0,1.2,4.0,9.5,7.5,,5.444,1.0,1.3,,Não atendido,Não,Não,Ágata,False,Moderada (-1 a -2),2,1.0,False
2022,RA-486,1.0,2,-1.0,10,Feminino,2020,Pública,Ametista,7.621,5.0,7.3,9.9,10.0,7.5,,7.222,6.7,7.8,,Não atendido,Não,Não,Topázio,False,Moderada (-1 a -2),2,1.0,False
2022,RA-487,1.0,2,-1.0,10,Feminino,2019,Privada / bolsa,Topázio,8.417,5.0,9.6,9.7,7.5,7.5,,9.333,9.7,9.5,,Não atendido,Não,Sim,Topázio,False,Moderada (-1 a -2),3,1.0,False
2022,RA-488,1.0,2,-1.0,10,Feminino,2022,Pública,Ametista,7.413,5.0,7.3,8.8,8.5,7.5,,7.722,6.0,8.5,,Não atendido,Não,Não,,False,Moderada (-1 a -2),0,1.0,False
2022,RA-489,1.0,1,0.0,9,Feminino,2022,Pública,Quartzo,5.853,10.0,0.0,7.2,9.0,7.5,,6.5,0.0,0.0,,Não atendido,Não,Não,,False,Adequado (≥ 0),0,0.0,False
2022,RA-490,1.0,2,-1.0,10,Feminino,2022,Pública,Ametista,7.576,5.0,7.7,8.2,7.9,7.5,,8.722,6.0,9.3,,Não atendido,Não,Sim,,False,Moderada (-1 a -2),0,1.0,False
2022,RA-491,1.0,2,-1.0,11,Masculino,2022,Pública,Ametista,7.461,5.0,7.0,9.7,7.5,7.5,,7.722,6.0,8.0,,Não atendido,Não,Não,,False,Moderada (-1 a -2),0,1.0,False
2022,RA-492,1.0,2,-1.0,11,Feminino,2022,Pública,Ametista,7.678,5.0,7.1,8.8,10.0,7.5,,8.278,8.2,6.0,,Não atendido,Não,Não,,False,Moderada (-1 a -2),0,1.0,False
2022,RA-493,1.0,1,0.0,9,Feminino,2020,Pública,Topázio,8.306,10.0,7.2,9.4,10.0,7.5,,8.278,7.3,7.0,,Sem limitações,Não,Não,Topázio,False,Adequado (≥ 0),2,0.0,False
2022,RA-494,1.0,2,-1.0,11,Feminino,2022,Pública,Ágata,6.407,5.0,5.8,8.3,6.4,5.0,,6.944,6.3,5.2,,Requer avaliação,Não,Não,,False,Moderada (-1 a -2),0,1.0,False
2022,RA-495,1.0,2,-1.0,11,Masculino,2022,Pública,Ametista,7.857,5.0,8.4,8.9,9.0,7.5,,8.056,8.0,8.8,,Sem limitações,Não,Não,,False,Moderada (-1 a -2),0,1.0,False
2022,RA-496,1.0,2,-1.0,11,Masculino,2018,Pública,Ágata,6.683,5.0,5.7,6.8,8.5,7.5,,7.556,5.8,5.5,,Requer avaliação,Não,Não,Quartzo,False,Moderada (-1 a -2),4,1.0,False
2022,RA-497,1.0,3,-2.0,13,Feminino,2016,Privada / bolsa,Ágata,6.323,5.0,5.1,9.2,6.9,5.0,,5.833,4.2,6.0,,Não indicado,Não,Não,Quartzo,False,Moderada (-1 a -2),6,1.0,False
2022,RA-498,1.0,2,-1.0,11,Feminino,2018,Pública,Ametista,7.7,5.0,8.8,8.8,8.5,7.5,,7.556,8.0,9.5,,Sem limitações,Não,Não,Ágata,False,Moderada (-1 a -2),4,1.0,False
2022,RA-499,1.0,2,-1.0,10,Masculino,2020,Pública,Ametista,7.826,5.0,8.2,10.0,8.5,7.5,,7.444,8.2,8.2,,Sem limitações,Não,Não,Ametista,False,Moderada (-1 a -2),2,1.0,False
2022,RA-500,1.0,2,-1.0,10,Feminino,2020,Pública,Topázio,8.232,5.0,9.5,10.0,9.0,7.5,,7.889,9.5,9.5,,Sem limitações,Sim,Não,Topázio,False,Moderada (-1 a -2),2,1.0,False
2022,RA-501,1.0,1,0.0,9,Masculino,2021,Pública,Ametista,7.794,10.0,6.8,8.8,8.5,7.5,,7.333,8.0,5.7,,Sem limitações,Não,Não,Topázio,False,Adequado (≥ 0),1,0.0,False
2022,RA-502,1.0,0,1.0,8,Feminino,2021,Privada / bolsa,Topázio,8.287,10.0,7.4,9.7,9.5,7.5,,7.778,6.7,8.2,,Sem limitações,Não,Não,Topázio,False,Adequado (≥ 0),1,0.0,False
2022,RA-503,1.0,2,-1.0,10,Masculino,2020,Pública,Ametista,7.95,5.0,8.8,10.0,8.5,7.5,,7.5,8.7,9.0,,Sem limitações,Não,Não,Topázio,False,Moderada (-1 a -2),2,1.0,False
2022,RA-504,1.0,1,0.0,9,Feminino,2021,Pública,Topázio,8.072,10.0,8.0,8.9,8.5,7.5,,7.556,7.8,8.2,,Sem limitações,Não,Não,Topázio,False,Adequado (≥ 0),1,0.0,False
2022,RA-505,1.0,2,-1.0,11,Feminino,2019,Pública,Ametista,7.591,5.0,8.4,8.0,9.5,7.5,,7.556,8.2,8.7,,Sem limitações,Não,Não,Ametista,False,Moderada (-1 a -2),3,1.0,False
2022,RA-506,1.0,3,-2.0,12,Masculino,2020,Pública,Ametista,7.132,5.0,7.2,7.3,9.5,7.5,,7.278,8.3,6.0,,Sem limitações,Não,Não,Ágata,False,Moderada (-1 a -2),2,1.0,False
2022,RA-507,1.0,2,-1.0,11,Feminino,2021,Pública,Ametista,7.653,5.0,7.4,10.0,8.5,7.5,,7.222,7.3,7.5,,Não atendido,Não,Não,Ágata,False,Moderada (-1 a -2),1,1.0,False
2022,RA-508,1.0,2,-1.0,10,Masculino,2022,Pública,Ágata,6.575,5.0,4.5,7.4,8.0,7.5,,7.556,0.0,9.0,,Não atendido,Não,Não,,False,Moderada (-1 a -2),0,1.0,False
2022,RA-509,1.0,3,-2.0,12,Feminino,2018,Pública,Ametista,7.808,5.0,9.2,8.2,9.0,7.5,,7.833,9.3,9.0,,Não atendido,Sim,Não,Ágata,False,Moderada (-1 a -2),4,1.0,False
2022,RA-510,1.0,3,-2.0,12,Masculino,2022,Pública,Ametista,7.336,5.0,7.1,9.3,8.0,7.5,,7.056,5.8,8.3,,Não atendido,Não,Não,,False,Moderada (-1 a -2),0,1.0,False
2022,RA-511,1.0,2,-1.0,10,Feminino,2022,Pública,Ametista,7.094,5.0,5.3,10.0,8.0,7.5,,7.056,2.0,8.5,,Não atendido,Não,Não,,False,Moderada (-1 a -2),0,1.0,False
2022,RA-512,1.0,2,-1.0,10,Feminino,2022,Pública,Ametista,7.365,5.0,6.2,9.3,9.0,7.5,,7.722,5.3,7.0,,Não atendido,Não,Não,,False,Moderada (-1 a -2),0,1.0,False
2022,RA-513,1.0,1,0.0,9,Masculino,2021,Pública,Topázio,8.229,10.0,8.3,9.6,9.0,5.6,,7.778,8.2,8.5,,Requer avaliação,Não,Não,Topázio,False,Adequado (≥ 0),1,0.0,False
2022,RA-514,1.0,1,0.0,9,Feminino,2022,Pública,Ametista,7.039,10.0,4.8,9.7,8.0,7.5,,5.889,2.0,7.5,,Não atendido,Não,Não,,False,Adequado (≥ 0),0,0.0,False
2022,RA-515,1.0,3,-2.0,12,Masculino,2022,Pública,Ágata,6.582,5.0,5.8,6.3,8.0,7.5,,7.556,8.5,3.2,,Não atendido,Não,Não,,False,Moderada (-1 a -2),0,1.0,False
2022,RA-516,1.0,1,0.0,9,Masculino,2019,Privada / bolsa,Topázio,8.903,10.0,9.9,9.7,10.0,7.5,,8.056,10.0,9.8,,Não atendido,Não,Não,Topázio,False,Adequado (≥ 0),3,0.0,False
2022,RA-517,1.0,3,-2.0,12,Feminino,2017,Pública,Ametista,7.604,5.0,7.7,9.5,6.9,7.5,,7.833,7.8,7.5,,Não atendido,Não,Não,Ágata,False,Moderada (-1 a -2),5,1.0,False
2022,RA-518,1.0,2,-1.0,10,Masculino,2022,Pública,Ametista,7.661,5.0,7.5,9.4,9.0,7.5,,7.5,6.0,9.0,,Não atendido,Não,Não,,False,Moderada (-1 a -2),0,1.0,False
2022,RA-519,1.0,1,0.0,9,Masculino,2022,Pública,Ametista,8.0,10.0,7.5,9.6,7.4,7.5,,7.333,7.0,8.0,,Não atendido,Não,Não,,False,Adequado (≥ 0),0,0.0,False
2022,RA-520,1.0,2,-1.0,11,Feminino,2022,Pública,Ametista,7.035,5.0,6.8,6.8,10.0,7.5,,7.278,5.0,8.5,,Não atendido,Não,Não,,False,Moderada (-1 a -2),0,1.0,False
2022,RA-521,1.0,1,0.0,9,Masculino,2022,Pública,Ametista,7.725,10.0,6.0,10.0,9.0,5.0,,7.5,5.0,7.0,,Requer avaliação,Não,Não,,False,Adequado (≥ 0),0,0.0,False
2022,RA-522,1.0,1,0.0,9,Masculino,2021,Pública,Topázio,8.306,10.0,7.5,9.1,9.5,7.5,,8.167,7.0,8.0,,Não atendido,Não,Não,Topázio,False,Adequado (≥ 0),1,0.0,False
2022,RA-523,1.0,2,-1.0,11,Feminino,2022,Pública,Ametista,7.591,5.0,6.5,9.5,10.0,7.5,,7.556,5.0,8.0,,Não atendido,Não,Não,,False,Moderada (-1 a -2),0,1.0,False
2022,RA-524,1.0,2,-1.0,11,Masculino,2019,Pública,Ágata,6.947,5.0,9.1,9.4,0.0,5.0,,8.056,9.0,9.2,,Requer avaliação,Sim,Não,Ametista,False,Moderada (-1 a -2),3,1.0,False
2022,RA-525,1.0,2,-1.0,11,Feminino,2021,Pública,Ametista,8.013,5.0,8.6,9.3,9.0,7.5,,8.167,8.3,8.8,,Não atendido,Não,Não,Ágata,False,Moderada (-1 a -2),1,1.0,False
2022,RA-526,1.0,3,-2.0,12,Masculino,2022,Pública,Topázio,8.079,5.0,8.0,9.9,10.0,7.5,,8.167,7.7,8.3,,Não atendido,Não,Não,,False,Moderada (-1 a -2),0,1.0,False
2022,RA-527,1.0,1,0.0,9,Feminino,2022,Pública,Ametista,8.025,10.0,6.5,10.0,8.5,7.5,,7.5,5.0,8.0,,Não atendido,Não,Não,,False,Adequado (≥ 0),0,0.0,False
2022,RA-528,1.0,2,-1.0,11,Masculino,2021,Pública,Quartzo,5.335,5.0,4.0,6.2,0.0,7.5,,6.944,5.3,2.7,,Não atendido,Não,Não,Ametista,False,Moderada (-1 a -2),1,1.0,False
2022,RA-529,1.0,3,-2.0,12,Masculino,2020,Pública,Ágata,6.51,5.0,5.2,8.9,8.5,5.0,,6.556,3.3,7.0,,Requer avaliação,Não,Não,Ametista,False,Moderada (-1 a -2),2,1.0,False
2022,RA-530,1.0,2,-1.0,10,Masculino,2019,Pública,Topázio,8.338,5.0,8.9,9.0,10.0,7.5,,9.056,9.0,8.8,,Não atendido,Sim,Sim,Topázio,False,Moderada (-1 a -2),3,1.0,False
2022,RA-531,1.0,2,-1.0,10,Masculino,2022,Pública,Ametista,8.057,5.0,7.8,9.8,9.5,7.5,,8.167,8.7,7.0,,Não atendido,Sim,Não,,False,Moderada (-1 a -2),0,1.0,False
2022,RA-532,1.0,1,0.0,9,Feminino,2022,Pública,Ametista,7.792,10.0,5.5,9.7,9.5,7.5,,7.167,4.0,7.0,,Não atendido,Não,Não,,False,Adequado (≥ 0),0,0.0,False
2022,RA-533,1.0,2,-1.0,10,Masculino,2022,Pública,Ágata,6.962,5.0,6.0,8.8,8.5,5.6,,7.333,5.0,7.0,,Requer avaliação,Não,Não,,False,Moderada (-1 a -2),0,1.0,False
2022,RA-534,1.0,3,-2.0,12,Feminino,2021,Pública,Ametista,7.131,5.0,7.1,7.4,9.0,7.5,,7.333,6.5,7.7,,Não atendido,Não,Não,Ametista,False,Moderada (-1 a -2),1,1.0,False
2022,RA-535,1.0,2,-1.0,10,Feminino,2019,Pública,Ágata,6.953,5.0,5.1,9.2,9.0,7.5,,6.917,4.7,5.5,,Sem limitações,Não,Não,Ametista,False,Moderada (-1 a -2),3,1.0,False
2022,RA-536,1.0,2,-1.0,10,Feminino,2020,Pública,Ametista,7.106,5.0,6.0,8.9,9.5,5.6,,7.75,6.3,5.7,,Sem limitações,Não,Não,Ametista,False,Moderada (-1 a -2),2,1.0,False
2022,RA-537,1.0,2,-1.0,10,Masculino,2022,Pública,Ágata,6.641,5.0,4.8,9.0,9.5,4.4,,7.167,2.5,7.0,,Requer avaliação,Não,Não,,False,Moderada (-1 a -2),0,1.0,False
2022,RA-538,1.0,3,-2.0,13,Masculino,2022,Pública,Ágata,6.309,5.0,6.8,7.5,8.5,5.6,,5.583,4.5,9.0,,Requer avaliação,Não,Não,,False,Moderada (-1 a -2),0,1.0,False
2022,RA-539,1.0,2,-1.0,11,Feminino,2022,Pública,Ametista,7.665,5.0,7.5,9.3,8.5,6.9,,8.417,6.8,8.2,,Sem limitações,Não,Sim,,False,Moderada (-1 a -2),0,1.0,False
2022,RA-540,1.0,2,-1.0,10,Feminino,2019,Pública,Ametista,7.303,5.0,7.0,9.5,8.5,5.6,,7.5,6.8,7.2,,Sem limitações,Não,Não,Topázio,False,Moderada (-1 a -2),3,1.0,False
2022,RA-541,1.0,4,-3.0,14,Masculino,2022,Pública,Quartzo,5.427,2.5,2.5,7.8,10.0,6.9,,5.0,0.0,5.0,,Sem limitações,Não,Não,,False,Severa (≤ -3),0,1.0,False
2022,RA-542,1.0,2,-1.0,11,Feminino,2019,Pública,Ametista,7.221,5.0,6.5,9.8,8.0,6.3,,7.417,5.3,7.7,,Sem limitações,Não,Não,Ágata,False,Moderada (-1 a -2),3,1.0,False
2022,RA-543,1.0,2,-1.0,10,Feminino,2022,Pública,Ametista,7.05,5.0,6.5,9.8,8.5,4.4,,7.167,5.0,8.0,,Sem limitações,Não,Não,,False,Moderada (-1 a -2),0,1.0,False
2022,RA-544,1.0,2,-1.0,10,Masculino,2022,Pública,Ágata,6.307,5.0,3.3,9.7,9.5,5.6,,6.0,1.0,5.5,,Requer avaliação,Não,Não,,False,Moderada (-1 a -2),0,1.0,False
2022,RA-545,1.0,3,-2.0,13,Masculino,2018,Pública,Ágata,6.723,5.0,5.5,6.6,9.5,7.5,,7.5,4.3,6.7,,Sem limitações,Não,Não,Ágata,False,Moderada (-1 a -2),4,1.0,False
2022,RA-546,1.0,2,-1.0,11,Feminino,2021,Pública,Ágata,6.77,5.0,5.6,7.9,9.0,5.0,,7.917,3.3,7.8,,Não indicado,Não,Não,Quartzo,False,Moderada (-1 a -2),1,1.0,False
2022,RA-547,1.0,2,-1.0,11,Feminino,2019,Pública,Ametista,7.745,5.0,7.6,9.7,9.5,5.0,,8.833,7.3,7.8,,Não indicado,Não,Sim,Ágata,False,Moderada (-1 a -2),3,1.0,False
2022,RA-548,1.0,3,-2.0,12,Masculino,2019,Pública,Ametista,7.292,5.0,7.2,9.1,8.0,6.9,,7.583,5.7,8.7,,Sem limitações,Não,Não,Ametista,False,Moderada (-1 a -2),3,1.0,False
2022,RA-549,1.0,2,-1.0,10,Masculino,2021,Pública,Ágata,6.301,5.0,4.2,7.9,10.0,6.9,,6.167,2.2,6.2,,Sem limitações,Não,Não,Ametista,False,Moderada (-1 a -2),1,1.0,False
2022,RA-550,1.0,3,-2.0,12,Feminino,2022,Pública,Ágata,6.026,5.0,1.9,9.0,9.0,6.9,,6.25,2.0,1.8,,Sem limitações,Não,Não,,False,Moderada (-1 a -2),0,1.0,False
2022,RA-551,1.0,3,-2.0,12,Feminino,2018,Pública,Ágata,6.853,5.0,6.6,7.3,8.5,6.9,,7.333,5.0,8.2,,Sem limitações,Não,Não,Ametista,False,Moderada (-1 a -2),4,1.0,False
2022,RA-552,1.0,2,-1.0,11,Masculino,2022,Pública,Ágata,6.625,5.0,5.5,8.8,9.5,5.0,,7.167,6.0,5.0,,Não indicado,Não,Não,,False,Moderada (-1 a -2),0,1.0,False
2022,RA-553,1.0,2,-1.0,11,Feminino,2019,Pública,Ágata,6.39,5.0,3.3,6.9,9.5,6.9,,8.167,1.0,5.7,,Sem limitações,Não,Não,Ametista,False,Moderada (-1 a -2),3,1.0,False
2022,RA-554,1.0,3,-2.0,12,Masculino,2017,Pública,Quartzo,5.588,5.0,4.0,6.0,7.9,6.9,,5.75,1.7,6.3,,Sem limitações,Não,Não,Quartzo,False,Moderada (-1 a -2),5,1.0,False
2022,RA-555,1.0,3,-2.0,12,Masculino,2019,Pública,Quartzo,5.949,5.0,4.4,8.1,9.5,5.0,,5.167,1.8,7.0,,Não indicado,Não,Não,Ametista,False,Moderada (-1 a -2),3,1.0,False
2022,RA-556,1.0,2,-1.0,11,Feminino,2018,Pública,Ametista,7.181,5.0,6.4,8.8,9.0,5.0,,8.25,4.8,8.0,,Não indicado,Não,Não,Ametista,False,Moderada (-1 a -2),4,1.0,False
2022,RA-557,1.0,2,-1.0,10,Masculino,2019,Pública,Topázio,8.334,5.0,9.4,8.4,10.0,7.5,,9.333,10.0,8.8,,Sem limitações,Sim,Sim,Topázio,False,Moderada (-1 a -2),3,1.0,False
2022,RA-558,1.0,4,-3.0,14,Masculino,2022,Pública,Quartzo,5.539,2.5,4.3,8.5,9.0,5.0,,4.5,0.5,8.0,,Não indicado,Não,Não,,False,Severa (≤ -3),0,1.0,False
2022,RA-559,1.0,2,-1.0,11,Masculino,2021,Pública,Ametista,7.634,5.0,7.1,9.2,9.5,7.5,,8.083,7.2,7.0,,Sem limitações,Não,Não,Ametista,False,Moderada (-1 a -2),1,1.0,False
2022,RA-560,1.0,2,-1.0,11,Masculino,2020,Pública,Quartzo,4.949,5.0,3.8,7.2,6.9,5.0,,3.75,3.2,4.3,,Não indicado,Não,Não,Quartzo,False,Moderada (-1 a -2),2,1.0,False
2022,RA-561,1.0,2,-1.0,11,Masculino,2022,Pública,Ametista,7.856,5.0,7.4,9.0,9.0,7.5,,8.833,9.5,5.3,,Sem limitações,Sim,Sim,,False,Moderada (-1 a -2),0,1.0,False
2022,RA-562,1.0,2,-1.0,11,Feminino,2021,Pública,Ametista,7.855,5.0,8.0,9.0,8.0,7.5,,8.75,8.3,7.7,,Sem limitações,Não,Sim,Ametista,False,Moderada (-1 a -2),1,1.0,False
2022,RA-563,1.0,2,-1.0,11,Feminino,2020,Pública,Topázio,8.22,5.0,8.5,9.2,10.0,7.5,,8.833,9.0,8.0,,Sem limitações,Sim,Sim,Ametista,False,Moderada (-1 a -2),2,1.0,False
2022,RA-564,1.0,3,-2.0,13,Masculino,2019,Pública,Quartzo,4.972,5.0,2.3,3.8,9.5,5.0,,6.833,2.5,2.0,,Não indicado,Não,Não,Quartzo,False,Moderada (-1 a -2),3,1.0,False
2022,RA-565,1.0,3,-2.0,13,Masculino,2022,Pública,Quartzo,5.233,5.0,2.9,4.1,9.0,7.5,,5.917,4.0,1.8,,Sem limitações,Não,Não,,False,Moderada (-1 a -2),0,1.0,False
2022,RA-566,1.0,3,-2.0,12,Feminino,2022,Pública,Ametista,7.729,5.0,8.5,8.4,9.5,7.5,,7.917,9.5,7.5,,Sem limitações,Não,Não,,False,Moderada (-1 a -2),0,1.0,False
2022,RA-567,1.0,2,-1.0,11,Masculino,2019,Pública,Ágata,6.281,5.0,4.8,6.0,9.5,7.5,,6.833,4.3,5.2,,Sem limitações,Não,Não,Quartzo,False,Moderada (-1 a -2),3,1.0,False
2022,RA-568,1.0,4,-3.0,14,Masculino,2018,Pública,Ametista,7.306,2.5,8.3,8.6,8.0,6.9,,7.944,8.0,8.5,,Não atendido,Não,Não,Ametista,False,Severa (≤ -3),4,1.0,False
2022,RA-569,1.0,3,-2.0,12,Feminino,2020,Pública,Ametista,7.074,5.0,6.8,8.7,9.5,5.0,,7.333,6.3,7.3,,Requer avaliação,Não,Não,Ametista,False,Moderada (-1 a -2),2,1.0,False
2022,RA-570,1.0,2,-1.0,10,Feminino,2019,Pública,Quartzo,5.722,5.0,1.3,7.0,9.0,7.5,,6.778,0.7,2.0,,Não atendido,Não,Não,Ágata,False,Moderada (-1 a -2),3,1.0,False
2022,RA-571,1.0,2,-1.0,11,Feminino,2019,Pública,Ágata,6.589,5.0,3.7,8.8,8.5,7.5,,6.944,3.3,4.0,,Não atendido,Não,Não,Ametista,False,Moderada (-1 a -2),3,1.0,False
2022,RA-572,1.0,1,0.0,9,Masculino,2022,Pública,Ametista,7.48,10.0,6.8,8.0,8.5,7.5,,6.833,4.5,9.0,,Não atendido,Não,Não,,False,Adequado (≥ 0),0,0.0,False
2022,RA-573,1.0,2,-1.0,11,Masculino,2020,Pública,Topázio,8.261,5.0,8.2,9.9,9.5,7.5,,8.944,8.3,8.0,,Não atendido,Sim,Sim,Topázio,False,Moderada (-1 a -2),2,1.0,False
2022,RA-574,1.0,2,-1.0,10,Masculino,2022,Pública,Ágata,6.86,5.0,7.5,7.2,9.5,5.0,,6.944,5.5,9.5,,Requer avaliação,Não,Não,,False,Moderada (-1 a -2),0,1.0,False
2022,RA-575,1.0,3,-2.0,12,Masculino,2019,Pública,Quartzo,5.889,5.0,2.8,6.1,8.0,7.5,,7.0,2.7,3.0,,Não atendido,Não,Não,Ametista,False,Moderada (-1 a -2),3,1.0,False
2022,RA-576,1.0,2,-1.0,10,Feminino,2022,Pública,Ametista,7.59,5.0,7.8,9.1,9.5,7.5,,7.111,7.5,8.0,,Não atendido,Não,Não,,False,Moderada (-1 a -2),0,1.0,False
2022,RA-577,1.0,2,-1.0,10,Feminino,2022,Pública,Ametista,7.862,5.0,9.0,9.3,9.5,7.5,,7.111,8.3,9.7,,Não atendido,Não,Não,,False,Moderada (-1 a -2),0,1.0,False
2022,RA-578,1.0,2,-1.0,10,Masculino,2019,Pública,Topázio,8.814,5.0,9.5,10.0,9.5,8.8,,9.611,9.3,9.7,,Sem limitações,Sim,Sim,Topázio,False,Moderada (-1 a -2),3,1.0,False
2022,RA-579,1.0,2,-1.0,10,Feminino,2022,Pública,Ágata,6.067,5.0,3.8,5.8,8.5,7.5,,7.222,0.0,7.5,,Não atendido,Não,Não,,False,Moderada (-1 a -2),0,1.0,False
2022,RA-580,1.0,2,-1.0,10,Feminino,2020,Pública,Ametista,7.525,5.0,7.6,9.6,8.0,7.5,,7.167,6.3,8.8,,Não atendido,Não,Não,Ametista,False,Moderada (-1 a -2),2,1.0,False
2022,RA-581,1.0,2,-1.0,10,Masculino,2019,Pública,Ágata,6.464,5.0,5.0,8.9,7.5,7.5,,5.889,5.3,4.7,,Não atendido,Não,Não,Ametista,False,Moderada (-1 a -2),3,1.0,False
2022,RA-582,1.0,2,-1.0,10,Feminino,2022,Pública,Ametista,7.064,5.0,4.9,9.0,10.0,7.5,,7.222,4.3,5.5,,Não atendido,Não,Não,,False,Moderada (-1 a -2),0,1.0,False
2022,RA-583,1.0,3,-2.0,12,Feminino,2019,Pública,Ametista,7.456,5.0,7.1,9.4,8.5,7.5,,7.333,6.2,8.0,,Não atendido,Não,Não,Ametista,False,Moderada (-1 a -2),3,1.0,False
2022,RA-584,1.0,2,-1.0,10,Feminino,2019,Pública,Ágata,6.714,5.0,4.6,8.5,8.0,7.5,,7.333,4.5,4.7,,Não atendido,Não,Não,Ametista,False,Moderada (-1 a -2),3,1.0,False
2022,RA-585,1.0,1,0.0,9,Feminino,2020,Pública,Ametista,7.398,10.0,5.0,9.1,8.5,7.5,,6.889,3.7,6.3,,Não atendido,Não,Não,Topázio,False,Adequado (≥ 0),2,0.0,False
2022,RA-586,1.0,2,-1.0,10,Feminino,2021,Privada / bolsa,Ametista,7.988,5.0,8.2,9.6,10.0,5.6,,8.778,8.2,8.2,,Requer avaliação,Não,Sim,Topázio,False,Moderada (-1 a -2),1,1.0,False
2022,RA-587,1.0,2,-1.0,10,Masculino,2022,Pública,Ágata,6.632,5.0,3.8,9.3,9.5,7.5,,6.167,1.0,6.5,,Não atendido,Não,Não,,False,Moderada (-1 a -2),0,1.0,False
2022,RA-588,1.0,1,0.0,9,Feminino,2021,Privada / bolsa,Topázio,8.622,10.0,9.3,10.0,9.5,5.6,,8.278,9.3,9.2,,Sem limitações,Não,Não,Topázio,False,Adequado (≥ 0),1,0.0,False
2022,RA-589,1.0,1,0.0,9,Feminino,2022,Pública,Ametista,7.744,10.0,5.8,9.4,9.5,7.5,,7.056,3.0,8.5,,Não atendido,Não,Não,,False,Adequado (≥ 0),0,0.0,False
2022,RA-590,1.0,2,-1.0,10,Feminino,2020,Pública,Ametista,7.435,5.0,7.4,8.6,8.5,7.5,,7.611,5.7,9.2,,Não atendido,Não,Não,Ágata,False,Moderada (-1 a -2),2,1.0,False
2022,RA-591,1.0,2,-1.0,11,Masculino,2021,Pública,Ametista,7.507,5.0,7.1,9.3,9.5,7.5,,7.389,7.8,6.3,,Não atendido,Não,Não,Ametista,False,Moderada (-1 a -2),1,1.0,False
2022,RA-592,1.0,2,-1.0,10,Feminino,2020,Pública,Ametista,7.381,5.0,8.4,8.5,8.0,5.6,,7.778,7.2,9.7,,Requer avaliação,Não,Não,Ametista,False,Moderada (-1 a -2),2,1.0,False
2022,RA-593,1.0,2,-1.0,10,Feminino,2021,Pública,Ágata,6.254,5.0,4.6,7.4,7.5,7.5,,6.278,3.0,6.2,,Não atendido,Não,Não,Topázio,False,Moderada (-1 a -2),1,1.0,False
2022,RA-594,1.0,2,-1.0,10,Masculino,2022,Pública,Ametista,7.392,5.0,7.8,9.4,8.0,7.5,,6.889,6.0,9.5,,Não atendido,Não,Não,,False,Moderada (-1 a -2),0,1.0,False
2022,RA-595,1.0,3,-2.0,12,Masculino,2018,Pública,Quartzo,5.18,5.0,1.0,5.5,8.5,7.5,,6.0,2.0,0.0,,Não atendido,Não,Não,Ametista,False,Moderada (-1 a -2),4,1.0,False
2022,RA-596,1.0,1,0.0,9,Feminino,2021,Pública,Topázio,8.971,10.0,9.3,10.0,9.5,7.5,,9.0,8.8,9.8,,Sem limitações,Sim,Sim,Topázio,False,Adequado (≥ 0),1,0.0,False
2022,RA-597,1.0,1,0.0,9,Masculino,2022,Pública,Topázio,8.265,10.0,8.0,10.0,9.0,7.5,,7.056,6.5,9.5,,Sem limitações,Não,Não,,False,Adequado (≥ 0),0,0.0,False
2022,RA-598,1.0,2,-1.0,11,Feminino,2022,Pública,Ágata,6.35,5.0,3.7,7.2,9.5,7.5,,6.944,4.7,2.7,,Sem limitações,Não,Não,,False,Moderada (-1 a -2),0,1.0,False
2022,RA-599,1.0,2,-1.0,10,Masculino,2022,Pública,Topázio,8.2,5.0,9.1,9.2,9.5,7.5,,8.556,8.3,9.8,,Sem limitações,Sim,Sim,,False,Moderada (-1 a -2),0,1.0,False
2022,RA-600,1.0,1,0.0,9,Feminino,2021,Pública,Ágata,7.011,10.0,3.9,8.4,8.5,7.5,,6.833,2.8,5.0,,Sem limitações,Não,Não,Ametista,False,Adequado (≥ 0),1,0.0,False
2022,RA-601,1.0,0,1.0,8,Masculino,2021,Pública,Ametista,7.713,10.0,5.7,9.7,9.0,7.5,,7.167,5.3,6.0,,Sem limitações,Não,Não,Topázio,False,Adequado (≥ 0),1,0.0,False
2022,RA-602,1.0,2,-1.0,11,Masculino,2019,Pública,Ametista,8.041,5.0,8.6,9.7,10.0,7.5,,7.667,8.3,8.8,,Sem limitações,Sim,Não,Ametista,False,Moderada (-1 a -2),3,1.0,False
2022,RA-603,1.0,2,-1.0,11,Feminino,2022,Pública,Ametista,7.78,5.0,7.5,9.5,9.0,7.5,,8.0,6.7,8.3,,Sem limitações,Não,Não,,False,Moderada (-1 a -2),0,1.0,False
2022,RA-604,1.0,2,-1.0,10,Feminino,2021,Pública,Ametista,8.018,5.0,8.8,9.0,9.0,7.5,,8.333,8.0,9.7,,Sem limitações,Sim,Não,Ametista,False,Moderada (-1 a -2),1,1.0,False
2022,RA-605,1.0,3,-2.0,12,Feminino,2021,Pública,Ametista,7.276,5.0,7.1,9.3,6.9,6.9,,7.556,6.2,8.0,,Sem limitações,Não,Não,Ametista,False,Moderada (-1 a -2),1,1.0,False
2022,RA-606,1.0,2,-1.0,10,Masculino,2022,Pública,Ágata,6.127,5.0,1.8,9.0,9.5,7.5,,6.111,2.0,1.5,,Sem limitações,Não,Não,,False,Moderada (-1 a -2),0,1.0,False
2022,RA-607,1.0,2,-1.0,10,Masculino,2022,Pública,Ágata,6.44,5.0,4.0,8.1,6.8,7.5,,7.444,3.0,5.0,,Sem limitações,Não,Não,,False,Moderada (-1 a -2),0,1.0,False
2022,RA-608,1.0,2,-1.0,10,Masculino,2022,Pública,Ametista,7.216,5.0,6.3,9.6,7.8,7.5,,7.222,3.0,9.5,,Sem limitações,Não,Não,,False,Moderada (-1 a -2),0,1.0,False
2022,RA-609,1.0,2,-1.0,11,Masculino,2019,Pública,Ágata,6.794,5.0,6.0,7.6,8.5,7.5,,7.056,6.5,5.5,,Sem limitações,Não,Não,Ágata,False,Moderada (-1 a -2),3,1.0,False
2022,RA-610,1.0,1,0.0,9,Feminino,2022,Pública,Topázio,8.18,10.0,6.5,9.6,9.0,7.5,,8.5,6.0,7.0,,Sem limitações,Não,Sim,,False,Adequado (≥ 0),0,0.0,False
2022,RA-611,1.0,3,-2.0,12,Masculino,2021,Pública,Ametista,7.756,5.0,9.5,7.6,9.5,7.5,,7.556,10.0,9.0,,Não atendido,Sim,Não,Ametista,False,Moderada (-1 a -2),1,1.0,False
2022,RA-612,1.0,2,-1.0,10,Feminino,2021,Pública,Ametista,7.594,5.0,7.9,9.2,9.0,7.5,,7.167,9.7,6.2,,Não atendido,Não,Não,Topázio,False,Moderada (-1 a -2),1,1.0,False
2022,RA-613,1.0,3,-2.0,13,Masculino,2020,Pública,Topázio,8.121,5.0,9.2,9.2,9.0,7.5,,8.556,9.2,9.2,,Não atendido,Sim,Sim,Ametista,False,Moderada (-1 a -2),2,1.0,False
2022,RA-614,1.0,3,-2.0,12,Masculino,2021,Pública,Topázio,8.339,5.0,9.6,9.7,9.5,7.5,,8.278,9.8,9.3,,Não atendido,Sim,Não,Topázio,False,Moderada (-1 a -2),1,1.0,False
2022,RA-615,1.0,1,0.0,9,Feminino,2020,Pública,Topázio,8.086,10.0,7.3,9.7,9.5,7.5,,6.889,7.8,6.7,,Não atendido,Não,Não,Topázio,False,Adequado (≥ 0),2,0.0,False
2022,RA-616,1.0,3,-2.0,12,Masculino,2019,Pública,Ametista,7.303,5.0,8.8,7.4,7.4,7.5,,7.278,9.2,8.5,,Não atendido,Não,Não,Ametista,False,Moderada (-1 a -2),3,1.0,False
2022,RA-617,1.0,2,-1.0,11,Feminino,2021,Pública,Ametista,7.107,5.0,6.3,8.9,8.5,7.5,,6.778,4.5,8.0,,Não atendido,Não,Não,Ametista,False,Moderada (-1 a -2),1,1.0,False
2022,RA-618,1.0,3,-2.0,13,Masculino,2020,Pública,Ametista,7.18,5.0,6.7,8.3,8.9,7.5,,7.333,6.8,6.5,,Não atendido,Não,Não,Ametista,False,Moderada (-1 a -2),2,1.0,False
2022,RA-619,1.0,2,-1.0,11,Feminino,2021,Pública,Ametista,7.693,5.0,9.0,8.0,9.5,7.5,,7.333,9.2,8.8,,Não atendido,Não,Não,Ametista,False,Moderada (-1 a -2),1,1.0,False
2022,RA-620,1.0,3,-2.0,12,Masculino,2021,Pública,Ágata,6.018,5.0,6.8,7.5,0.0,7.5,,6.833,8.5,5.0,,Não atendido,Não,Não,Ametista,False,Moderada (-1 a -2),1,1.0,False
2022,RA-621,1.0,2,-1.0,10,Masculino,2020,Pública,Ametista,7.448,5.0,7.5,7.7,9.5,7.5,,8.222,6.8,8.2,,Não atendido,Não,Não,Topázio,False,Moderada (-1 a -2),2,1.0,False
2022,RA-622,1.0,3,-2.0,12,Feminino,2019,Pública,Quartzo,4.934,5.0,3.8,3.8,3.5,7.5,,6.0,4.8,2.7,,Não atendido,Não,Não,Quartzo,False,Moderada (-1 a -2),3,1.0,False
2022,RA-623,1.0,3,-2.0,13,Masculino,2022,Pública,Ametista,7.524,5.0,8.3,9.0,7.5,7.5,,7.389,9.3,7.2,,Não atendido,Não,Não,,False,Moderada (-1 a -2),0,1.0,False
2022,RA-624,1.0,2,-1.0,10,Masculino,2022,Pública,Ametista,7.425,5.0,6.8,8.9,9.0,7.5,,7.722,8.0,5.5,,Não atendido,Não,Não,,False,Moderada (-1 a -2),0,1.0,False
2022,RA-625,1.0,2,-1.0,11,Masculino,2022,Pública,Ametista,7.483,5.0,7.8,9.2,8.0,7.5,,7.333,8.5,7.0,,Não atendido,Não,Não,,False,Moderada (-1 a -2),0,1.0,False
2022,RA-626,1.0,2,-1.0,11,Masculino,2021,Pública,Quartzo,5.818,5.0,1.3,7.6,7.4,7.5,,7.278,2.5,0.0,,Não atendido,Não,Não,Ágata,False,Moderada (-1 a -2),1,1.0,False
2022,RA-627,1.0,2,-1.0,10,Feminino,2022,Pública,Ágata,6.621,5.0,6.5,6.7,7.0,7.5,,7.0,6.2,6.8,,Não atendido,Não,Não,,False,Moderada (-1 a -2),0,1.0,False
2022,RA-628,1.0,2,-1.0,11,Masculino,2022,Pública,Ametista,7.577,5.0,9.2,7.6,9.5,7.5,,7.333,9.3,9.0,,Não atendido,Não,Não,,False,Moderada (-1 a -2),0,1.0,False
2022,RA-629,1.0,1,0.0,9,Masculino,2022,Pública,Topázio,8.11,10.0,7.0,10.0,9.0,7.5,,7.278,5.0,9.0,,Não atendido,Não,Não,,False,Adequado (≥ 0),0,0.0,False
2022,RA-630,1.0,1,0.0,9,Masculino,2022,Pública,Topázio,8.064,10.0,7.3,9.2,9.5,7.5,,7.278,6.5,8.0,,Não atendido,Não,Não,,False,Adequado (≥ 0),0,0.0,False
2022,RA-631,1.0,3,-2.0,12,Masculino,2022,Pública,Ágata,6.928,5.0,7.0,6.8,8.5,7.5,,7.222,7.3,6.7,,Não atendido,Não,Não,,False,Moderada (-1 a -2),0,1.0,False
2022,RA-632,1.0,2,-1.0,10,Feminino,2022,Pública,Ágata,6.996,5.0,6.3,9.3,8.5,6.9,,6.722,5.5,7.2,,Sem limitações,Não,Não,,False,Moderada (-1 a -2),0,1.0,False
2022,RA-633,1.0,2,-1.0,11,Feminino,2020,Pública,Ametista,7.476,5.0,7.7,8.9,7.3,7.5,,7.833,6.8,8.5,,Não atendido,Não,Não,Ágata,False,Moderada (-1 a -2),2,1.0,False
2022,RA-634,1.0,2,-1.0,11,Feminino,2022,Pública,Ametista,7.619,5.0,6.5,9.4,9.5,7.5,,8.222,8.0,5.0,,Não atendido,Não,Não,,False,Moderada (-1 a -2),0,1.0,False
2022,RA-635,1.0,2,-1.0,10,Masculino,2022,Pública,Quartzo,5.313,5.0,1.5,4.9,10.0,6.9,,6.444,0.5,2.5,,Requer avaliação,Não,Não,,False,Moderada (-1 a -2),0,1.0,False
2022,RA-636,1.0,2,-1.0,10,Masculino,2022,Pública,Ametista,7.189,5.0,7.3,8.0,8.5,6.9,,7.389,7.3,7.3,,Requer avaliação,Sim,Não,,False,Moderada (-1 a -2),0,1.0,False
2022,RA-637,1.0,2,-1.0,10,Feminino,2021,Pública,Ametista,7.039,5.0,5.8,9.0,8.5,7.5,,7.0,4.8,6.8,,Não atendido,Não,Não,Topázio,False,Moderada (-1 a -2),1,1.0,False
2022,RA-638,1.0,1,0.0,9,Feminino,2020,Pública,Ametista,7.059,10.0,3.9,9.3,8.5,7.5,,6.278,2.0,5.8,,Não atendido,Não,Não,Ametista,False,Adequado (≥ 0),2,0.0,False
2022,RA-639,1.0,2,-1.0,10,Feminino,2021,Pública,Ágata,6.613,5.0,5.5,7.4,8.5,7.5,,6.611,3.2,7.8,,Não atendido,Não,Não,Ametista,False,Moderada (-1 a -2),1,1.0,False
2022,RA-640,1.0,2,-1.0,11,Feminino,2022,Pública,Ágata,6.73,5.0,4.8,8.4,9.0,7.5,,6.778,2.5,7.0,,Não atendido,Não,Não,,False,Moderada (-1 a -2),0,1.0,False
2022,RA-641,1.0,1,0.0,9,Feminino,2022,Pública,Ametista,7.776,10.0,6.5,9.3,9.0,7.5,,6.778,4.5,8.5,,Não atendido,Não,Não,,False,Adequado (≥ 0),0,0.0,False
2022,RA-642,1.0,2,-1.0,10,Feminino,2021,Pública,Ametista,7.75,5.0,7.3,9.7,10.0,6.9,,7.778,7.0,7.7,,Sem limitações,Não,Não,Topázio,False,Moderada (-1 a -2),1,1.0,False
2022,RA-643,1.0,2,-1.0,10,Masculino,2022,Pública,Ágata,6.763,5.0,6.2,8.0,9.0,7.5,,6.722,6.3,6.0,,Não atendido,Não,Não,,False,Moderada (-1 a -2),0,1.0,False
2022,RA-644,1.0,2,-1.0,11,Feminino,2021,Pública,Ametista,7.83,5.0,8.8,8.0,9.5,7.5,,8.278,9.7,8.0,,Não atendido,Sim,Não,Ametista,False,Moderada (-1 a -2),1,1.0,False
2022,RA-645,1.0,2,-1.0,10,Feminino,2022,Pública,Ágata,6.086,5.0,2.0,8.1,8.5,7.5,,6.833,4.0,0.0,,Requer avaliação,Não,Não,,False,Moderada (-1 a -2),0,1.0,False
2022,RA-646,1.0,3,-2.0,13,Masculino,2019,Pública,Topázio,8.181,5.0,8.4,9.8,8.5,8.1,,8.389,8.8,8.0,,Não atendido,Sim,Sim,Ametista,False,Moderada (-1 a -2),3,1.0,False
2022,RA-647,1.0,2,-1.0,10,Masculino,2022,Pública,Ágata,6.606,5.0,3.3,8.6,9.5,7.5,,7.278,1.5,5.2,,Não atendido,Não,Não,,False,Moderada (-1 a -2),0,1.0,False
2022,RA-648,1.0,3,-2.0,12,Masculino,2019,Pública,Ágata,6.736,5.0,5.3,7.5,9.0,6.9,,7.5,5.0,5.5,,Sem limitações,Não,Não,Ametista,False,Moderada (-1 a -2),3,1.0,False
2022,RA-649,1.0,3,-2.0,12,Feminino,2019,Pública,Ametista,7.302,5.0,7.4,8.9,8.5,5.6,,7.611,6.3,8.5,,Requer avaliação,Não,Não,Ametista,False,Moderada (-1 a -2),3,1.0,False
2022,RA-650,1.0,2,-1.0,11,Feminino,2021,Pública,Ágata,7.004,5.0,6.9,8.7,6.9,5.6,,7.5,5.5,8.3,,Sem limitações,Não,Não,Ametista,False,Moderada (-1 a -2),1,1.0,False
2022,RA-651,1.0,2,-1.0,10,Feminino,2022,Pública,Ametista,7.866,5.0,7.8,9.3,8.5,7.5,,8.333,7.7,7.8,,Não atendido,Sim,Não,,False,Moderada (-1 a -2),0,1.0,False
2022,RA-652,1.0,1,0.0,9,Feminino,2022,Pública,Topázio,8.151,10.0,7.8,9.6,8.0,7.5,,7.5,7.0,8.5,,Não atendido,Não,Não,,False,Adequado (≥ 0),0,0.0,False
2022,RA-653,1.0,2,-1.0,11,Feminino,2022,Pública,Topázio,8.101,5.0,9.3,9.6,9.5,7.5,,7.5,9.5,9.0,,Não atendido,Não,Não,,False,Moderada (-1 a -2),0,1.0,False
2022,RA-654,1.0,3,-2.0,12,Feminino,2022,Pública,Ametista,7.308,5.0,6.8,8.6,8.5,7.5,,7.556,5.5,8.0,,Não atendido,Não,Não,,False,Moderada (-1 a -2),0,1.0,False
2022,RA-655,1.0,3,-2.0,12,Feminino,2019,Pública,Ametista,7.785,5.0,8.3,9.2,7.5,7.5,,8.389,8.3,8.2,,Não atendido,Sim,Sim,Ametista,False,Moderada (-1 a -2),3,1.0,False
2022,RA-656,1.0,2,-1.0,11,Feminino,2020,Pública,Ágata,6.652,5.0,6.3,7.5,7.4,5.6,,7.5,5.0,7.5,,Requer avaliação,Não,Não,Ametista,False,Moderada (-1 a -2),2,1.0,False
2022,RA-657,1.0,3,-2.0,12,Feminino,2021,Pública,Topázio,8.093,5.0,9.0,9.8,9.5,7.5,,7.5,9.0,9.0,,Não atendido,Não,Não,Ametista,False,Moderada (-1 a -2),1,1.0,False
2022,RA-658,1.0,2,-1.0,10,Feminino,2022,Pública,Ametista,7.407,5.0,5.6,9.3,10.0,7.5,,7.917,4.7,6.5,,Não atendido,Não,Não,,False,Moderada (-1 a -2),0,1.0,False
2022,RA-659,1.0,2,-1.0,10,Feminino,2022,Pública,Ametista,7.783,5.0,9.3,7.8,8.0,7.5,,8.333,9.5,9.0,,Não atendido,Não,Não,,False,Moderada (-1 a -2),0,1.0,False
2022,RA-660,1.0,1,0.0,9,Feminino,2021,Pública,Topázio,8.363,10.0,6.9,9.0,9.5,7.5,,9.083,5.8,8.0,,Não atendido,Não,Sim,Topázio,False,Adequado (≥ 0),1,0.0,False
2022,RA-661,1.0,2,-1.0,11,Masculino,2022,Pública,Ametista,7.593,5.0,7.8,8.3,9.0,7.5,,7.917,8.3,7.3,,Não atendido,Não,Não,,False,Moderada (-1 a -2),0,1.0,False
2022,RA-662,1.0,2,-1.0,11,Feminino,2022,Pública,Ametista,7.044,5.0,6.8,8.8,9.0,7.5,,6.083,5.7,7.8,,Não atendido,Não,Não,,False,Moderada (-1 a -2),0,1.0,False
2022,RA-663,1.0,2,-1.0,10,Masculino,2022,Pública,Ágata,6.376,5.0,5.8,8.7,6.9,7.5,,5.25,5.0,6.5,,Não atendido,Não,Não,,False,Moderada (-1 a -2),0,1.0,False
2022,RA-664,1.0,2,-1.0,10,Feminino,2022,Pública,Ametista,7.277,5.0,6.3,8.8,9.5,7.5,,7.167,5.0,7.5,,Não atendido,Não,Não,,False,Moderada (-1 a -2),0,1.0,False
2022,RA-665,1.0,2,-1.0,11,Feminino,2022,Pública,Ágata,6.996,5.0,6.8,7.4,9.0,7.5,,7.25,6.5,7.0,,Não atendido,Não,Não,,False,Moderada (-1 a -2),0,1.0,False
2022,RA-666,1.0,2,-1.0,10,Masculino,2022,Pública,Ametista,7.929,5.0,7.8,9.1,9.5,7.5,,8.833,8.0,7.5,,Não atendido,Não,Sim,,False,Moderada (-1 a -2),0,1.0,False
2022,RA-667,1.0,2,-1.0,11,Masculino,2021,Pública,Quartzo,5.844,5.0,4.5,5.6,8.5,7.5,,5.833,3.7,5.3,,Não atendido,Não,Não,Ametista,False,Moderada (-1 a -2),1,1.0,False
2022,RA-668,1.0,2,-1.0,11,Masculino,2022,Pública,Quartzo,4.365,5.0,2.8,3.3,6.9,7.5,,3.75,2.8,2.8,,Não atendido,Não,Não,,False,Moderada (-1 a -2),0,1.0,False
2022,RA-669,1.0,2,-1.0,11,Masculino,2022,Pública,Ametista,7.475,5.0,6.0,9.7,9.0,7.5,,7.833,5.0,7.0,,Não atendido,Não,Não,,False,Moderada (-1 a -2),0,1.0,False
2022,RA-670,1.0,2,-1.0,10,Feminino,2022,Pública,Ametista,7.451,5.0,6.9,8.8,8.0,7.5,,8.167,6.5,7.3,,Não atendido,Não,Não,,False,Moderada (-1 a -2),0,1.0,False
2022,RA-671,0.0,1,-1.0,9,Masculino,2021,Pública,Ametista,7.617,5.0,8.8,8.2,8.5,8.1,,7.417,8.8,8.8,,Sem limitações,Não,Não,Ametista,False,Moderada (-1 a -2),1,1.0,False
2022,RA-672,0.0,1,-1.0,9,Feminino,2021,Pública,Ametista,7.48,5.0,8.8,8.5,8.5,8.1,,6.75,8.5,9.1,,Não atendido,Não,Não,Ametista,False,Moderada (-1 a -2),1,1.0,False
2022,RA-673,0.0,0,0.0,8,Feminino,2022,Pública,Topázio,8.65,10.0,9.2,9.2,8.5,8.1,,8.583,9.4,8.9,,Não atendido,Sim,Sim,,False,Adequado (≥ 0),0,0.0,False
2022,RA-674,0.0,0,0.0,8,Masculino,2022,Pública,Ametista,7.862,10.0,8.0,8.7,9.5,8.1,,6.333,8.9,7.0,,Sem limitações,Não,Não,,False,Adequado (≥ 0),0,0.0,False
2022,RA-675,0.0,0,0.0,8,Masculino,2022,Pública,Ametista,7.576,10.0,7.4,6.6,10.0,8.1,,7.083,8.8,5.9,,Não atendido,Sim,Não,,False,Adequado (≥ 0),0,0.0,False
2022,RA-676,0.0,1,-1.0,9,Masculino,2021,Pública,Ametista,7.911,5.0,9.3,8.6,8.5,8.1,,8.167,9.5,9.1,,Não atendido,Sim,Não,Topázio,False,Moderada (-1 a -2),1,1.0,False
2022,RA-677,0.0,0,0.0,8,Feminino,2021,Pública,Topázio,8.358,10.0,7.3,9.4,10.0,7.5,,8.583,7.7,6.8,,Não atendido,Não,Sim,Ametista,False,Adequado (≥ 0),1,0.0,False
2022,RA-678,0.0,1,-1.0,9,Masculino,2022,Pública,Ametista,8.0,5.0,7.3,10.0,9.0,6.9,,9.5,7.5,7.0,,Sem limitações,Não,Sim,,False,Moderada (-1 a -2),0,1.0,False
2022,RA-679,0.0,2,-2.0,10,Masculino,2020,Pública,Ametista,7.172,5.0,6.3,8.2,9.0,7.5,,7.833,6.7,5.8,,Sem limitações,Não,Não,Ametista,False,Moderada (-1 a -2),2,1.0,False
2022,RA-680,0.0,2,-2.0,10,Feminino,2019,Pública,Ametista,7.518,5.0,7.4,8.8,9.5,7.5,,7.75,8.0,6.8,,Não atendido,Não,Não,Ametista,False,Moderada (-1 a -2),3,1.0,False
2022,RA-681,0.0,2,-2.0,10,Masculino,2022,Pública,Ametista,7.204,5.0,6.5,8.5,8.5,6.9,,8.0,6.5,6.5,,Requer avaliação,Não,Não,,False,Moderada (-1 a -2),0,1.0,False
2022,RA-682,0.0,2,-2.0,11,Masculino,2022,Pública,Ametista,7.625,5.0,7.0,9.1,9.5,7.5,,8.083,7.0,7.0,,Não atendido,Não,Não,,False,Moderada (-1 a -2),0,1.0,False
2022,RA-683,0.0,2,-2.0,10,Masculino,2022,Pública,Ágata,6.011,5.0,4.0,5.0,7.9,7.5,,8.083,8.0,0.0,,Não atendido,Não,Não,,False,Moderada (-1 a -2),0,1.0,False
2022,RA-684,0.0,0,0.0,7,Masculino,2022,Pública,Topázio,8.26,10.0,9.3,7.5,9.5,8.1,,7.917,9.0,9.6,,Não atendido,Não,Não,,False,Adequado (≥ 0),0,0.0,False
2022,RA-685,0.0,1,-1.0,9,Masculino,2022,Pública,Ágata,6.864,5.0,8.0,6.2,9.0,5.0,,7.833,8.0,8.0,,Não indicado,Não,Não,,False,Moderada (-1 a -2),0,1.0,False
2022,RA-686,0.0,1,-1.0,9,Feminino,2022,Pública,Ametista,7.729,5.0,8.8,8.6,7.5,8.1,,8.083,9.2,8.5,,Sem limitações,Não,Não,,False,Moderada (-1 a -2),0,1.0,False
2022,RA-687,0.0,1,-1.0,9,Masculino,2022,Pública,Ametista,7.703,5.0,8.3,9.0,8.5,8.1,,8.0,9.0,7.5,,Sem limitações,Não,Não,,False,Moderada (-1 a -2),0,1.0,False
2022,RA-688,0.0,1,-1.0,9,Masculino,2022,Pública,Ametista,7.771,5.0,7.9,9.7,8.5,7.5,,7.917,8.0,7.8,,Sem limitações,Não,Não,,False,Moderada (-1 a -2),0,1.0,False
2022,RA-689,0.0,1,-1.0,9,Feminino,2022,Pública,Ágata,6.433,5.0,5.8,7.9,7.4,5.6,,6.667,6.0,5.5,,Requer avaliação,Não,Não,,False,Moderada (-1 a -2),0,1.0,False
2022,RA-690,0.0,1,-1.0,9,Feminino,2022,Pública,Ametista,7.541,5.0,7.0,9.5,9.5,7.5,,7.417,7.2,6.8,,Requer avaliação,Não,Não,,False,Moderada (-1 a -2),0,1.0,False
2022,RA-691,0.0,0,0.0,8,Feminino,2022,Pública,Topázio,8.68,10.0,9.4,9.2,10.0,8.1,,7.917,9.6,9.3,,Sem limitações,Não,Não,,False,Adequado (≥ 0),0,0.0,False
2022,RA-692,0.0,1,-1.0,9,Feminino,2021,Pública,Ametista,7.569,5.0,6.9,8.9,9.5,8.1,,7.917,7.0,6.8,,Sem limitações,Não,Não,Ametista,False,Moderada (-1 a -2),1,1.0,False
2022,RA-693,0.0,0,0.0,7,Feminino,2022,Pública,Ametista,7.944,10.0,5.7,9.8,9.5,8.1,,7.667,5.0,6.3,,Sem limitações,Não,Não,,False,Adequado (≥ 0),0,0.0,False
2022,RA-694,0.0,0,0.0,8,Masculino,2022,Pública,Topázio,8.378,10.0,8.1,9.0,10.0,8.1,,7.917,8.2,8.0,,Sem limitações,Não,Não,,False,Adequado (≥ 0),0,0.0,False
2022,RA-695,0.0,0,0.0,8,Feminino,2021,Pública,Quartzo,4.28,10.0,2.5,3.1,9.0,7.5,,2.5,2.2,2.8,,Sem limitações,Não,Não,Ágata,False,Adequado (≥ 0),1,0.0,False
2022,RA-696,0.0,1,-1.0,9,Feminino,2021,Pública,Ametista,7.441,5.0,6.6,9.0,8.5,7.5,,8.167,6.5,6.7,,Sem limitações,Não,Não,Ametista,False,Moderada (-1 a -2),1,1.0,False
2022,RA-697,0.0,2,-2.0,11,Masculino,2021,Pública,Ametista,7.675,5.0,8.4,9.3,7.0,7.5,,8.083,8.8,8.0,,Sem limitações,Não,Não,Ametista,False,Moderada (-1 a -2),1,1.0,False
2022,RA-698,0.0,1,-1.0,9,Masculino,2021,Pública,Ametista,7.44,5.0,8.1,9.8,9.0,2.5,,8.083,8.0,8.2,,Requer avaliação,Não,Não,Ametista,False,Moderada (-1 a -2),1,1.0,False
2022,RA-699,0.0,1,-1.0,9,Masculino,2022,Pública,Ágata,6.658,5.0,7.1,9.2,5.2,7.5,,6.0,7.5,6.7,,Sem limitações,Não,Não,,False,Moderada (-1 a -2),0,1.0,False
2022,RA-700,0.0,1,-1.0,9,Feminino,2022,Pública,Ametista,7.738,5.0,9.2,8.7,9.0,7.5,,7.083,9.2,9.2,,Não atendido,Não,Não,,False,Moderada (-1 a -2),0,1.0,False
2022,RA-701,0.0,2,-2.0,10,Masculino,2021,Pública,Ametista,7.755,5.0,8.7,9.3,9.0,7.5,,7.417,8.7,8.7,,Não indicado,Não,Não,Ametista,False,Moderada (-1 a -2),1,1.0,False
2022,RA-702,0.0,0,0.0,8,Feminino,2022,Pública,Ametista,7.387,10.0,6.8,8.6,10.0,5.0,,7.0,7.0,6.7,,Não indicado,Não,Não,,False,Adequado (≥ 0),0,0.0,False
2022,RA-703,0.0,2,-2.0,10,Masculino,2021,Pública,Ágata,6.099,5.0,5.1,7.4,7.5,5.0,,6.833,5.3,4.8,,Não indicado,Não,Não,Quartzo,False,Moderada (-1 a -2),1,1.0,False
2022,RA-704,0.0,2,-2.0,10,Masculino,2022,Pública,Ágata,6.741,5.0,7.2,8.6,9.0,5.0,,6.583,7.7,6.6,,Não atendido,Não,Não,,False,Moderada (-1 a -2),0,1.0,False
2022,RA-705,0.0,2,-2.0,10,Masculino,2022,Pública,Ágata,6.634,5.0,7.1,6.2,9.5,7.5,,6.333,7.0,7.2,,Não atendido,Não,Não,,False,Moderada (-1 a -2),0,1.0,False
2022,RA-706,0.0,2,-2.0,10,Feminino,2021,Pública,Ametista,7.659,5.0,9.1,6.7,9.5,7.5,,8.417,9.1,9.1,,Não atendido,Não,Sim,Ágata,False,Moderada (-1 a -2),1,1.0,False
2022,RA-707,0.0,2,-2.0,10,Feminino,2020,Pública,Ametista,7.679,5.0,8.5,8.1,10.0,6.9,,8.083,8.8,8.2,,Não atendido,Não,Não,Ágata,False,Moderada (-1 a -2),2,1.0,False
2022,RA-708,0.0,1,-1.0,9,Masculino,2022,Pública,Ametista,7.282,5.0,7.3,8.4,8.0,7.5,,7.583,7.1,7.6,,Não atendido,Não,Não,Topázio,False,Moderada (-1 a -2),0,1.0,False
2022,RA-709,0.0,2,-2.0,10,Feminino,2022,Pública,Quartzo,5.313,5.0,2.3,3.5,9.5,7.5,,7.083,2.3,2.3,,Não atendido,Não,Não,,False,Moderada (-1 a -2),0,1.0,False
2022,RA-710,0.0,2,-2.0,10,Masculino,2020,Pública,Ametista,7.285,5.0,6.9,8.9,9.5,5.0,,8.0,7.0,6.8,,Não atendido,Não,Não,Ametista,False,Moderada (-1 a -2),2,1.0,False
2022,RA-711,0.0,1,-1.0,9,Masculino,2022,Pública,Ágata,6.04,5.0,3.5,7.9,9.0,6.3,,6.0,4.0,3.0,,Não atendido,Não,Não,,False,Moderada (-1 a -2),0,1.0,False
2022,RA-712,0.0,2,-2.0,11,Masculino,2019,Pública,Ágata,6.026,5.0,8.0,5.1,8.0,5.0,,5.833,8.7,7.3,,Não indicado,Não,Não,Quartzo,False,Moderada (-1 a -2),3,1.0,False
2022,RA-713,0.0,1,-1.0,9,Masculino,2021,Pública,Ametista,7.42,5.0,7.8,8.7,10.0,7.5,,7.25,8.0,7.7,,Não atendido,Não,Não,Ametista,False,Moderada (-1 a -2),1,1.0,False
2022,RA-714,0.0,2,-2.0,11,Masculino,2019,Pública,Ágata,6.953,5.0,8.0,6.9,9.0,5.6,,7.25,8.5,7.5,,Não indicado,Não,Não,Ametista,False,Moderada (-1 a -2),3,1.0,False
2022,RA-715,0.0,1,-1.0,9,Feminino,2022,Pública,Ágata,6.656,5.0,4.9,8.7,8.5,4.4,,7.917,4.8,5.0,,Não indicado,Não,Não,,False,Moderada (-1 a -2),0,1.0,False
2022,RA-716,0.0,1,-1.0,9,Masculino,2022,Pública,Ágata,6.525,5.0,6.7,8.1,8.9,7.5,,5.417,7.3,6.0,,Não atendido,Não,Não,,False,Moderada (-1 a -2),0,1.0,False
2022,RA-717,0.0,2,-2.0,10,Feminino,2021,Pública,Ágata,6.832,5.0,5.4,7.3,9.0,7.5,,7.917,5.0,5.8,,Não atendido,Não,Não,Ametista,False,Moderada (-1 a -2),1,1.0,False
2022,RA-718,0.0,0,0.0,8,Feminino,2022,Pública,Topázio,8.093,10.0,9.2,8.9,8.0,6.3,,7.417,9.2,9.2,,Sem limitações,Não,Não,,False,Adequado (≥ 0),0,0.0,False
2022,RA-719,0.0,2,-2.0,10,Feminino,2021,Pública,Quartzo,5.552,5.0,4.2,4.6,9.0,7.5,,6.083,5.0,3.3,,Não atendido,Não,Não,Quartzo,False,Moderada (-1 a -2),1,1.0,False
2022,RA-720,0.0,1,-1.0,9,Feminino,2021,Pública,Ágata,6.731,5.0,7.6,5.9,8.0,7.5,,7.083,7.3,7.8,,Não atendido,Não,Não,Ametista,False,Moderada (-1 a -2),1,1.0,False
2022,RA-721,0.0,0,0.0,8,Feminino,2021,Pública,Ametista,7.973,10.0,7.6,8.1,9.5,7.5,,7.917,8.2,7.0,,Não atendido,Não,Não,Topázio,False,Adequado (≥ 0),1,0.0,False
2022,RA-722,0.0,1,-1.0,9,Feminino,2021,Pública,Ametista,7.41,5.0,8.1,8.1,10.0,4.4,,8.333,7.8,8.3,,Sem limitações,Não,Não,Topázio,False,Moderada (-1 a -2),1,1.0,False
2022,RA-723,0.0,0,0.0,8,Feminino,2022,Pública,Ametista,7.426,10.0,5.5,6.6,10.0,8.1,,8.167,5.3,5.7,,Não atendido,Não,Não,,False,Adequado (≥ 0),0,0.0,False
2022,RA-724,0.0,0,0.0,8,Feminino,2022,Pública,Ágata,6.931,10.0,5.6,5.9,9.5,5.6,,8.0,2.9,8.3,,Sem limitações,Não,Não,,False,Adequado (≥ 0),0,0.0,False
2022,RA-725,0.0,0,0.0,8,Masculino,2022,Pública,Ágata,6.33,10.0,5.0,5.9,8.0,8.1,,5.5,4.0,6.0,,Não atendido,Não,Não,,False,Adequado (≥ 0),0,0.0,False
2022,RA-726,0.0,0,0.0,7,Feminino,2022,Pública,Ágata,6.985,10.0,4.4,7.5,10.0,7.5,,6.583,5.8,3.0,,Não atendido,Não,Não,,False,Adequado (≥ 0),0,0.0,False
2022,RA-727,0.0,0,0.0,8,Masculino,2022,Pública,Ametista,7.736,10.0,8.4,7.7,9.0,8.1,,6.75,9.3,7.4,,Não atendido,Não,Não,,False,Adequado (≥ 0),0,0.0,False
2022,RA-728,0.0,0,0.0,8,Feminino,2022,Pública,Topázio,8.244,10.0,9.1,7.3,9.5,8.1,,8.167,9.3,8.9,,Não atendido,Não,Não,,False,Adequado (≥ 0),0,0.0,False
2022,RA-729,0.0,0,0.0,8,Feminino,2022,Pública,Topázio,8.155,10.0,8.1,8.7,10.0,8.1,,7.25,8.5,7.8,,Não atendido,Não,Não,,False,Adequado (≥ 0),0,0.0,False
2022,RA-730,0.0,2,-2.0,10,Feminino,2021,Pública,Ametista,7.902,5.0,8.3,8.2,10.0,8.8,,8.25,8.7,8.0,,Não atendido,Não,Não,Ametista,False,Moderada (-1 a -2),1,1.0,False
2022,RA-731,0.0,2,-2.0,10,Feminino,2019,Pública,Ametista,7.151,5.0,7.3,8.5,9.0,6.9,,7.083,7.3,7.2,,Requer avaliação,Não,Não,Ágata,False,Moderada (-1 a -2),3,1.0,False
2022,RA-732,0.0,1,-1.0,9,Masculino,2022,Pública,Ametista,7.347,5.0,7.2,7.9,9.0,8.8,,7.5,7.5,6.8,,Não atendido,Não,Não,,False,Moderada (-1 a -2),0,1.0,False
2022,RA-733,0.0,1,-1.0,9,Feminino,2022,Pública,Ágata,6.684,5.0,5.1,8.5,9.5,5.6,,6.917,6.0,4.2,,Sem limitações,Não,Não,,False,Moderada (-1 a -2),0,1.0,False
2022,RA-734,0.0,2,-2.0,10,Feminino,2022,Pública,Ágata,6.952,5.0,7.3,7.2,9.5,5.6,,7.417,8.0,6.5,,Sem limitações,Não,Não,,False,Moderada (-1 a -2),0,1.0,False
2022,RA-735,0.0,2,-2.0,10,Feminino,2021,Pública,Ametista,7.485,5.0,7.3,9.0,9.0,5.6,,8.583,7.8,6.7,,Sem limitações,Não,Sim,Ametista,False,Moderada (-1 a -2),1,1.0,False
2022,RA-736,0.0,2,-2.0,10,Masculino,2022,Pública,Ágata,6.707,5.0,5.4,8.5,9.0,5.6,,7.0,4.7,6.2,,Sem limitações,Não,Não,,False,Moderada (-1 a -2),0,1.0,False
2022,RA-737,0.0,1,-1.0,9,Feminino,2022,Pública,Ametista,8.058,5.0,9.0,9.2,9.5,5.6,,9.167,8.5,9.5,,Sem limitações,Não,Sim,,False,Moderada (-1 a -2),0,1.0,False
2022,RA-738,0.0,0,0.0,8,Feminino,2022,Pública,Ametista,7.227,10.0,5.7,8.1,8.5,5.6,,7.5,7.7,3.7,,Sem limitações,Não,Não,,False,Adequado (≥ 0),0,0.0,False
2022,RA-739,0.0,0,0.0,8,Masculino,2022,Pública,Ágata,6.82,10.0,5.9,7.3,6.4,5.6,,7.083,6.0,5.8,,Sem limitações,Não,Não,,False,Adequado (≥ 0),0,0.0,False
2022,RA-740,0.0,1,-1.0,9,Feminino,2022,Pública,Ametista,7.218,5.0,7.2,9.0,8.5,5.6,,7.5,7.3,7.0,,Sem limitações,Não,Não,,False,Moderada (-1 a -2),0,1.0,False
2022,RA-741,0.0,2,-2.0,10,Feminino,2022,Pública,Ágata,6.896,5.0,6.3,8.4,9.5,5.6,,7.417,7.3,5.2,,Sem limitações,Não,Não,,False,Moderada (-1 a -2),0,1.0,False
2022,RA-742,0.0,1,-1.0,9,Feminino,2022,Pública,Ametista,7.097,5.0,7.3,8.7,8.5,5.0,,7.5,8.3,6.2,,Sem limitações,Não,Não,,False,Moderada (-1 a -2),0,1.0,False
2022,RA-743,0.0,1,-1.0,9,Feminino,2022,Pública,Ágata,6.672,5.0,4.8,7.9,10.0,5.6,,7.5,4.8,4.8,,Sem limitações,Não,Não,,False,Moderada (-1 a -2),0,1.0,False
2022,RA-744,0.0,0,0.0,8,Feminino,2022,Pública,Ametista,7.742,10.0,6.2,9.7,9.5,5.6,,7.5,6.0,6.3,,Sem limitações,Não,Não,,False,Adequado (≥ 0),0,0.0,False
2022,RA-745,0.0,1,-1.0,9,Masculino,2021,Privada / bolsa,Ametista,7.382,5.0,8.1,8.5,9.0,5.6,,7.75,8.5,7.7,,Sem limitações,Não,Não,Topázio,False,Moderada (-1 a -2),1,1.0,False
2022,RA-746,0.0,0,0.0,8,Masculino,2022,Pública,Ametista,7.656,10.0,7.2,9.1,8.0,5.6,,7.417,7.7,6.7,,Sem limitações,Não,Não,,False,Adequado (≥ 0),0,0.0,False
2022,RA-747,0.0,2,-2.0,11,Feminino,2022,Pública,Ametista,7.676,5.0,8.8,7.6,10.0,7.5,,7.917,8.2,9.4,,Não atendido,Sim,Não,,False,Moderada (-1 a -2),0,1.0,False
2022,RA-748,0.0,1,-1.0,9,Masculino,2022,Pública,Topázio,8.084,5.0,9.1,9.0,10.0,7.5,,8.25,9.6,8.6,,Não atendido,Sim,Não,,False,Moderada (-1 a -2),0,1.0,False
2022,RA-749,0.0,1,-1.0,9,Masculino,2022,Pública,Ametista,7.484,5.0,8.8,7.7,9.5,7.5,,7.25,9.5,8.1,,Não atendido,Não,Não,,False,Moderada (-1 a -2),0,1.0,False
2022,RA-750,0.0,2,-2.0,10,Masculino,2019,Pública,Ágata,6.344,5.0,6.8,8.9,9.5,4.4,,5.167,7.1,6.4,,Não indicado,Não,Não,Ágata,False,Moderada (-1 a -2),3,1.0,False
2022,RA-751,0.0,2,-2.0,11,Masculino,2022,Pública,Quartzo,5.246,5.0,3.8,5.8,8.5,7.5,,6.167,2.7,4.9,,Não atendido,Não,Não,,False,Moderada (-1 a -2),0,1.0,False
2022,RA-752,0.0,2,-2.0,11,Feminino,2022,Pública,Topázio,8.197,5.0,9.5,9.0,10.0,7.5,,8.417,9.6,9.4,,Não atendido,Sim,Sim,,False,Moderada (-1 a -2),0,1.0,False
2022,RA-753,0.0,0,0.0,8,Feminino,2022,Pública,Topázio,8.481,10.0,9.1,8.6,9.5,7.5,,8.417,9.4,8.8,,Não atendido,Sim,Sim,,False,Adequado (≥ 0),0,0.0,False
2022,RA-754,0.0,1,-1.0,9,Masculino,2022,Pública,Ágata,6.602,5.0,7.9,5.8,10.0,4.4,,6.917,7.8,8.1,,Não indicado,Não,Não,,False,Moderada (-1 a -2),0,1.0,False
2022,RA-755,0.0,0,0.0,8,Masculino,2022,Pública,Topázio,8.566,10.0,9.5,9.2,9.5,6.9,,8.083,9.8,9.3,,Não atendido,Sim,Não,,False,Adequado (≥ 0),0,0.0,False
2022,RA-756,0.0,1,-1.0,9,Masculino,2022,Pública,Ágata,6.976,5.0,5.7,7.9,10.0,7.5,,7.25,5.6,5.8,,Não atendido,Não,Não,,False,Moderada (-1 a -2),0,1.0,False
2022,RA-757,0.0,1,-1.0,9,Feminino,2022,Pública,Topázio,8.26,5.0,9.7,9.3,9.5,7.5,,8.5,9.9,9.6,,Não atendido,Sim,Sim,,False,Moderada (-1 a -2),0,1.0,False
2022,RA-758,0.0,1,-1.0,9,Masculino,2022,Pública,Ametista,7.911,5.0,8.1,9.1,9.0,7.5,,8.333,8.0,8.2,,Não atendido,Não,Não,,False,Moderada (-1 a -2),0,1.0,False
2022,RA-759,0.0,2,-2.0,10,Feminino,2021,Pública,Ametista,7.563,5.0,7.5,8.6,9.0,7.5,,7.833,8.3,6.7,,Não atendido,Não,Não,Ágata,False,Moderada (-1 a -2),1,1.0,False
2022,RA-760,0.0,2,-2.0,11,Masculino,2021,Pública,Topázio,8.172,5.0,8.8,9.2,9.0,7.5,,8.917,9.3,8.2,,Não atendido,Não,Sim,Ametista,False,Moderada (-1 a -2),1,1.0,False
2022,RA-761,0.0,1,-1.0,9,Masculino,2022,Pública,Topázio,8.06,5.0,8.2,9.4,10.0,7.5,,8.25,8.8,7.5,,Não atendido,Não,Não,,False,Moderada (-1 a -2),0,1.0,False
2022,RA-762,0.0,3,-3.0,12,Masculino,2022,Pública,Ametista,7.28,2.5,6.7,9.7,10.0,7.5,,7.083,7.3,6.0,,Não atendido,Não,Não,,False,Severa (≤ -3),0,1.0,False
2022,RA-763,0.0,2,-2.0,10,Feminino,2021,Pública,Ametista,7.402,5.0,6.5,9.7,9.5,7.5,,7.167,6.3,6.7,,Não atendido,Não,Não,Ágata,False,Moderada (-1 a -2),1,1.0,False
2022,RA-764,0.0,0,0.0,8,Masculino,2022,Pública,Ametista,8.004,10.0,7.5,8.8,9.0,7.5,,7.667,7.2,7.8,,Não atendido,Não,Não,,False,Adequado (≥ 0),0,0.0,False
2022,RA-765,0.0,1,-1.0,9,Masculino,2022,Pública,Ágata,6.902,5.0,4.3,9.3,8.5,7.5,,7.417,5.0,3.7,,Não atendido,Não,Não,,False,Moderada (-1 a -2),0,1.0,False
2022,RA-766,0.0,2,-2.0,11,Feminino,2020,Pública,Topázio,8.185,5.0,8.7,9.5,10.0,7.5,,8.333,8.5,8.8,,Não atendido,Não,Não,Ametista,False,Moderada (-1 a -2),2,1.0,False
2022,RA-767,0.0,2,-2.0,10,Masculino,2021,Pública,Ametista,7.511,5.0,7.0,9.0,9.5,7.5,,7.583,7.3,6.7,,Não atendido,Não,Não,Ametista,False,Moderada (-1 a -2),1,1.0,False
2022,RA-768,0.0,2,-2.0,10,Feminino,2021,Pública,Ametista,7.646,5.0,7.1,10.0,9.0,7.5,,7.583,7.0,7.2,,Não atendido,Não,Não,Ametista,False,Moderada (-1 a -2),1,1.0,False
2022,RA-769,0.0,1,-1.0,9,Feminino,2022,Pública,Ametista,7.598,5.0,7.9,7.5,10.0,7.5,,8.5,9.6,6.2,,Não avaliado,Sim,Sim,,False,Moderada (-1 a -2),0,1.0,False
2022,RA-770,0.0,0,0.0,7,Masculino,2022,Pública,Topázio,8.143,10.0,8.3,8.9,9.5,7.5,,7.333,8.5,8.1,,Não avaliado,Não,Não,,False,Adequado (≥ 0),0,0.0,False
2022,RA-771,0.0,0,0.0,7,Feminino,2022,Pública,Ametista,7.873,10.0,7.0,8.3,10.0,7.5,,7.5,7.2,6.9,,Não avaliado,Não,Não,,False,Adequado (≥ 0),0,0.0,False
2022,RA-772,0.0,2,-2.0,11,Masculino,2021,Pública,Ágata,6.994,5.0,9.2,5.4,9.0,7.5,,7.25,9.3,9.2,,Não avaliado,Não,Não,Quartzo,False,Moderada (-1 a -2),1,1.0,False
2022,RA-773,0.0,1,-1.0,9,Feminino,2022,Pública,Ágata,6.922,5.0,8.1,6.8,10.0,5.0,,7.083,9.3,6.8,,Não indicado,Não,Não,,False,Moderada (-1 a -2),0,1.0,False
2022,RA-774,0.0,0,0.0,8,Feminino,2022,Pública,Ametista,7.587,10.0,6.1,7.8,10.0,7.5,,7.417,7.8,4.4,,Não avaliado,Não,Não,,False,Adequado (≥ 0),0,0.0,False
2022,RA-775,0.0,2,-2.0,10,Masculino,2021,Pública,Quartzo,5.79,5.0,5.7,5.7,7.9,4.4,,6.417,5.5,5.8,,Não indicado,Não,Não,Ágata,False,Moderada (-1 a -2),1,1.0,False
2022,RA-776,0.0,1,-1.0,9,Feminino,2022,Pública,Quartzo,3.898,5.0,1.7,4.3,0.0,4.4,,6.333,0.0,3.3,,Requer avaliação,Não,Não,,False,Moderada (-1 a -2),0,1.0,False
2022,RA-777,0.0,0,0.0,8,Masculino,2022,Pública,Ametista,7.096,10.0,5.3,7.7,8.0,7.5,,7.0,6.5,4.0,,Não atendido,Não,Não,,False,Adequado (≥ 0),0,0.0,False
2022,RA-778,0.0,1,-1.0,9,Feminino,2021,Pública,Ametista,7.432,5.0,7.1,6.7,10.0,7.5,,8.833,6.0,8.2,,Não atendido,Não,Sim,Topázio,False,Moderada (-1 a -2),1,1.0,False
2022,RA-779,0.0,2,-2.0,10,Masculino,2022,Pública,Quartzo,5.702,5.0,2.6,5.0,9.5,7.5,,7.083,2.2,3.0,,Não atendido,Não,Não,,False,Moderada (-1 a -2),0,1.0,False
2022,RA-780,0.0,1,-1.0,9,Feminino,2022,Pública,Ágata,6.955,5.0,6.9,7.6,8.0,7.5,,7.167,6.3,7.5,,Não atendido,Não,Não,,False,Moderada (-1 a -2),0,1.0,False
2022,RA-781,0.0,1,-1.0,9,Feminino,2021,Pública,Ametista,7.786,5.0,8.3,8.9,10.0,7.5,,7.75,8.0,8.5,,Não atendido,Não,Não,Topázio,False,Moderada (-1 a -2),1,1.0,False
2022,RA-782,0.0,0,0.0,8,Masculino,2022,Pública,Ametista,7.485,10.0,6.0,8.4,9.5,7.5,,7.0,5.7,6.3,,Não atendido,Não,Não,,False,Adequado (≥ 0),0,0.0,False
2022,RA-783,0.0,0,0.0,8,Masculino,2021,Pública,Ágata,6.996,10.0,6.0,5.8,9.5,7.5,,6.917,4.7,7.3,,Não atendido,Não,Não,Ametista,False,Adequado (≥ 0),1,0.0,False
2022,RA-784,0.0,1,-1.0,9,Masculino,2022,Pública,Topázio,8.34,5.0,8.2,10.0,9.5,7.5,,9.25,7.8,8.5,,Não atendido,Não,Sim,,False,Moderada (-1 a -2),0,1.0,False
2022,RA-785,0.0,1,-1.0,9,Feminino,2022,Pública,Ametista,7.642,5.0,8.4,8.6,9.0,7.5,,7.667,8.8,8.0,,Não atendido,Não,Não,,False,Moderada (-1 a -2),0,1.0,False
2022,RA-786,0.0,2,-2.0,11,Masculino,2019,Pública,Ágata,7.004,5.0,6.1,9.5,9.0,5.6,,7.167,6.3,5.8,,Não indicado,Não,Não,Quartzo,False,Moderada (-1 a -2),3,1.0,False
2022,RA-787,0.0,0,0.0,8,Masculino,2022,Pública,Ametista,7.205,10.0,3.4,9.5,8.5,7.5,,7.25,4.2,2.7,,Não atendido,Não,Não,,False,Adequado (≥ 0),0,0.0,False
2022,RA-788,0.0,0,0.0,8,Masculino,2021,Privada / bolsa,Topázio,8.264,10.0,8.0,9.3,10.0,5.6,,8.667,7.8,8.2,,Requer avaliação,Não,Sim,Topázio,False,Adequado (≥ 0),1,0.0,False
2022,RA-789,0.0,0,0.0,7,Feminino,2022,Pública,Ametista,7.405,10.0,4.2,9.4,9.0,7.5,,7.417,3.7,4.7,,Não atendido,Não,Não,,False,Adequado (≥ 0),0,0.0,False
2022,RA-790,0.0,2,-2.0,11,Feminino,2022,Pública,Ametista,7.504,5.0,7.8,8.9,9.0,7.5,,7.417,8.5,7.2,,Não atendido,Não,Não,,False,Moderada (-1 a -2),0,1.0,False
2022,RA-791,0.0,2,-2.0,11,Feminino,2022,Pública,Ametista,7.507,5.0,6.5,8.7,9.5,7.5,,8.5,6.3,6.7,,Não atendido,Não,Sim,,False,Moderada (-1 a -2),0,1.0,False
2022,RA-792,0.0,1,-1.0,9,Feminino,2022,Pública,Ágata,7.025,5.0,6.2,8.0,9.5,7.5,,7.167,6.5,5.8,,Não atendido,Não,Não,,False,Moderada (-1 a -2),0,1.0,False
2022,RA-793,0.0,2,-2.0,10,Masculino,2022,Pública,Ágata,6.894,5.0,6.0,7.6,9.5,7.5,,7.333,6.0,6.0,,Não atendido,Não,Não,,False,Moderada (-1 a -2),0,1.0,False
2022,RA-794,0.0,0,0.0,8,Feminino,2022,Pública,Ametista,7.335,10.0,4.1,8.9,9.5,7.5,,7.333,3.7,4.5,,Não atendido,Não,Não,,False,Adequado (≥ 0),0,0.0,False
2022,RA-795,0.0,0,0.0,8,Feminino,2022,Pública,Topázio,8.064,10.0,7.3,9.7,9.0,7.5,,7.333,8.0,6.5,,Não atendido,Não,Não,,False,Adequado (≥ 0),0,0.0,False
2022,RA-796,0.0,2,-2.0,10,Feminino,2022,Pública,Ametista,7.232,5.0,5.4,9.3,9.5,7.5,,7.667,5.8,5.0,,Não atendido,Não,Não,,False,Moderada (-1 a -2),0,1.0,False
2022,RA-797,0.0,2,-2.0,10,Masculino,2021,Pública,Ametista,7.217,5.0,7.3,8.5,9.0,7.5,,7.5,8.2,6.5,,Não atendido,Não,Não,Ágata,False,Moderada (-1 a -2),1,1.0,False
2022,RA-798,0.0,2,-2.0,10,Masculino,2022,Pública,Ametista,7.049,5.0,6.3,8.3,8.0,7.5,,7.667,7.0,5.7,,Não atendido,Não,Não,,False,Moderada (-1 a -2),0,1.0,False
2022,RA-799,0.0,2,-2.0,10,Feminino,2022,Pública,Ametista,7.676,5.0,7.8,9.6,8.0,7.5,,7.917,8.5,7.2,,Não atendido,Não,Não,,False,Moderada (-1 a -2),0,1.0,False
2022,RA-800,0.0,0,0.0,8,Masculino,2022,Pública,Ágata,6.818,10.0,6.1,5.4,8.0,7.5,,7.5,6.3,5.8,,Não atendido,Não,Não,,False,Adequado (≥ 0),0,0.0,False
2022,RA-801,0.0,1,-1.0,9,Masculino,2022,Pública,Ágata,6.644,5.0,6.8,6.6,7.0,7.5,,7.5,7.2,6.3,,Não atendido,Não,Não,,False,Moderada (-1 a -2),0,1.0,False
2022,RA-802,0.0,1,-1.0,9,Masculino,2021,Pública,Ametista,7.831,5.0,8.3,9.0,9.0,7.5,,8.333,9.0,7.5,,Não atendido,Não,Não,Ametista,False,Moderada (-1 a -2),1,1.0,False
2022,RA-803,0.0,2,-2.0,10,Feminino,2022,Pública,Ágata,6.98,5.0,6.3,7.2,10.0,7.5,,7.417,6.5,6.0,,Sem limitações,Não,Não,,False,Moderada (-1 a -2),0,1.0,False
2022,RA-804,0.0,2,-2.0,10,Masculino,2022,Pública,Ágata,6.848,5.0,4.8,8.4,10.0,6.3,,7.667,5.5,4.0,,Não atendido,Não,Não,,False,Moderada (-1 a -2),0,1.0,False
2022,RA-805,0.0,0,0.0,8,Masculino,2021,Pública,Topázio,8.279,10.0,8.8,9.0,9.5,7.5,,7.333,8.7,8.9,,Sem limitações,Não,Não,Ametista,False,Adequado (≥ 0),1,0.0,False
2022,RA-806,0.0,0,0.0,8,Masculino,2022,Pública,Ametista,7.561,10.0,6.6,7.3,9.5,7.5,,7.917,5.0,8.2,,Sem limitações,Não,Não,,False,Adequado (≥ 0),0,0.0,False
2022,RA-807,0.0,0,0.0,8,Masculino,2022,Pública,Topázio,8.121,10.0,9.0,8.7,9.5,6.3,,7.5,9.5,8.6,,Sem limitações,Não,Não,,False,Adequado (≥ 0),0,0.0,False
2022,RA-808,0.0,0,0.0,8,Masculino,2022,Pública,Topázio,8.361,10.0,9.3,9.1,10.0,6.3,,8.0,9.7,8.8,,Sem limitações,Não,Não,,False,Adequado (≥ 0),0,0.0,False
2022,RA-809,0.0,0,0.0,7,Masculino,2022,Pública,Ametista,7.259,10.0,6.3,6.6,10.0,6.3,,7.417,5.5,7.1,,Sem limitações,Não,Não,,False,Adequado (≥ 0),0,0.0,False
2022,RA-810,0.0,0,0.0,8,Masculino,2021,Pública,Ametista,7.887,10.0,9.6,9.1,8.5,5.0,,7.25,9.7,9.5,,Não indicado,Não,Não,Ametista,False,Adequado (≥ 0),1,0.0,False
2022,RA-811,0.0,1,-1.0,9,Feminino,2021,Pública,Ágata,6.575,5.0,7.3,5.7,8.9,5.6,,7.667,8.9,5.7,,Sem limitações,Não,Não,Ágata,False,Moderada (-1 a -2),1,1.0,False
2022,RA-812,0.0,0,0.0,8,Masculino,2022,Pública,Ametista,7.497,10.0,7.4,8.1,9.0,5.6,,7.333,8.3,6.6,,Sem limitações,Não,Não,,False,Adequado (≥ 0),0,0.0,False
2022,RA-813,0.0,0,0.0,8,Masculino,2022,Pública,Ametista,7.093,10.0,6.0,6.5,9.5,6.9,,7.417,6.7,5.3,,Sem limitações,Não,Não,,False,Adequado (≥ 0),0,0.0,False
2022,RA-814,0.0,1,-1.0,9,Masculino,2022,Pública,Ametista,7.592,5.0,7.5,9.0,8.9,6.9,,8.417,7.8,7.2,,Requer avaliação,Não,Sim,,False,Moderada (-1 a -2),0,1.0,False
2022,RA-815,0.0,1,-1.0,9,Masculino,2022,Pública,Ágata,6.81,5.0,6.5,7.9,10.0,5.6,,7.0,7.7,5.3,,Requer avaliação,Não,Não,,False,Moderada (-1 a -2),0,1.0,False
2022,RA-816,0.0,1,-1.0,9,Feminino,2022,Pública,Topázio,8.513,5.0,9.6,9.3,10.0,7.5,,9.417,9.5,9.7,,Sem limitações,Sim,Sim,,False,Moderada (-1 a -2),0,1.0,False
2022,RA-817,0.0,0,0.0,8,Feminino,2022,Pública,Ametista,7.819,10.0,7.1,8.7,10.0,6.3,,7.417,7.7,6.5,,Requer avaliação,Não,Não,,False,Adequado (≥ 0),0,0.0,False
2022,RA-818,0.0,0,0.0,7,Masculino,2022,Pública,Ametista,7.483,10.0,6.2,7.3,9.5,7.5,,7.5,6.5,5.8,,Sem limitações,Não,Não,,False,Adequado (≥ 0),0,0.0,False
2022,RA-819,0.0,0,0.0,8,Masculino,2022,Pública,Ametista,7.741,10.0,7.3,7.9,10.0,7.5,,7.333,8.0,6.5,,Sem limitações,Não,Não,,False,Adequado (≥ 0),0,0.0,False
2022,RA-820,0.0,1,-1.0,9,Masculino,2022,Pública,Ametista,7.417,5.0,6.0,10.0,9.5,6.9,,7.583,7.7,4.3,,Sem limitações,Não,Não,,False,Moderada (-1 a -2),0,1.0,False
2022,RA-821,0.0,2,-2.0,10,Masculino,2022,Pública,Ágata,6.342,5.0,4.6,7.0,9.0,7.5,,6.917,5.2,4.0,,Não atendido,Não,Não,,False,Moderada (-1 a -2),0,1.0,False
2022,RA-822,0.0,2,-2.0,10,Masculino,2022,Pública,Ágata,6.922,5.0,6.1,8.4,8.0,7.5,,7.083,6.5,5.7,,Não atendido,Não,Não,,False,Moderada (-1 a -2),0,1.0,False
2022,RA-823,0.0,2,-2.0,10,Feminino,2021,Pública,Quartzo,5.989,5.0,2.8,6.0,10.0,7.5,,7.167,4.0,1.7,,Não atendido,Não,Não,Ágata,False,Moderada (-1 a -2),1,1.0,False
2022,RA-824,0.0,0,0.0,8,Masculino,2022,Pública,Ágata,6.799,10.0,6.0,4.4,10.0,6.9,,7.333,7.0,5.0,,Sem limitações,Não,Não,,False,Adequado (≥ 0),0,0.0,False
2022,RA-825,0.0,1,-1.0,9,Feminino,2021,Pública,Ametista,7.25,5.0,7.6,8.2,7.5,6.9,,7.917,8.3,6.8,,Sem limitações,Não,Não,Topázio,False,Moderada (-1 a -2),1,1.0,False
2022,RA-826,0.0,0,0.0,8,Masculino,2022,Pública,Ametista,7.776,10.0,5.4,9.6,9.5,7.5,,7.5,4.3,6.5,,Não atendido,Não,Não,,False,Adequado (≥ 0),0,0.0,False
2022,RA-827,0.0,2,-2.0,10,Feminino,2022,Pública,Ametista,7.412,5.0,7.6,7.0,9.5,7.5,,8.667,7.7,7.5,,Não atendido,Não,Sim,,False,Moderada (-1 a -2),0,1.0,False
2022,RA-828,0.0,1,-1.0,9,Feminino,2022,Pública,Ametista,7.139,5.0,6.9,7.1,9.5,7.5,,7.833,7.3,6.5,,Não atendido,Não,Não,,False,Moderada (-1 a -2),0,1.0,False
2022,RA-829,0.0,0,0.0,8,Feminino,2022,Pública,Ametista,8.003,10.0,7.8,8.6,9.0,7.5,,7.5,8.2,7.5,,Não atendido,Não,Não,,False,Adequado (≥ 0),0,0.0,False
2022,RA-830,0.0,1,-1.0,9,Feminino,2022,Pública,Ametista,7.234,5.0,6.0,8.6,10.0,7.5,,7.5,5.8,6.2,,Não atendido,Não,Não,,False,Moderada (-1 a -2),0,1.0,False
2022,RA-831,0.0,1,-1.0,9,Masculino,2022,Pública,Ametista,7.41,5.0,7.2,9.2,9.5,7.5,,7.167,7.3,7.0,,Não atendido,Não,Não,,False,Moderada (-1 a -2),0,1.0,False
2022,RA-832,0.0,1,-1.0,9,Masculino,2022,Pública,Topázio,8.179,5.0,8.8,9.2,10.0,7.5,,8.833,8.8,8.8,,Não atendido,Não,Sim,,False,Moderada (-1 a -2),0,1.0,False
2022,RA-833,0.0,1,-1.0,9,Masculino,2022,Pública,Ametista,7.791,5.0,7.8,9.5,10.0,7.5,,7.583,8.2,7.5,,Não atendido,Não,Não,,False,Moderada (-1 a -2),0,1.0,False
2022,RA-834,0.0,1,-1.0,9,Masculino,2022,Pública,Topázio,8.136,5.0,9.0,9.0,9.0,7.5,,9.083,9.2,8.8,,Não atendido,Não,Sim,,False,Moderada (-1 a -2),0,1.0,False
2022,RA-835,0.0,0,0.0,8,Masculino,2022,Pública,Ametista,7.263,10.0,7.5,7.3,6.9,7.5,,6.667,7.6,7.3,,Não atendido,Não,Não,,False,Adequado (≥ 0),0,0.0,False
2022,RA-836,0.0,1,-1.0,9,Masculino,2022,Pública,Ametista,7.665,5.0,9.2,8.3,8.5,7.5,,7.583,9.0,9.3,,Não atendido,Não,Não,,False,Moderada (-1 a -2),0,1.0,False
2022,RA-837,0.0,0,0.0,8,Masculino,2022,Pública,Topázio,8.207,10.0,8.8,9.0,8.5,7.5,,7.5,9.2,8.3,,Não atendido,Não,Não,,False,Adequado (≥ 0),0,0.0,False
2022,RA-838,0.0,1,-1.0,9,Masculino,2022,Pública,Ametista,7.461,5.0,6.3,7.4,10.0,7.5,,9.417,6.6,5.9,,Não atendido,Sim,Sim,,False,Moderada (-1 a -2),0,1.0,False
2022,RA-839,0.0,1,-1.0,9,Feminino,2022,Pública,Quartzo,5.198,5.0,5.4,5.1,0.0,7.5,,6.583,5.8,5.0,,Não atendido,Não,Não,,False,Moderada (-1 a -2),0,1.0,False
2022,RA-840,0.0,0,0.0,8,Masculino,2022,Pública,Ametista,7.875,10.0,7.8,8.2,9.0,7.5,,7.5,9.6,5.9,,Não atendido,Não,Não,,False,Adequado (≥ 0),0,0.0,False
2022,RA-841,0.0,2,-2.0,11,Masculino,2022,Pública,Ametista,7.3,5.0,7.2,8.5,8.5,7.5,,7.5,8.6,5.8,,Não atendido,Não,Não,,False,Moderada (-1 a -2),0,1.0,False
2022,RA-842,0.0,0,0.0,8,Feminino,2022,Pública,Ametista,7.952,10.0,9.1,8.3,7.5,7.5,,8.25,9.1,9.1,,Não atendido,Não,Não,,False,Adequado (≥ 0),0,0.0,False
2022,RA-843,0.0,0,0.0,8,Feminino,2022,Pública,Topázio,8.538,10.0,9.2,9.0,8.5,7.5,,8.417,9.8,8.5,,Não atendido,Sim,Sim,,False,Adequado (≥ 0),0,0.0,False
2022,RA-844,0.0,0,0.0,8,Masculino,2022,Pública,Ágata,6.253,10.0,5.9,5.0,0.0,8.1,,8.333,6.0,5.8,,Não atendido,Sim,Não,,False,Adequado (≥ 0),0,0.0,False
2022,RA-845,0.0,0,0.0,8,Feminino,2022,Pública,Topázio,8.491,10.0,8.7,8.8,10.0,7.5,,8.417,9.1,8.3,,Não atendido,Não,Sim,,False,Adequado (≥ 0),0,0.0,False
2022,RA-846,0.0,0,0.0,7,Feminino,2022,Pública,Ametista,7.412,10.0,5.9,7.2,9.0,7.5,,7.917,7.7,4.0,,Não atendido,Não,Não,,False,Adequado (≥ 0),0,0.0,False
2022,RA-847,0.0,1,-1.0,9,Masculino,2022,Pública,Ágata,6.839,5.0,7.7,8.2,7.9,4.4,,7.417,7.8,7.6,,Sem limitações,Não,Não,,False,Moderada (-1 a -2),0,1.0,False
2022,RA-848,0.0,1,-1.0,9,Masculino,2022,Pública,Ametista,7.488,5.0,9.0,7.0,9.5,7.5,,7.833,9.8,8.1,,Não atendido,Não,Não,,False,Moderada (-1 a -2),0,1.0,False
2022,RA-849,0.0,1,-1.0,9,Masculino,2022,Pública,Ametista,7.369,5.0,9.1,8.3,8.5,7.5,,7.417,9.8,8.3,,Não atendido,Não,Não,,False,Moderada (-1 a -2),0,1.0,False
2022,RA-850,0.0,0,0.0,8,Masculino,2022,Pública,Ametista,7.641,10.0,8.5,7.3,10.0,7.5,,7.167,8.1,8.8,,Não atendido,Não,Não,,False,Adequado (≥ 0),0,0.0,False
2022,RA-851,0.0,0,0.0,8,Masculino,2022,Pública,Ametista,7.515,10.0,8.3,7.9,9.0,7.5,,6.583,7.9,8.7,,Não atendido,Não,Não,,False,Adequado (≥ 0),0,0.0,False
2022,RA-852,0.0,0,0.0,7,Feminino,2022,Pública,Quartzo,5.666,10.0,2.1,6.8,9.0,5.0,,5.5,2.5,1.8,,Não indicado,Não,Não,,False,Adequado (≥ 0),0,0.0,False
2022,RA-853,0.0,0,0.0,8,Feminino,2022,Pública,Topázio,8.616,10.0,8.5,9.6,10.0,7.5,,8.5,8.8,8.2,,Não atendido,Não,Sim,,False,Adequado (≥ 0),0,0.0,False
2022,RA-854,0.0,0,0.0,8,Feminino,2022,Pública,Topázio,8.098,10.0,9.3,9.0,8.0,7.5,,7.167,9.5,9.0,,Não atendido,Não,Não,,False,Adequado (≥ 0),0,0.0,False
2022,RA-855,0.0,1,-1.0,9,Feminino,2022,Pública,Topázio,8.453,5.0,9.7,9.6,10.0,7.5,,9.0,9.7,9.6,,Não atendido,Não,Sim,,False,Moderada (-1 a -2),0,1.0,False
2022,RA-856,0.0,0,0.0,7,Masculino,2022,Pública,Topázio,8.398,10.0,8.4,9.1,10.0,7.5,,8.0,8.5,8.2,,Não atendido,Não,Não,,False,Adequado (≥ 0),0,0.0,False
2022,RA-857,0.0,1,-1.0,9,Feminino,2022,Pública,Topázio,8.154,5.0,9.5,8.9,8.5,7.5,,9.083,9.6,9.3,,Não atendido,Não,Sim,,False,Moderada (-1 a -2),0,1.0,False
2022,RA-858,0.0,0,0.0,7,Masculino,2022,Pública,Ametista,7.523,10.0,7.7,7.1,10.0,5.6,,7.333,8.4,6.9,,Requer avaliação,Não,Não,,False,Adequado (≥ 0),0,0.0,False
2022,RA-859,0.0,0,0.0,7,Feminino,2022,Pública,Topázio,8.325,10.0,8.9,8.7,8.5,7.5,,8.25,9.4,8.4,,Não atendido,Não,Não,,False,Adequado (≥ 0),0,0.0,False
2022,RA-860,0.0,0,0.0,7,Masculino,2022,Pública,Topázio,8.136,10.0,8.1,8.5,9.5,7.5,,7.75,8.9,7.2,,Não atendido,Não,Não,,False,Adequado (≥ 0),0,0.0,False
2023,RA-861,0.0,0,0.0,8,Feminino,2023,Pública,Topázio,9.31095,10.0,9.6,10.0,9.5,8.13,8.4375,8.92,9.8,9.4,,,,,,False,Adequado (≥ 0),0,0.0,False
2023,RA-862,0.0,1,-1.0,9,Masculino,2023,Pública,Topázio,8.2212,5.0,8.9,9.1,8.5,8.14,7.5,8.585,8.5,9.2,,,,,,False,Moderada (-1 a -2),0,1.0,False
2023,RA-863,0.0,0,0.0,7,Masculino,2023,Pública,Quartzo,5.92975,10.0,6.3,7.6,0.0,3.14,5.9375,6.26,7.0,5.5,,,,,,False,Adequado (≥ 0),0,0.0,False
2023,RA-864,0.0,0,0.0,8,Feminino,2023,Pública,Ametista,7.034,10.0,6.3,7.6,0.0,8.14,7.5,8.5,7.0,5.5,,,,,,False,Adequado (≥ 0),0,0.0,False
2023,RA-865,0.0,0,0.0,8,Masculino,2023,Pública,Topázio,8.1552,10.0,7.4,8.7,8.5,7.52,7.5,7.915,7.3,7.5,,,,,,False,Adequado (≥ 0),0,0.0,False
2023,RA-866,0.0,0,0.0,7,Feminino,2023,Pública,Ametista,7.679,10.0,8.6,8.3,0.0,8.76,7.5,8.415,8.2,8.9,,,,,,False,Adequado (≥ 0),0,0.0,False
2023,RA-867,0.0,0,0.0,8,Masculino,2023,Pública,Topázio,8.6992,10.0,8.9,8.6,9.0,8.76,7.5,8.415,8.7,9.0,,,,,,False,Adequado (≥ 0),0,0.0,False
2023,RA-868,0.0,0,0.0,7,Masculino,2023,Pública,Topázio,8.63895,10.0,7.1,9.5,10.0,8.76,7.1875,8.67,7.8,6.3,,,,,,False,Adequado (≥ 0),0,0.0,False
2023,RA-869,0.0,0,0.0,8,Feminino,2023,Pública,Topázio,9.2587,10.0,9.6,10.0,9.0,8.76,8.125,8.75,9.8,9.4,,,,,,False,Adequado (≥ 0),0,0.0,False
2023,RA-870,0.0,1,-1.0,9,Feminino,2023,Pública,Quartzo,4.909,5.0,1.5,8.5,0.0,8.76,5.0,5.165,2.0,1.0,,,,,,False,Moderada (-1 a -2),0,1.0,False
2023,RA-871,0.0,1,-1.0,9,Masculino,2023,Pública,Ágata,6.8617,5.0,6.9,9.5,9.0,3.76,4.375,6.84,6.8,7.0,,,,,,False,Moderada (-1 a -2),0,1.0,False
2023,RA-872,0.0,2,-2.0,10,Feminino,2023,Pública,Quartzo,5.267,5.0,4.3,6.7,0.0,2.52,6.25,8.5,5.5,3.0,,,,,,False,Moderada (-1 a -2),0,1.0,False
2023,RA-873,0.0,2,-2.0,11,Feminino,2023,Pública,Ametista,7.8012,5.0,7.0,9.7,8.5,7.52,6.25,8.67,7.2,6.8,,,,,,False,Moderada (-1 a -2),0,1.0,False
2023,RA-874,0.0,1,-1.0,9,Masculino,2023,Pública,Quartzo,5.811,5.0,4.8,8.2,0.0,7.52,6.25,6.67,6.3,3.3,,,,,,False,Moderada (-1 a -2),0,1.0,False
2023,RA-875,0.0,1,-1.0,9,Masculino,2023,Pública,Topázio,8.2712,5.0,7.3,9.5,9.5,7.52,7.5,9.845,7.0,7.5,,,,,,False,Moderada (-1 a -2),0,1.0,False
2023,RA-876,0.0,0,0.0,8,Masculino,2023,Pública,Topázio,8.6492,10.0,7.5,9.4,10.0,7.52,7.5,8.835,7.3,7.7,,,,,,False,Adequado (≥ 0),0,0.0,False
2023,RA-877,0.0,1,-1.0,9,Masculino,2023,Pública,Ametista,7.4722,5.0,6.9,9.5,9.5,7.52,5.0,7.5,7.5,6.2,,,,,,False,Moderada (-1 a -2),0,1.0,False
2023,RA-878,0.0,2,-2.0,10,Masculino,2023,Pública,Ágata,6.24,5.0,8.1,9.5,0.0,2.52,5.0,7.34,8.0,8.2,,,,,,False,Moderada (-1 a -2),0,1.0,False
2023,RA-879,0.0,1,-1.0,9,Feminino,2023,Pública,Ágata,6.8225,5.0,8.2,9.8,0.0,2.52,6.875,8.915,8.2,8.2,,,,,,False,Moderada (-1 a -2),0,1.0,False
2023,RA-880,0.0,0,0.0,7,Feminino,2023,Pública,Ágata,6.724,10.0,6.3,9.4,0.0,2.52,6.25,8.585,6.3,6.2,,,,,,False,Adequado (≥ 0),0,0.0,False
2023,RA-881,0.0,0,0.0,8,Masculino,2023,Pública,Ametista,7.7322,10.0,7.3,8.9,10.0,7.52,5.0,6.25,7.5,7.0,,,,,,False,Adequado (≥ 0),0,0.0,False
2023,RA-882,0.0,0,0.0,8,Feminino,2023,Pública,Ágata,6.0092,10.0,4.7,8.6,9.0,2.52,3.75,4.16,4.8,4.5,,,,,,False,Adequado (≥ 0),0,0.0,False
2023,RA-883,0.0,0,0.0,8,Feminino,2023,Pública,Topázio,8.5082,10.0,8.4,9.7,9.5,6.89,6.25,8.17,8.0,8.7,,,,,,False,Adequado (≥ 0),0,0.0,False
2023,RA-884,0.0,0,0.0,7,Feminino,2023,Pública,Topázio,8.4587,10.0,8.8,9.7,9.0,4.39,6.875,8.66,8.4,9.2,,,,,,False,Adequado (≥ 0),0,0.0,False
2023,RA-885,0.0,0,0.0,7,Masculino,2023,Pública,Topázio,8.8252,10.0,8.7,9.8,9.0,7.52,7.5,8.665,8.5,8.8,,,,,,False,Adequado (≥ 0),0,0.0,False
2023,RA-886,0.0,0,0.0,7,Feminino,2023,Pública,Topázio,8.6422,10.0,8.1,9.4,8.5,7.52,7.5,9.0,7.6,8.5,,,,,,False,Adequado (≥ 0),0,0.0,False
2023,RA-887,0.0,0,0.0,8,Masculino,2023,Pública,Topázio,8.6718,10.0,8.4,8.9,8.9,7.52,7.5,9.09,7.8,9.0,,,,,,False,Adequado (≥ 0),0,0.0,False
2023,RA-888,0.0,0,0.0,7,Masculino,2023,Pública,Topázio,8.9182,10.0,8.8,10.0,9.0,7.52,7.5,8.83,8.2,9.3,,,,,,False,Adequado (≥ 0),0,0.0,False
2023,RA-889,0.0,0,0.0,8,Masculino,2023,Pública,Topázio,8.8092,10.0,9.1,9.5,8.5,6.89,7.5,9.0,8.7,9.5,,,,,,False,Adequado (≥ 0),0,0.0,False
2023,RA-890,0.0,0,0.0,8,Masculino,2023,Pública,Ágata,6.989,10.0,8.3,9.1,0.0,2.52,6.25,8.16,8.0,8.6,,,,,,False,Adequado (≥ 0),0,0.0,False
2023,RA-891,0.0,1,-1.0,9,Feminino,2023,Pública,Ametista,7.8882,5.0,7.5,9.5,9.5,6.89,7.5,7.995,6.2,8.8,,,,,,False,Moderada (-1 a -2),0,1.0,False
2023,RA-684,0.0,0,0.0,8,Masculino,2022,Privada / bolsa,Ametista,7.4277,10.0,6.5,8.1,9.0,7.52,6.875,5.84,8.3,4.7,,,,,Topázio,False,Adequado (≥ 0),1,0.0,False
2023,RA-892,0.0,0,0.0,8,Masculino,2023,Pública,Topázio,8.8112,10.0,8.3,9.6,8.0,6.89,7.5,10.01,8.5,8.0,,,,,,False,Adequado (≥ 0),0,0.0,False
2023,RA-857,0.0,1,-1.0,9,Feminino,2022,Pública,Topázio,8.1442,5.0,8.5,9.0,8.5,7.52,7.5,9.01,8.7,8.2,,,,,Topázio,False,Moderada (-1 a -2),1,1.0,False
2023,RA-893,0.0,1,-1.0,9,Masculino,2023,Pública,Topázio,8.8042,5.0,9.3,10.0,9.5,7.52,7.5,10.01,9.5,9.0,,,,,,False,Moderada (-1 a -2),0,1.0,False
2023,RA-894,0.0,1,-1.0,9,Feminino,2023,Pública,Topázio,8.8142,5.0,9.4,9.9,9.5,7.52,7.5,10.01,9.3,9.5,,,,,,False,Moderada (-1 a -2),0,1.0,False
2023,RA-690,0.0,2,-2.0,10,Feminino,2022,Pública,Topázio,8.6112,5.0,9.1,9.8,9.0,6.89,7.5,10.01,9.3,8.8,,,,,Ametista,False,Moderada (-1 a -2),1,1.0,False
2023,RA-895,0.0,0,0.0,8,Feminino,2023,Pública,Topázio,8.5397,10.0,6.8,9.5,9.5,7.52,6.875,9.5,6.8,6.7,,,,,,False,Adequado (≥ 0),0,0.0,False
2023,RA-896,0.0,0,0.0,7,Masculino,2023,Pública,Topázio,9.0912,10.0,8.5,10.0,9.5,6.89,7.5,10.01,9.0,8.0,,,,,,False,Adequado (≥ 0),0,0.0,False
2023,RA-693,0.0,0,0.0,8,Feminino,2022,Pública,Topázio,9.0112,10.0,8.5,9.4,10.0,6.89,7.5,10.01,8.2,8.7,,,,,Ametista,False,Adequado (≥ 0),1,0.0,False
2023,RA-675,0.0,0,0.0,8,Masculino,2022,Pública,Topázio,8.3577,10.0,8.3,8.0,10.0,7.52,6.875,8.34,8.5,8.0,,,,,Ametista,False,Adequado (≥ 0),1,0.0,False
2023,RA-850,0.0,1,-1.0,9,Masculino,2022,Pública,Ágata,6.06525,5.0,7.3,7.9,0.0,6.26,6.5625,6.265,6.8,7.7,,,,,Ametista,False,Moderada (-1 a -2),1,1.0,False
2023,RA-897,0.0,1,-1.0,9,Masculino,2023,Pública,Quartzo,5.48225,5.0,6.5,8.1,0.0,7.52,6.5625,3.32,7.2,5.7,,,,,,False,Moderada (-1 a -2),0,1.0,False
2023,RA-842,0.0,1,-1.0,9,Feminino,2022,Pública,Ametista,7.2117,5.0,7.9,8.5,9.0,3.77,5.625,8.01,8.2,7.5,,,,,Ametista,False,Moderada (-1 a -2),1,1.0,False
2023,RA-898,0.0,1,-1.0,9,Masculino,2023,Pública,Topázio,8.4217,5.0,9.4,9.8,9.0,3.77,8.125,10.01,9.7,9.0,,,,,,False,Moderada (-1 a -2),0,1.0,False
2023,RA-899,0.0,0,0.0,8,Masculino,2023,Pública,Topázio,8.8452,10.0,9.5,9.8,10.0,3.77,7.5,9.34,9.3,9.6,,,,,,False,Adequado (≥ 0),0,0.0,False
2023,RA-900,0.0,0,0.0,8,Feminino,2023,Pública,Topázio,8.8947,10.0,7.8,9.8,9.0,9.38,8.125,8.67,8.0,7.5,,,,,,False,Adequado (≥ 0),0,0.0,False
2023,RA-846,0.0,0,0.0,8,Feminino,2022,Pública,Ametista,7.4637,10.0,6.0,8.2,9.5,3.77,5.625,8.67,6.3,5.7,,,,,Ametista,False,Adequado (≥ 0),1,0.0,False
2023,RA-901,0.0,2,-2.0,10,Masculino,2023,Pública,Ametista,7.3112,5.0,7.5,8.7,8.5,3.77,6.25,8.595,7.7,7.3,,,,,,False,Moderada (-1 a -2),0,1.0,False
2023,RA-743,0.0,2,-2.0,10,Feminino,2022,Pública,Ágata,6.659,5.0,7.1,9.1,0.0,3.77,7.5,9.01,7.3,6.8,,,,,Ágata,False,Moderada (-1 a -2),1,1.0,False
2023,RA-681,0.0,2,-2.0,10,Masculino,2022,Pública,Ágata,6.2955,5.0,8.3,7.8,0.0,3.77,5.625,8.18,8.8,7.8,,,,,Ametista,False,Moderada (-1 a -2),1,1.0,False
2023,RA-902,0.0,3,-3.0,12,Masculino,2023,Pública,Quartzo,5.97345,2.5,3.9,9.3,10.0,2.52,5.3125,6.5,4.5,3.3,,,,,,False,Severa (≤ -3),0,1.0,False
2023,RA-903,0.0,0,0.0,8,Feminino,2023,Pública,Topázio,8.5242,10.0,7.8,9.6,10.0,5.02,7.5,9.01,7.7,7.8,,,,,,False,Adequado (≥ 0),0,0.0,False
2023,RA-851,0.0,1,-1.0,9,Masculino,2022,Pública,Ágata,6.1683,5.0,6.6,7.5,8.4,2.52,5.625,6.01,6.8,6.3,,,,,Ametista,False,Moderada (-1 a -2),1,1.0,False
2023,RA-847,0.0,2,-2.0,10,Masculino,2022,Pública,Ágata,6.5418,5.0,7.6,9.1,7.9,2.52,5.0,5.84,7.5,7.6,,,,,Ágata,False,Moderada (-1 a -2),1,1.0,False
2023,RA-904,0.0,0,0.0,7,Feminino,2023,Pública,Topázio,8.140783333,10.0,6.4,9.3,9.0,7.52,7.8125,7.836666667,6.0,6.8,,,,,,False,Adequado (≥ 0),0,0.0,False
2023,RA-858,0.0,0,0.0,8,Masculino,2022,Pública,Ametista,7.248833333,10.0,9.3,8.1,0.0,3.77,8.125,7.946666667,9.3,9.2,,,,,Ametista,False,Adequado (≥ 0),1,0.0,False
2023,RA-905,0.0,1,-1.0,9,Masculino,2023,Pública,Ametista,7.831033333,5.0,8.3,9.4,9.5,7.52,6.875,7.056666667,7.5,9.0,,,,,,False,Moderada (-1 a -2),0,1.0,False
2023,RA-702,0.0,1,-1.0,9,Feminino,2022,Pública,Topázio,8.239866667,5.0,9.3,10.0,10.0,5.63,7.5,7.833333333,9.3,9.3,,,,,Ametista,False,Moderada (-1 a -2),1,1.0,False
2023,RA-725,0.0,1,-1.0,9,Masculino,2022,Pública,Topázio,8.117366667,5.0,8.4,9.0,9.5,7.52,8.125,8.113333333,8.1,8.7,,,,,Ágata,False,Moderada (-1 a -2),1,1.0,False
2023,RA-906,0.0,0,0.0,8,Masculino,2023,Pública,Topázio,8.1922,10.0,8.6,9.2,7.5,7.52,7.5,6.95,7.7,9.4,,,,,,False,Adequado (≥ 0),0,0.0,False
2023,RA-907,0.0,0,0.0,8,Feminino,2023,Privada / bolsa,Topázio,8.962033333,10.0,9.3,9.6,9.5,7.52,8.125,8.336666667,9.2,9.4,,,,,,False,Adequado (≥ 0),0,0.0,False
2023,RA-908,0.0,0,0.0,8,Feminino,2023,Pública,Topázio,8.479366667,10.0,7.9,9.0,9.0,7.52,8.125,8.223333333,6.7,9.0,,,,,,False,Adequado (≥ 0),0,0.0,False
2023,RA-909,0.0,2,-2.0,10,Feminino,2023,Pública,Topázio,8.486033333,5.0,9.2,9.9,10.0,7.52,8.125,8.056666667,9.1,9.2,,,,,,False,Moderada (-1 a -2),0,1.0,False
2023,RA-708,0.0,1,-1.0,9,Masculino,2022,Pública,Ametista,7.5105,5.0,9.2,9.8,0.0,7.52,8.125,8.28,8.8,9.5,,,,,Ametista,False,Moderada (-1 a -2),1,1.0,False
2023,RA-910,0.0,0,0.0,8,Masculino,2023,Pública,Ametista,7.801,10.0,8.9,8.8,0.0,7.52,8.75,8.17,8.8,9.0,,,,,,False,Adequado (≥ 0),0,0.0,False
2023,RA-671,0.0,2,-2.0,10,Masculino,2021,Pública,Ágata,6.5143,5.0,7.8,8.3,7.9,3.14,5.625,5.68,8.0,7.5,,,,,Ametista,False,Moderada (-1 a -2),2,1.0,False
2023,RA-836,0.0,2,-2.0,10,Masculino,2022,Pública,Ametista,7.6417,5.0,6.7,9.6,9.5,6.27,6.875,8.085,6.7,6.7,,,,,Ametista,False,Moderada (-1 a -2),1,1.0,False
2023,RA-911,0.0,2,-2.0,11,Masculino,2023,Pública,Quartzo,5.59545,5.0,3.4,6.7,9.0,2.52,5.3125,7.01,3.7,3.0,,,,,,False,Moderada (-1 a -2),0,1.0,False
2023,RA-860,0.0,0,0.0,8,Masculino,2022,Pública,Topázio,8.2372,10.0,7.4,9.8,7.0,6.89,7.5,8.34,7.2,7.5,,,,,Topázio,False,Adequado (≥ 0),1,0.0,False
2023,RA-727,0.0,1,-1.0,9,Masculino,2022,Pública,Ametista,7.6802,5.0,8.0,8.8,9.5,2.52,7.5,9.34,8.3,7.7,,,,,Ametista,False,Moderada (-1 a -2),1,1.0,False
2023,RA-739,0.0,1,-1.0,9,Masculino,2022,Pública,Ametista,7.5972,5.0,7.6,8.3,9.0,7.52,6.25,8.25,7.3,7.8,,,,,Ágata,False,Moderada (-1 a -2),1,1.0,False
2023,RA-740,0.0,2,-2.0,10,Feminino,2022,Privada / bolsa,Ametista,7.2845,5.0,9.1,8.7,0.0,7.52,6.875,8.925,9.0,9.2,,,,,Ametista,False,Moderada (-1 a -2),1,1.0,False
2023,RA-912,0.0,1,-1.0,9,Feminino,2023,Pública,Ametista,7.0797,5.0,6.3,9.4,7.0,7.52,5.625,7.175,6.2,6.3,,,,,,False,Moderada (-1 a -2),0,1.0,False
2023,RA-706,0.0,2,-2.0,10,Feminino,2021,Pública,Ametista,7.1527,5.0,7.3,7.8,9.0,4.39,6.875,8.08,6.7,7.8,,,,,Ametista,False,Moderada (-1 a -2),2,1.0,False
2023,RA-840,0.0,1,-1.0,9,Masculino,2022,Pública,Ametista,7.7862,5.0,8.2,9.0,9.5,4.38,7.5,8.59,8.3,8.0,,,,,Ametista,False,Moderada (-1 a -2),1,1.0,False
2023,RA-841,0.0,2,-2.0,11,Masculino,2022,Pública,Ágata,6.78,5.0,6.9,7.2,0.0,7.52,7.5,9.84,6.7,7.0,,,,,Ametista,False,Moderada (-1 a -2),1,1.0,False
2023,RA-709,0.0,2,-2.0,11,Feminino,2022,Pública,Ágata,6.6927,5.0,4.9,7.9,10.0,7.52,5.625,6.59,5.5,4.3,,,,,Quartzo,False,Moderada (-1 a -2),1,1.0,False
2023,RA-913,0.0,2,-2.0,10,Feminino,2023,Pública,Ametista,7.7432,5.0,7.9,8.5,8.0,6.89,6.25,9.245,9.5,6.3,,,,,,False,Moderada (-1 a -2),0,1.0,False
2023,RA-726,0.0,0,0.0,8,Feminino,2022,Pública,Ametista,7.3687,10.0,6.0,6.1,10.0,7.52,5.625,8.17,6.2,5.8,,,,,Ágata,False,Adequado (≥ 0),1,0.0,False
2023,RA-914,0.0,0,0.0,8,Feminino,2023,Pública,Topázio,8.6912,10.0,8.7,9.2,10.0,7.52,6.25,8.67,9.0,8.4,,,,,,False,Adequado (≥ 0),0,0.0,False
2023,RA-915,0.0,0,0.0,8,Feminino,2023,Pública,Topázio,8.5962,10.0,8.4,8.4,10.0,7.52,7.5,8.67,8.1,8.7,,,,,,False,Adequado (≥ 0),0,0.0,False
2023,RA-916,0.0,1,-1.0,9,Feminino,2023,Pública,Ametista,7.3882,5.0,6.6,9.7,9.5,2.52,6.25,9.005,7.7,5.5,,,,,,False,Moderada (-1 a -2),0,1.0,False
2023,RA-917,0.0,0,0.0,7,Feminino,2023,Pública,Quartzo,5.987,10.0,7.0,7.2,0.0,2.52,6.25,6.35,5.3,8.7,,,,,,False,Adequado (≥ 0),0,0.0,False
2023,RA-918,0.0,0,0.0,7,Feminino,2023,Pública,Ametista,7.4967,10.0,7.7,8.7,10.0,2.52,5.625,7.01,7.1,8.3,,,,,,False,Adequado (≥ 0),0,0.0,False
2023,RA-919,0.0,1,-1.0,9,Masculino,2023,Pública,Ágata,6.225,5.0,5.3,8.4,0.0,7.52,6.25,8.09,5.5,5.0,,,,,,False,Moderada (-1 a -2),0,1.0,False
2023,RA-920,0.0,0,0.0,8,Feminino,2023,Pública,Ágata,6.9647,10.0,6.1,6.3,9.0,7.52,5.625,6.35,6.0,6.2,,,,,,False,Adequado (≥ 0),0,0.0,False
2023,RA-921,0.0,0,0.0,7,Feminino,2023,Pública,Ametista,7.7407,10.0,6.3,9.7,9.0,7.52,5.625,6.68,6.5,6.0,,,,,,False,Adequado (≥ 0),0,0.0,False
2023,RA-922,0.0,0,0.0,8,Feminino,2023,Pública,Topázio,8.5262,10.0,8.4,9.7,8.5,3.14,7.5,10.01,8.5,8.2,,,,,,False,Adequado (≥ 0),0,0.0,False
2023,RA-715,0.0,2,-2.0,10,Feminino,2022,Pública,Quartzo,5.8915,5.0,5.4,9.5,0.0,3.14,5.625,7.675,4.5,6.3,,,,,Ágata,False,Moderada (-1 a -2),1,1.0,False
2023,RA-822,0.0,2,-2.0,11,Masculino,2022,Pública,Ágata,6.4497,5.0,7.1,8.4,8.5,2.52,5.625,5.925,8.0,6.2,,,,,Ágata,False,Moderada (-1 a -2),1,1.0,False
2023,RA-923,0.0,0,0.0,8,Feminino,2023,Pública,Topázio,8.8842,10.0,7.3,9.9,9.5,7.52,7.5,10.01,7.5,7.0,,,,,,False,Adequado (≥ 0),0,0.0,False
2023,RA-742,0.0,2,-2.0,10,Feminino,2022,Pública,Ametista,7.024,5.0,7.5,7.6,0.0,7.52,7.5,10.01,6.2,8.8,,,,,Ametista,False,Moderada (-1 a -2),1,1.0,False
2023,RA-924,0.0,0,0.0,8,Masculino,2023,Pública,Ágata,6.5207,10.0,5.0,5.6,9.0,7.52,5.625,5.93,5.0,5.0,,,,,,False,Adequado (≥ 0),0,0.0,False
2023,RA-925,0.0,0,0.0,7,Masculino,2023,Pública,Ametista,7.1837,10.0,5.4,8.9,9.0,7.52,5.625,5.595,5.2,5.5,,,,,,False,Adequado (≥ 0),0,0.0,False
2023,RA-853,0.0,1,-1.0,9,Feminino,2022,Pública,Ametista,7.8402,5.0,7.4,9.5,10.0,3.77,6.25,9.84,7.2,7.5,,,,,Topázio,False,Moderada (-1 a -2),1,1.0,False
2023,RA-854,0.0,0,0.0,8,Feminino,2022,Pública,Ágata,6.6415,10.0,6.0,9.5,0.0,3.77,5.625,8.01,7.5,4.5,,,,,Topázio,False,Adequado (≥ 0),1,0.0,False
2023,RA-700,0.0,1,-1.0,9,Feminino,2022,Pública,Topázio,8.2852,5.0,7.8,9.7,9.5,7.52,6.25,9.84,7.5,8.0,,,,,Ametista,False,Moderada (-1 a -2),1,1.0,False
2023,RA-701,0.0,2,-2.0,11,Masculino,2021,Pública,Ametista,7.3982,5.0,7.2,9.9,9.5,3.77,6.25,7.68,7.3,7.0,,,,,Ametista,False,Moderada (-1 a -2),2,1.0,False
2023,RA-856,0.0,0,0.0,8,Masculino,2022,Pública,Ametista,7.3355,10.0,7.3,9.6,0.0,7.52,5.625,8.255,7.5,7.0,,,,,Topázio,False,Adequado (≥ 0),1,0.0,False
2023,RA-672,0.0,2,-2.0,10,Feminino,2021,Pública,Ágata,6.5623,5.0,6.4,9.5,7.9,2.52,5.625,6.43,6.0,6.7,,,,,Ametista,False,Moderada (-1 a -2),2,1.0,False
2023,RA-859,0.0,0,0.0,8,Feminino,2022,Pública,Topázio,8.6042,10.0,7.3,9.2,8.0,7.52,7.5,10.01,6.8,7.8,,,,,Topázio,False,Adequado (≥ 0),1,0.0,False
2023,RA-704,0.0,2,-2.0,11,Masculino,2022,Pública,Ágata,6.8297,5.0,6.1,9.9,10.0,3.14,5.625,6.265,6.5,5.7,,,,,Ágata,False,Moderada (-1 a -2),1,1.0,False
2023,RA-741,0.0,2,-2.0,11,Feminino,2022,Pública,Ágata,6.2707,5.0,5.1,6.9,9.5,4.39,5.625,7.095,4.2,6.0,,,,,Ágata,False,Moderada (-1 a -2),1,1.0,False
2023,RA-719,0.0,2,-2.0,11,Masculino,2021,Pública,Ágata,6.4137,5.0,5.9,5.3,9.5,7.52,5.625,7.095,7.0,4.7,,,,,Quartzo,False,Moderada (-1 a -2),2,1.0,False
2023,RA-926,0.0,1,-1.0,9,Feminino,2023,Pública,Ametista,7.7792,5.0,6.8,10.0,9.0,3.77,7.5,9.51,6.5,7.0,,,,,,False,Moderada (-1 a -2),0,1.0,False
2023,RA-927,0.0,1,-1.0,9,Feminino,2023,Pública,Ametista,7.5982,5.0,6.4,9.7,9.0,3.77,7.5,9.255,7.0,5.8,,,,,,False,Moderada (-1 a -2),0,1.0,False
2023,RA-928,0.0,0,0.0,8,Feminino,2023,Pública,Topázio,9.3712,10.0,9.8,10.0,8.5,7.52,8.75,9.67,9.8,9.8,,,,,,False,Adequado (≥ 0),0,0.0,False
2023,RA-929,0.0,0,0.0,8,Feminino,2023,Pública,Topázio,9.1312,10.0,8.8,9.8,8.5,7.52,8.75,9.67,8.7,8.9,,,,,,False,Adequado (≥ 0),0,0.0,False
2023,RA-930,0.0,0,0.0,8,Masculino,2023,Pública,Topázio,8.8872,10.0,9.0,8.8,9.0,7.52,8.75,9.0,8.7,9.3,,,,,,False,Adequado (≥ 0),0,0.0,False
2023,RA-931,0.0,0,0.0,8,Masculino,2023,Pública,Ametista,7.3747,10.0,7.8,8.2,8.5,2.52,5.625,7.6,7.0,8.5,,,,,,False,Adequado (≥ 0),0,0.0,False
2023,RA-932,0.0,0,0.0,7,Feminino,2023,Pública,Topázio,8.3847,10.0,7.5,7.9,9.5,7.52,8.125,9.0,6.5,8.4,,,,,,False,Adequado (≥ 0),0,0.0,False
2023,RA-933,0.0,0,0.0,8,Feminino,2023,Pública,Topázio,8.6712,10.0,7.7,8.4,9.0,7.52,8.75,9.67,8.0,7.3,,,,,,False,Adequado (≥ 0),0,0.0,False
2023,RA-934,0.0,0,0.0,8,Feminino,2023,Pública,Topázio,9.1737,10.0,8.7,9.6,9.0,7.52,9.375,9.67,8.3,9.0,,,,,,False,Adequado (≥ 0),0,0.0,False
2023,RA-935,0.0,1,-1.0,9,Masculino,2023,Pública,Ametista,7.9535,5.0,9.4,9.8,0.0,7.52,9.375,9.67,9.2,9.5,,,,,,False,Moderada (-1 a -2),0,1.0,False
2023,RA-936,0.0,0,0.0,8,Feminino,2023,Pública,Topázio,8.5477,10.0,6.5,10.0,9.0,7.52,8.125,8.915,5.0,8.0,,,,,,False,Adequado (≥ 0),0,0.0,False
2023,RA-937,0.0,0,0.0,8,Feminino,2023,Pública,Topázio,9.3237,10.0,9.2,9.6,9.5,7.52,9.375,9.67,9.0,9.3,,,,,,False,Adequado (≥ 0),0,0.0,False
2023,RA-756,0.0,2,-2.0,10,Masculino,2022,Pública,Ametista,7.0927,5.0,6.1,8.7,10.0,7.52,5.625,6.59,5.4,6.8,,,,,Ágata,False,Moderada (-1 a -2),1,1.0,False
2023,RA-938,0.0,1,-1.0,9,Masculino,2023,Pública,Ágata,6.7372,5.0,4.2,8.4,8.5,7.52,6.25,7.5,0.0,8.3,,,,,,False,Moderada (-1 a -2),0,1.0,False
2023,RA-939,0.0,2,-2.0,11,Feminino,2023,Pública,Ametista,7.9742,5.0,5.4,10.0,9.0,7.52,7.5,10.01,5.0,5.7,,,,,,False,Moderada (-1 a -2),0,1.0,False
2023,RA-789,0.0,0,0.0,8,Feminino,2022,Pública,Ametista,7.974,10.0,7.9,9.5,0.0,7.52,7.5,10.01,8.5,7.2,,,,,Ametista,False,Adequado (≥ 0),1,0.0,False
2023,RA-792,0.0,2,-2.0,10,Feminino,2022,Pública,Ametista,7.6267,5.0,7.2,7.7,9.0,7.52,6.875,9.085,6.8,7.5,,,,,Ágata,False,Moderada (-1 a -2),1,1.0,False
2023,RA-940,0.0,2,-2.0,11,Masculino,2023,Pública,Ágata,6.6112,5.0,6.3,8.4,9.0,2.52,6.25,7.02,6.8,5.7,,,,,,False,Moderada (-1 a -2),0,1.0,False
2023,RA-941,0.0,0,0.0,8,Feminino,2023,Pública,Ametista,7.6872,10.0,5.0,10.0,8.0,7.52,5.0,8.175,5.0,5.0,,,,,,False,Adequado (≥ 0),0,0.0,False
2023,RA-942,0.0,2,-2.0,10,Feminino,2023,Pública,Ágata,6.8547,5.0,7.1,8.9,9.5,2.52,5.625,7.0,7.3,6.8,,,,,,False,Moderada (-1 a -2),0,1.0,False
2023,RA-943,0.0,0,0.0,8,Feminino,2023,Pública,Topázio,8.9172,10.0,8.0,9.4,9.5,7.52,7.5,9.925,8.0,8.0,,,,,,False,Adequado (≥ 0),0,0.0,False
2023,RA-782,0.0,1,-1.0,9,Masculino,2022,Pública,Ametista,7.6812,5.0,7.5,9.8,8.5,2.52,7.5,9.345,8.3,6.7,,,,,Ametista,False,Moderada (-1 a -2),1,1.0,False
2023,RA-768,0.0,2,-2.0,11,Feminino,2021,Pública,Topázio,8.4042,5.0,7.9,9.1,10.0,7.52,7.5,10.01,8.0,7.8,,,,,Ametista,False,Moderada (-1 a -2),2,1.0,False
2023,RA-794,0.0,1,-1.0,9,Feminino,2022,Pública,Ametista,7.9842,5.0,6.2,9.2,9.0,7.52,7.5,10.01,5.2,7.2,,,,,Ametista,False,Moderada (-1 a -2),1,1.0,False
2023,RA-795,0.0,1,-1.0,9,Feminino,2022,Pública,Topázio,8.4642,5.0,8.2,9.6,9.0,7.52,7.5,10.01,8.7,7.7,,,,,Topázio,False,Moderada (-1 a -2),1,1.0,False
2023,RA-944,0.0,1,-1.0,9,Feminino,2023,Pública,Ametista,7.0687,5.0,7.5,7.6,9.0,7.52,5.625,6.67,9.2,5.8,,,,,,False,Moderada (-1 a -2),0,1.0,False
2023,RA-945,0.0,0,0.0,8,Masculino,2023,Pública,Topázio,8.0777,10.0,7.9,9.2,8.5,7.52,6.875,6.84,8.0,7.8,,,,,,False,Adequado (≥ 0),0,0.0,False
2023,RA-946,0.0,0,0.0,7,Masculino,2023,Pública,Topázio,8.5822,10.0,9.3,9.4,9.5,7.52,7.5,7.0,9.0,9.5,,,,,,False,Adequado (≥ 0),0,0.0,False
2023,RA-754,0.0,2,-2.0,10,Masculino,2022,Pública,Ágata,6.0537,5.0,5.6,6.1,9.5,2.52,6.875,6.67,5.7,5.4,,,,,Ágata,False,Moderada (-1 a -2),1,1.0,False
2023,RA-947,0.0,0,0.0,8,Masculino,2023,Pública,Ágata,6.3457,10.0,3.3,7.9,9.0,7.52,4.375,5.08,1.7,4.9,,,,,,False,Adequado (≥ 0),0,0.0,False
2023,RA-948,0.0,0,0.0,8,Feminino,2023,Pública,Ágata,6.5277,10.0,0.0,7.6,9.0,7.52,6.875,8.34,0.0,0.0,,,,,,False,Adequado (≥ 0),0,0.0,False
2023,RA-949,0.0,0,0.0,8,Feminino,2023,Pública,Topázio,8.0172,10.0,8.9,8.1,9.5,7.52,6.25,6.5,9.1,8.6,,,,,,False,Adequado (≥ 0),0,0.0,False
2023,RA-950,0.0,0,0.0,8,Feminino,2023,Pública,Topázio,8.8862,10.0,9.3,10.0,9.0,7.52,7.5,8.17,9.5,9.0,,,,,,False,Adequado (≥ 0),0,0.0,False
2023,RA-773,0.0,1,-1.0,9,Feminino,2022,Pública,Ágata,6.9287,5.0,7.9,7.5,10.0,2.52,5.625,7.67,8.0,7.8,,,,,Ágata,False,Moderada (-1 a -2),1,1.0,False
2023,RA-951,0.0,0,0.0,7,Feminino,2023,Pública,Topázio,8.8902,10.0,8.4,9.7,9.5,7.52,7.5,9.09,8.5,8.3,,,,,,False,Adequado (≥ 0),0,0.0,False
2023,RA-769,0.0,2,-2.0,10,Feminino,2022,Pública,Ametista,7.85345,5.0,8.0,9.3,10.0,3.77,7.8125,8.675,8.2,7.8,,,,,Ametista,False,Moderada (-1 a -2),1,1.0,False
2023,RA-952,0.0,0,0.0,8,Masculino,2023,Pública,Topázio,8.37095,10.0,9.0,9.2,9.5,3.77,7.1875,8.425,8.8,9.2,,,,,,False,Adequado (≥ 0),0,0.0,False
2023,RA-826,0.0,1,-1.0,9,Masculino,2022,Pública,Ametista,7.77645,5.0,7.3,10.0,10.0,3.77,7.8125,8.34,7.0,7.5,,,,,Ametista,False,Moderada (-1 a -2),1,1.0,False
2023,RA-953,0.0,0,0.0,8,Feminino,2023,Pública,Ametista,7.54005,10.0,8.3,8.8,7.4,3.14,6.5625,7.09,8.5,8.0,,,,,,False,Adequado (≥ 0),0,0.0,False
2023,RA-954,0.0,0,0.0,8,Feminino,2023,Pública,Ágata,6.82375,10.0,7.7,8.3,0.0,3.14,7.1875,8.005,7.8,7.5,,,,,,False,Adequado (≥ 0),0,0.0,False
2023,RA-780,0.0,2,-2.0,10,Feminino,2022,Pública,Ametista,7.7842,5.0,8.3,8.8,9.5,3.14,8.75,8.675,8.0,8.5,,,,,Ágata,False,Moderada (-1 a -2),1,1.0,False
2023,RA-955,0.0,2,-2.0,10,Feminino,2023,Pública,Ametista,7.1297,5.0,7.8,8.8,9.0,3.14,6.875,7.09,8.0,7.5,,,,,,False,Moderada (-1 a -2),0,1.0,False
2023,RA-831,0.0,1,-1.0,9,Masculino,2022,Pública,Ametista,7.71645,5.0,8.3,9.4,8.0,3.77,7.8125,8.59,8.8,7.8,,,,,Ametista,False,Moderada (-1 a -2),1,1.0,False
2023,RA-783,0.0,1,-1.0,9,Masculino,2021,Pública,Ametista,7.2922,5.0,8.9,6.8,9.5,3.77,7.5,7.925,9.0,8.7,,,,,Ágata,False,Moderada (-1 a -2),2,1.0,False
2023,RA-774,0.0,1,-1.0,9,Feminino,2022,Pública,Quartzo,5.852,5.0,6.9,9.5,0.0,3.14,5.0,6.34,7.7,6.0,,,,,Ametista,False,Moderada (-1 a -2),1,1.0,False
2023,RA-748,0.0,2,-2.0,10,Masculino,2022,Pública,Topázio,8.7142,5.0,9.1,9.7,9.5,7.52,7.5,10.01,9.0,9.2,,,,,Topázio,False,Moderada (-1 a -2),1,1.0,False
2023,RA-749,0.0,1,-1.0,9,Masculino,2022,Pública,Ametista,7.7597,5.0,7.3,9.0,10.0,7.52,5.625,8.425,7.3,7.3,,,,,Ametista,False,Moderada (-1 a -2),1,1.0,False
2023,RA-956,0.0,2,-2.0,11,Masculino,2023,Pública,Ametista,7.7312,5.0,7.8,7.5,8.0,7.52,7.5,9.345,7.8,7.8,,,,,,False,Moderada (-1 a -2),0,1.0,False
2023,RA-787,0.0,1,-1.0,9,Masculino,2022,Pública,Ametista,7.5227,5.0,5.9,9.8,9.0,7.52,5.625,8.34,6.0,5.8,,,,,Ametista,False,Moderada (-1 a -2),1,1.0,False
2023,RA-957,0.0,0,0.0,8,Feminino,2023,Pública,Topázio,9.1672,10.0,9.1,9.3,10.0,7.52,7.5,9.925,9.0,9.2,,,,,,False,Adequado (≥ 0),0,0.0,False
2023,RA-753,0.0,1,-1.0,9,Feminino,2022,Pública,Topázio,8.6672,5.0,9.0,9.9,9.0,7.52,7.5,9.925,9.0,9.0,,,,,Topázio,False,Moderada (-1 a -2),1,1.0,False
2023,RA-958,0.0,0,0.0,8,Feminino,2023,Pública,Topázio,9.2902,10.0,9.3,9.8,10.0,7.52,7.5,9.84,9.3,9.3,,,,,,False,Adequado (≥ 0),0,0.0,False
2023,RA-755,0.0,1,-1.0,9,Masculino,2022,Pública,Topázio,8.7442,5.0,9.2,9.5,10.0,7.52,7.5,10.01,9.2,9.2,,,,,Topázio,False,Moderada (-1 a -2),1,1.0,False
2023,RA-763,0.0,2,-2.0,10,Feminino,2021,Pública,Ágata,6.7215,5.0,7.9,9.2,0.0,3.14,6.875,9.0,7.8,8.0,,,,,Ametista,False,Moderada (-1 a -2),2,1.0,False
2023,RA-757,0.0,2,-2.0,10,Feminino,2022,Pública,Topázio,8.6742,5.0,9.3,9.6,9.0,7.52,7.5,10.01,9.5,9.0,,,,,Topázio,False,Moderada (-1 a -2),1,1.0,False
2023,RA-959,0.0,0,0.0,8,Masculino,2023,Pública,Topázio,8.6677,10.0,7.7,9.6,10.0,7.52,6.875,8.84,7.7,7.7,,,,,,False,Adequado (≥ 0),0,0.0,False
2023,RA-960,0.0,2,-2.0,10,Masculino,2023,Pública,Ametista,7.0847,5.0,6.3,10.0,8.5,7.52,5.625,5.85,6.5,6.0,,,,,,False,Moderada (-1 a -2),0,1.0,False
2023,RA-961,0.0,1,-1.0,9,Masculino,2023,Pública,Quartzo,5.99625,5.0,6.2,8.7,0.0,2.52,5.3125,8.665,6.2,6.2,,,,,,False,Moderada (-1 a -2),0,1.0,False
2023,RA-962,0.0,1,-1.0,9,Feminino,2023,Pública,Topázio,8.4742,5.0,8.7,9.2,9.0,7.52,7.5,10.01,9.5,7.8,,,,,,False,Moderada (-1 a -2),0,1.0,False
2023,RA-805,0.0,1,-1.0,9,Masculino,2021,Pública,Ágata,6.492,5.0,6.8,9.1,0.0,7.52,6.25,7.175,6.8,6.8,,,,,Topázio,False,Moderada (-1 a -2),2,1.0,False
2023,RA-806,0.0,1,-1.0,9,Masculino,2022,Pública,Ametista,7.2937,5.0,7.8,8.3,8.5,6.27,6.875,7.095,7.8,7.7,,,,,Ametista,False,Moderada (-1 a -2),1,1.0,False
2023,RA-807,0.0,1,-1.0,9,Masculino,2022,Pública,Ametista,7.8632,5.0,8.0,9.1,9.5,7.52,6.25,8.08,8.3,7.7,,,,,Topázio,False,Moderada (-1 a -2),1,1.0,False
2023,RA-963,0.0,1,-1.0,9,Feminino,2023,Pública,Topázio,8.6142,5.0,8.5,9.8,9.5,7.52,7.5,10.01,8.3,8.7,,,,,,False,Moderada (-1 a -2),0,1.0,False
2023,RA-964,0.0,1,-1.0,9,Masculino,2023,Pública,Ametista,7.7997,5.0,7.2,9.4,8.5,7.52,6.875,8.5,7.3,7.0,,,,,,False,Moderada (-1 a -2),0,1.0,False
2023,RA-965,0.0,1,-1.0,9,Feminino,2023,Pública,Ágata,6.4832,5.0,4.7,8.2,8.5,6.27,5.0,7.18,5.3,4.0,,,,,,False,Moderada (-1 a -2),0,1.0,False
2023,RA-966,0.0,1,-1.0,9,Masculino,2023,Pública,Ametista,7.44345,5.0,5.0,10.0,10.0,7.52,6.5625,7.675,5.0,5.0,,,,,,False,Moderada (-1 a -2),0,1.0,False
2023,RA-967,0.0,2,-2.0,10,Masculino,2023,Pública,Ametista,7.1347,5.0,6.5,8.0,9.5,7.52,5.625,7.35,6.5,6.5,,,,,,False,Moderada (-1 a -2),0,1.0,False
2023,RA-968,0.0,1,-1.0,9,Feminino,2023,Pública,Topázio,8.4942,5.0,8.3,9.7,9.0,7.52,7.5,10.01,8.0,8.5,,,,,,False,Moderada (-1 a -2),0,1.0,False
2023,RA-812,0.0,0,0.0,8,Masculino,2022,Pública,Topázio,8.0357,10.0,5.8,9.1,9.5,7.52,6.875,8.33,6.3,5.3,,,,,Ametista,False,Adequado (≥ 0),1,0.0,False
2023,RA-969,0.0,0,0.0,8,Masculino,2023,Pública,Ametista,7.7692,10.0,5.5,9.7,8.5,7.52,6.25,7.51,6.0,5.0,,,,,,False,Adequado (≥ 0),0,0.0,False
2023,RA-970,0.0,0,0.0,8,Feminino,2023,Pública,Topázio,8.9977,10.0,9.4,8.1,8.5,7.52,9.375,9.84,9.2,9.5,,,,,,False,Adequado (≥ 0),0,0.0,False
2023,RA-971,0.0,0,0.0,8,Masculino,2023,Pública,Ametista,7.0169,10.0,6.9,6.4,7.8,3.77,5.625,8.17,5.5,8.3,,,,,,False,Adequado (≥ 0),0,0.0,False
2023,RA-972,0.0,0,0.0,8,Masculino,2023,Pública,Ametista,7.5427,10.0,6.0,9.1,9.0,3.77,6.875,7.84,6.2,5.7,,,,,,False,Adequado (≥ 0),0,0.0,False
2023,RA-973,0.0,1,-1.0,9,Masculino,2023,Pública,Quartzo,5.82875,5.0,5.2,8.6,0.0,3.77,7.1875,7.415,6.2,4.1,,,,,,False,Moderada (-1 a -2),0,1.0,False
2023,RA-974,0.0,0,0.0,7,Masculino,2023,Pública,Topázio,8.4752,10.0,8.8,9.1,9.0,3.77,7.5,9.34,8.8,8.8,,,,,,False,Adequado (≥ 0),0,0.0,False
2023,RA-975,0.0,0,0.0,7,Feminino,2023,Pública,Ametista,7.7803,10.0,6.5,9.2,7.9,7.52,5.625,7.67,7.2,5.8,,,,,,False,Adequado (≥ 0),0,0.0,False
2023,RA-976,0.0,0,0.0,8,Masculino,2023,Pública,Topázio,8.39895,10.0,8.6,9.2,9.5,6.27,5.9375,8.34,9.0,8.2,,,,,,False,Adequado (≥ 0),0,0.0,False
2023,RA-977,0.0,0,0.0,7,Feminino,2023,Pública,Ametista,7.1717,10.0,5.8,7.4,8.5,5.02,5.625,8.085,5.7,5.9,,,,,,False,Adequado (≥ 0),0,0.0,False
2023,RA-978,0.0,0,0.0,7,Feminino,2023,Pública,Topázio,8.3877,10.0,8.6,9.8,9.0,3.77,5.625,9.34,8.7,8.5,,,,,,False,Adequado (≥ 0),0,0.0,False
2023,RA-979,0.0,0,0.0,8,Masculino,2023,Pública,Topázio,8.1617,10.0,6.0,9.6,9.5,6.27,5.625,9.51,6.0,6.0,,,,,,False,Adequado (≥ 0),0,0.0,False
2023,RA-980,0.0,0,0.0,8,Feminino,2023,Pública,Ametista,7.1425,10.0,6.3,9.8,0.0,5.02,5.625,9.34,6.5,6.0,,,,,,False,Adequado (≥ 0),0,0.0,False
2023,RA-808,0.0,1,-1.0,9,Masculino,2022,Pública,Topázio,8.1932,5.0,8.7,10.0,10.0,2.52,7.5,9.755,8.7,8.7,,,,,Topázio,False,Moderada (-1 a -2),1,1.0,False
2023,RA-981,0.0,0,0.0,7,Feminino,2023,Pública,Ametista,7.5367,10.0,5.8,9.1,9.5,2.52,5.625,9.01,5.7,5.8,,,,,,False,Adequado (≥ 0),0,0.0,False
2023,RA-982,0.0,0,0.0,7,Masculino,2023,Pública,Ametista,7.1215,10.0,8.6,9.1,0.0,2.52,5.625,8.835,8.7,8.5,,,,,,False,Adequado (≥ 0),0,0.0,False
2023,RA-983,0.0,0,0.0,8,Masculino,2023,Pública,Topázio,8.3502,10.0,8.8,9.9,8.5,2.52,6.25,9.415,8.8,8.8,,,,,,False,Adequado (≥ 0),0,0.0,False
2023,RA-984,0.0,0,0.0,8,Feminino,2023,Pública,Topázio,8.8177,10.0,8.3,9.8,8.0,7.52,6.875,9.84,8.3,8.2,,,,,,False,Adequado (≥ 0),0,0.0,False
2023,RA-985,0.0,0,0.0,8,Masculino,2023,Pública,Ametista,7.6247,10.0,6.8,9.3,9.0,2.52,5.625,8.5,7.3,6.2,,,,,,False,Adequado (≥ 0),0,0.0,False
2023,RA-986,0.0,0,0.0,8,Feminino,2023,Pública,Topázio,8.0107,10.0,8.3,9.1,9.5,2.52,5.625,8.83,8.3,8.3,,,,,,False,Adequado (≥ 0),0,0.0,False
2023,RA-987,0.0,0,0.0,8,Masculino,2023,Pública,Ametista,7.6765,10.0,7.3,9.8,0.0,6.27,6.875,9.76,7.5,7.0,,,,,,False,Adequado (≥ 0),0,0.0,False
2023,RA-988,0.0,1,-1.0,9,Feminino,2023,Pública,Ametista,7.9568,5.0,8.5,8.1,7.9,7.52,6.25,9.84,8.5,8.5,,,,,,False,Moderada (-1 a -2),0,1.0,False
2023,RA-989,0.0,1,-1.0,9,Masculino,2023,Pública,Ametista,7.7242,5.0,8.3,8.1,9.5,2.52,7.5,10.01,8.7,7.8,,,,,,False,Moderada (-1 a -2),0,1.0,False
2023,RA-677,0.0,1,-1.0,9,Feminino,2021,Pública,Topázio,8.5257,5.0,8.7,8.2,10.0,10.0,6.875,9.84,9.0,8.3,,,,,Topázio,False,Moderada (-1 a -2),2,1.0,False
2023,RA-990,0.0,1,-1.0,9,Masculino,2023,Pública,Ametista,7.254,5.0,7.8,8.5,0.0,7.52,7.5,10.01,8.3,7.2,,,,,,False,Moderada (-1 a -2),0,1.0,False
2023,RA-991,0.0,1,-1.0,9,Feminino,2023,Pública,Ametista,7.7687,5.0,7.7,9.1,10.0,3.14,6.875,9.585,8.0,7.3,,,,,,False,Moderada (-1 a -2),0,1.0,False
2023,RA-992,0.0,2,-2.0,10,Masculino,2023,Pública,Ametista,7.2722,5.0,8.0,8.2,9.5,3.14,5.0,8.84,8.2,7.8,,,,,,False,Moderada (-1 a -2),0,1.0,False
2023,RA-703,0.0,2,-2.0,11,Masculino,2021,Pública,Ágata,6.2737,5.0,4.6,8.4,9.5,3.14,6.875,6.16,4.8,4.3,,,,,Ágata,False,Moderada (-1 a -2),2,1.0,False
2023,RA-993,0.0,0,0.0,8,Feminino,2023,Pública,Topázio,8.7592,10.0,8.6,9.8,9.5,3.77,7.5,10.01,8.5,8.7,,,,,,False,Adequado (≥ 0),0,0.0,False
2023,RA-674,0.0,1,-1.0,9,Masculino,2022,Pública,Ágata,6.6328,5.0,5.2,8.5,7.9,3.77,5.0,8.67,5.3,5.0,,,,,Ametista,False,Moderada (-1 a -2),1,1.0,False
2023,RA-994,0.0,0,0.0,8,Feminino,2023,Pública,Ametista,7.4127,10.0,6.0,9.4,9.5,3.77,5.625,7.265,6.2,5.7,,,,,,False,Adequado (≥ 0),0,0.0,False
2023,RA-995,0.0,2,-2.0,11,Feminino,2023,Pública,Ágata,6.4782,5.0,5.1,7.9,9.5,3.77,6.25,7.18,5.3,4.8,,,,,,False,Moderada (-1 a -2),0,1.0,False
2023,RA-996,0.0,1,-1.0,9,Masculino,2023,Pública,Topázio,8.1892,5.0,8.6,9.2,10.0,3.77,7.5,10.01,8.7,8.5,,,,,,False,Moderada (-1 a -2),0,1.0,False
2023,RA-997,0.0,0,0.0,8,Masculino,2023,Pública,Ametista,7.5687,10.0,7.1,8.7,7.5,3.77,5.625,8.595,7.2,7.0,,,,,,False,Adequado (≥ 0),0,0.0,False
2023,RA-998,0.0,2,-2.0,11,Feminino,2023,Pública,Ametista,7.9752,5.0,7.9,9.3,9.5,3.77,7.5,9.84,8.0,7.7,,,,,,False,Moderada (-1 a -2),0,1.0,False
2023,RA-999,0.0,1,-1.0,9,Masculino,2023,Pública,Topázio,8.0352,5.0,8.3,9.4,9.0,3.77,7.5,9.84,8.3,8.3,,,,,,False,Moderada (-1 a -2),0,1.0,False
2023,RA-750,0.0,2,-2.0,11,Masculino,2019,Pública,Quartzo,5.6857,5.0,3.4,7.7,9.5,3.14,4.375,6.32,3.3,3.5,,,,,Ágata,False,Moderada (-1 a -2),4,1.0,False
2023,RA-770,0.0,0,0.0,8,Masculino,2022,Pública,Ágata,6.6785,10.0,5.9,8.3,0.0,3.77,6.875,8.92,6.0,5.7,,,,,Topázio,False,Adequado (≥ 0),1,0.0,False
2023,RA-771,0.0,0,0.0,7,Feminino,2022,Pública,Ametista,7.056,10.0,8.2,8.8,0.0,3.14,6.25,8.585,8.2,8.2,,,,,Ametista,False,Adequado (≥ 0),1,0.0,False
2023,RA-1000,0.0,0,0.0,8,Feminino,2023,Pública,Ametista,7.9162,10.0,7.0,9.4,8.5,3.77,6.25,8.92,7.0,7.0,,,,,,False,Adequado (≥ 0),0,0.0,False
2023,RA-830,0.0,1,-1.0,9,Feminino,2022,Pública,Ágata,6.78,5.0,8.3,8.9,0.0,3.14,6.25,9.505,8.3,8.3,,,,,Ametista,False,Moderada (-1 a -2),1,1.0,False
2023,RA-1001,0.0,1,-1.0,9,Feminino,2023,Pública,Topázio,8.1162,5.0,7.8,9.1,9.0,7.52,7.5,9.17,8.3,7.3,,,,,,False,Moderada (-1 a -2),0,1.0,False
2023,RA-1002,0.0,1,-1.0,9,Feminino,2023,Pública,Ametista,7.9012,5.0,7.0,9.7,9.0,7.52,6.25,8.92,7.0,7.0,,,,,,False,Moderada (-1 a -2),0,1.0,False
2023,RA-1003,0.0,0,0.0,8,Masculino,2023,Pública,Ametista,7.6522,10.0,4.0,8.5,9.0,7.52,7.5,8.75,8.0,0.0,,,,,,False,Adequado (≥ 0),0,0.0,False
2023,RA-835,0.0,0,0.0,8,Masculino,2022,Pública,Topázio,8.2467,10.0,8.7,8.5,8.0,7.52,6.875,7.835,8.5,8.9,,,,,Ametista,False,Adequado (≥ 0),1,0.0,False
2023,RA-1004,0.0,0,0.0,8,Feminino,2023,Pública,Topázio,8.3137,10.0,7.9,9.6,9.0,7.52,6.875,7.42,6.5,9.2,,,,,,False,Adequado (≥ 0),0,0.0,False
2023,RA-1005,0.0,0,0.0,8,Masculino,2023,Pública,Topázio,8.4252,10.0,8.8,7.9,9.5,7.52,7.5,8.165,8.4,9.2,,,,,,False,Adequado (≥ 0),0,0.0,False
2023,RA-1006,0.0,0,0.0,8,Feminino,2023,Pública,Topázio,8.5922,10.0,8.7,9.3,9.0,7.52,7.5,8.0,8.7,8.6,,,,,,False,Adequado (≥ 0),0,0.0,False
2023,RA-705,0.0,2,-2.0,10,Masculino,2022,Pública,Ágata,6.982,5.0,8.8,8.3,0.0,6.89,7.5,8.165,8.9,8.6,,,,,Ágata,False,Moderada (-1 a -2),1,1.0,False
2023,RA-1007,0.0,0,0.0,8,Masculino,2023,Pública,Topázio,8.0782,10.0,8.3,7.4,9.0,7.52,7.5,7.68,8.1,8.5,,,,,,False,Adequado (≥ 0),0,0.0,False
2023,RA-1008,0.0,0,0.0,8,Masculino,2023,Pública,Topázio,8.13595,10.0,8.4,8.6,9.0,7.52,5.9375,7.5,7.5,9.2,,,,,,False,Adequado (≥ 0),0,0.0,False
2023,RA-729,0.0,1,-1.0,9,Feminino,2022,Pública,Ametista,7.26545,5.0,8.6,9.1,8.0,3.77,6.5625,7.01,8.2,8.9,,,,,Topázio,False,Moderada (-1 a -2),1,1.0,False
2023,RA-1009,0.0,0,0.0,8,Masculino,2023,Pública,Ametista,7.245,10.0,8.8,9.0,0.0,3.77,7.5,7.84,8.3,9.2,,,,,,False,Adequado (≥ 0),0,0.0,False
2023,RA-1010,0.0,0,0.0,8,Masculino,2023,Pública,Topázio,8.70645,10.0,9.4,10.0,9.5,3.77,7.8125,8.59,9.0,9.8,,,,,,False,Adequado (≥ 0),0,0.0,False
2023,RA-1011,0.0,0,0.0,7,Masculino,2023,Pública,Ametista,7.33095,10.0,5.2,8.6,9.5,3.77,7.1875,7.675,5.5,4.8,,,,,,False,Adequado (≥ 0),0,0.0,False
2023,RA-1012,0.0,0,0.0,8,Feminino,2023,Pública,Ametista,7.96495,10.0,6.6,9.9,10.0,3.77,7.1875,7.845,7.0,6.2,,,,,,False,Adequado (≥ 0),0,0.0,False
2023,RA-1013,0.0,0,0.0,7,Masculino,2023,Pública,Ametista,7.6237,10.0,8.3,9.6,9.0,4.39,5.625,5.76,7.0,9.5,,,,,,False,Adequado (≥ 0),0,0.0,False
2023,RA-1014,0.0,0,0.0,7,Feminino,2023,Pública,Topázio,8.2582,10.0,8.2,9.7,9.0,3.77,7.5,8.255,7.7,8.7,,,,,,False,Adequado (≥ 0),0,0.0,False
2023,RA-1015,1.0,2,-1.0,10,Feminino,2023,Pública,Ametista,7.538908333,5.0,6.3,9.3,10.0,6.27,7.34375,7.786666667,5.0,7.6,,,,,,False,Moderada (-1 a -2),0,1.0,False
2023,RA-734,1.0,2,-1.0,11,Feminino,2022,Pública,Ametista,7.305908333,5.0,6.9,8.0,8.5,7.52,7.34375,7.446666667,6.8,7.0,,,,,Ágata,False,Moderada (-1 a -2),1,1.0,False
2023,RA-687,1.0,2,-1.0,10,Masculino,2022,Pública,Ametista,7.617533333,5.0,6.9,9.0,8.0,7.52,7.5,8.226666667,6.7,7.0,,,,,Ametista,False,Moderada (-1 a -2),1,1.0,False
2023,RA-1016,1.0,2,-1.0,10,Feminino,2023,Pública,Ametista,7.762575,5.0,6.7,9.5,10.0,7.52,7.34375,7.73,5.8,7.5,,,,,,False,Moderada (-1 a -2),0,1.0,False
2023,RA-1017,1.0,2,-1.0,11,Masculino,2023,Pública,Ágata,6.505333333,5.0,7.7,8.0,0.0,5.02,7.5,8.116666667,7.0,8.3,,,,,,False,Moderada (-1 a -2),0,1.0,False
2023,RA-688,1.0,2,-1.0,10,Masculino,2022,Pública,Topázio,8.0442,5.0,8.6,9.3,8.5,7.52,7.5,8.06,8.2,9.0,,,,,Ametista,False,Moderada (-1 a -2),1,1.0,False
2023,RA-1018,1.0,1,0.0,9,Masculino,2023,Pública,Ágata,6.824,10.0,6.3,8.5,0.0,5.02,7.5,8.06,5.8,6.8,,,,,,False,Adequado (≥ 0),0,0.0,False
2023,RA-696,1.0,1,0.0,9,Feminino,2021,Pública,Ametista,7.172666667,10.0,6.7,9.4,0.0,5.02,7.5,8.503333333,5.2,8.2,,,,,Ametista,False,Adequado (≥ 0),2,0.0,False
2023,RA-1019,1.0,0,1.0,8,Feminino,2023,Pública,Ametista,7.177033333,10.0,4.3,9.1,7.5,5.02,6.875,7.836666667,0.5,8.0,,,,,,False,Adequado (≥ 0),0,0.0,False
2023,RA-514,1.0,2,-1.0,10,Feminino,2022,Pública,Quartzo,5.823133333,5.0,5.5,7.5,7.9,2.52,5.0,5.896666667,4.2,6.8,,,,,Ametista,False,Moderada (-1 a -2),1,1.0,False
2023,RA-1020,1.0,1,0.0,9,Feminino,2023,Pública,Ametista,7.612283333,10.0,6.1,9.1,10.0,2.52,7.1875,8.056666667,4.3,7.8,,,,,,False,Adequado (≥ 0),0,0.0,False
2023,RA-1021,1.0,1,0.0,9,Masculino,2023,Pública,Ágata,6.964616667,10.0,3.3,9.2,8.0,3.77,7.1875,7.893333333,2.5,4.0,,,,,,False,Adequado (≥ 0),0,0.0,False
2023,RA-1022,1.0,1,0.0,9,Masculino,2023,Pública,Ametista,7.164616667,10.0,4.7,8.5,8.5,3.77,7.1875,7.893333333,4.7,4.7,,,,,,False,Adequado (≥ 0),0,0.0,False
2023,RA-1023,1.0,1,0.0,9,Feminino,2023,Pública,Topázio,9.1342,10.0,9.1,10.0,10.0,6.27,8.75,9.06,8.5,9.7,,,,,,False,Adequado (≥ 0),0,0.0,False
2023,RA-699,1.0,2,-1.0,10,Masculino,2022,Pública,Ágata,6.389991667,5.0,6.0,8.3,8.5,3.77,5.78125,6.173333333,5.7,6.2,,,,,Ágata,False,Moderada (-1 a -2),1,1.0,False
2023,RA-480,1.0,2,-1.0,11,Feminino,2021,Pública,Topázio,8.226408333,5.0,7.9,9.7,10.0,7.52,7.96875,8.336666667,7.2,8.5,,,,,Ametista,False,Moderada (-1 a -2),2,1.0,False
2023,RA-678,1.0,2,-1.0,10,Masculino,2022,Pública,Ametista,7.570158333,5.0,7.3,8.8,8.0,6.27,7.65625,8.336666667,6.8,7.7,,,,,Ametista,False,Moderada (-1 a -2),1,1.0,False
2023,RA-1024,1.0,2,-1.0,10,Feminino,2023,Pública,Ametista,7.788875,5.0,9.8,10.0,0.0,6.27,9.21875,8.95,10.0,9.5,,,,,,False,Moderada (-1 a -2),0,1.0,False
2023,RA-502,1.0,1,0.0,9,Feminino,2021,Privada / bolsa,Topázio,8.749075,10.0,8.0,9.8,8.5,7.52,7.96875,8.95,6.7,9.3,,,,,Topázio,False,Adequado (≥ 0),2,0.0,False
2023,RA-1025,1.0,1,0.0,9,Masculino,2023,Pública,Topázio,8.215158333,10.0,7.5,8.9,8.5,7.52,7.65625,7.836666667,7.5,7.5,,,,,,False,Adequado (≥ 0),0,0.0,False
2023,RA-680,1.0,2,-1.0,11,Feminino,2019,Pública,Ágata,6.5855,5.0,6.4,9.1,0.0,7.52,6.875,7.78,5.2,7.5,,,,,Ametista,False,Moderada (-1 a -2),4,1.0,False
2023,RA-1026,1.0,4,-3.0,14,Feminino,2023,Pública,Ágata,6.494825,2.5,3.2,9.8,8.5,7.52,6.40625,7.06,2.3,4.0,,,,,,False,Severa (≤ -3),0,1.0,False
2023,RA-698,1.0,1,0.0,9,Masculino,2021,Pública,Ametista,7.553616667,10.0,5.7,9.9,8.5,2.52,7.1875,8.113333333,4.3,7.0,,,,,Ametista,False,Adequado (≥ 0),2,0.0,False
2023,RA-533,1.0,2,-1.0,11,Masculino,2022,Pública,Ametista,7.434866667,5.0,5.8,9.3,9.0,7.52,7.5,7.613333333,4.8,6.7,,,,,Ágata,False,Moderada (-1 a -2),1,1.0,False
2023,RA-504,1.0,1,0.0,9,Feminino,2021,Pública,Topázio,8.299533333,10.0,7.9,8.3,8.0,7.52,7.5,8.836666667,6.5,9.2,,,,,Topázio,False,Adequado (≥ 0),2,0.0,False
2023,RA-1027,1.0,2,-1.0,10,Feminino,2023,Pública,Ametista,7.748866667,5.0,6.0,9.7,9.5,7.52,7.5,8.333333333,4.2,7.7,,,,,,False,Moderada (-1 a -2),0,1.0,False
2023,RA-529,1.0,3,-2.0,13,Masculino,2020,Pública,Ametista,7.278991667,5.0,6.8,9.6,8.0,7.52,5.78125,6.893333333,4.8,8.7,,,,,Ágata,False,Moderada (-1 a -2),3,1.0,False
2023,RA-1028,1.0,2,-1.0,11,Masculino,2023,Pública,Ágata,6.415708333,5.0,5.0,9.2,0.0,7.52,7.34375,7.946666667,5.0,5.0,,,,,,False,Moderada (-1 a -2),0,1.0,False
2023,RA-686,1.0,2,-1.0,10,Feminino,2022,Pública,Ametista,7.9642,5.0,8.0,9.0,8.5,7.52,7.5,8.56,7.3,8.7,,,,,Ametista,False,Moderada (-1 a -2),1,1.0,False
2023,RA-1029,1.0,1,0.0,9,Feminino,2023,Pública,Ametista,7.058533333,10.0,5.4,6.3,10.0,3.77,7.5,8.006666667,3.5,7.2,,,,,,False,Adequado (≥ 0),0,0.0,False
2023,RA-1030,1.0,2,-1.0,11,Masculino,2023,Pública,Ametista,7.4027,5.0,6.9,9.7,8.5,3.77,6.875,8.39,6.2,7.5,,,,,,False,Moderada (-1 a -2),0,1.0,False
2023,RA-522,1.0,2,-1.0,10,Masculino,2021,Pública,Ametista,7.890533333,5.0,8.3,9.2,7.5,7.52,7.083333333,8.45,8.3,8.2,,,,,Topázio,False,Moderada (-1 a -2),2,1.0,False
2023,RA-501,1.0,2,-1.0,10,Masculino,2021,Pública,Topázio,8.1357,5.0,8.9,8.4,7.0,7.52,8.541666667,9.396666667,9.2,8.5,,,,,Ametista,False,Moderada (-1 a -2),2,1.0,False
2023,RA-692,1.0,2,-1.0,10,Feminino,2021,Privada / bolsa,Ágata,6.588466667,5.0,4.6,7.7,7.4,7.52,6.666666667,7.39,2.8,6.3,,,,,Ametista,False,Moderada (-1 a -2),2,1.0,False
2023,RA-527,1.0,2,-1.0,10,Feminino,2022,Pública,Ametista,7.5682,5.0,6.5,9.1,9.0,7.52,7.5,7.78,5.7,7.2,,,,,Ametista,False,Moderada (-1 a -2),1,1.0,False
2023,RA-1031,1.0,2,-1.0,10,Masculino,2023,Pública,Ametista,7.0602,5.0,5.9,8.8,8.0,7.52,6.666666667,7.006666667,4.8,7.0,,,,,,False,Moderada (-1 a -2),0,1.0,False
2023,RA-1032,1.0,2,-1.0,10,Masculino,2023,Pública,Ametista,7.434033333,5.0,6.0,9.5,8.5,7.52,7.291666667,7.563333333,5.7,6.2,,,,,,False,Moderada (-1 a -2),0,1.0,False
2023,RA-1033,1.0,2,-1.0,11,Feminino,2023,Pública,Topázio,8.126033333,5.0,7.9,8.9,9.0,7.52,8.125,9.006666667,7.0,8.8,,,,,,False,Moderada (-1 a -2),0,1.0,False
2023,RA-1034,1.0,2,-1.0,10,Masculino,2023,Pública,Ametista,7.9642,5.0,8.3,9.0,7.5,7.52,8.333333333,8.393333333,7.8,8.7,,,,,,False,Moderada (-1 a -2),0,1.0,False
2023,RA-1035,1.0,1,0.0,9,Masculino,2023,Pública,Ágata,6.888833333,10.0,5.8,8.3,0.0,7.52,7.708333333,7.78,4.0,7.5,,,,,,False,Adequado (≥ 0),0,0.0,False
2023,RA-730,1.0,2,-1.0,10,Feminino,2021,Privada / bolsa,Ametista,7.979325,5.0,7.8,8.7,10.0,5.02,9.53125,8.67,7.8,7.7,,,,,Ametista,False,Moderada (-1 a -2),2,1.0,False
2023,RA-855,1.0,1,0.0,9,Feminino,2022,Pública,Topázio,8.62995,10.0,6.8,10.0,9.5,7.52,8.4375,8.67,5.2,8.3,,,,,Topázio,False,Adequado (≥ 0),1,0.0,False
2023,RA-820,1.0,2,-1.0,10,Masculino,2022,Pública,Ametista,7.85605,5.0,8.9,7.4,7.9,7.52,9.0625,8.28,9.2,8.5,,,,,Ametista,False,Moderada (-1 a -2),1,1.0,False
2023,RA-738,1.0,1,0.0,9,Feminino,2022,Pública,Topázio,8.123283333,10.0,6.0,9.3,8.0,7.52,8.4375,8.336666667,4.2,7.8,,,,,Ametista,False,Adequado (≥ 0),1,0.0,False
2023,RA-1036,1.0,2,-1.0,11,Feminino,2023,Pública,Ágata,6.970583333,5.0,8.0,9.6,0.0,3.77,9.0625,8.336666667,9.0,7.0,,,,,,False,Moderada (-1 a -2),0,1.0,False
2023,RA-1037,1.0,2,-1.0,10,Masculino,2023,Pública,Ametista,7.655575,5.0,6.7,8.4,9.0,7.52,8.59375,8.17,5.0,8.3,,,,,,False,Moderada (-1 a -2),0,1.0,False
2023,RA-576,1.0,2,-1.0,11,Feminino,2022,Pública,Ametista,7.984741667,5.0,8.0,9.3,9.0,5.02,9.21875,8.503333333,6.5,9.5,,,,,Ametista,False,Moderada (-1 a -2),1,1.0,False
2023,RA-1038,1.0,2,-1.0,10,Feminino,2023,Privada / bolsa,Ametista,7.736825,5.0,6.5,9.3,8.0,7.52,8.90625,8.17,7.5,5.5,,,,,,False,Moderada (-1 a -2),0,1.0,False
2023,RA-1039,1.0,3,-2.0,12,Masculino,2023,Pública,Ametista,7.686033333,5.0,6.2,9.9,8.0,7.52,8.125,8.056666667,6.0,6.3,,,,,,False,Moderada (-1 a -2),0,1.0,False
2023,RA-1040,1.0,2,-1.0,11,Masculino,2023,Pública,Ametista,7.81545,5.0,6.6,9.3,10.0,7.52,7.8125,8.06,5.8,7.3,,,,,,False,Moderada (-1 a -2),0,1.0,False
2023,RA-1041,1.0,2,-1.0,10,Feminino,2023,Pública,Ágata,6.724116667,5.0,3.3,7.2,10.0,7.52,7.8125,8.003333333,1.8,4.7,,,,,,False,Moderada (-1 a -2),0,1.0,False
2023,RA-733,1.0,1,0.0,9,Feminino,2022,Pública,Topázio,8.3342,10.0,6.2,8.7,10.0,7.52,8.333333333,8.893333333,4.3,8.0,,,,,Ágata,False,Adequado (≥ 0),1,0.0,False
2023,RA-837,1.0,1,0.0,9,Masculino,2022,Pública,Topázio,8.2712,10.0,7.0,9.3,9.0,7.52,7.916666667,7.836666667,6.3,7.7,,,,,Topázio,False,Adequado (≥ 0),1,0.0,False
2023,RA-519,1.0,2,-1.0,10,Masculino,2022,Pública,Topázio,8.0177,5.0,7.4,9.9,9.0,7.52,7.708333333,8.223333333,7.5,7.2,,,,,Ametista,False,Moderada (-1 a -2),1,1.0,False
2023,RA-521,1.0,2,-1.0,10,Masculino,2022,Pública,Ágata,6.768666667,5.0,7.9,9.9,0.0,3.77,7.083333333,8.166666667,7.0,8.7,,,,,Ametista,False,Moderada (-1 a -2),1,1.0,False
2023,RA-1042,1.0,2,-1.0,10,Masculino,2023,Pública,Quartzo,5.331166667,5.0,4.3,6.5,0.0,3.77,7.708333333,7.666666667,4.0,4.5,,,,,,False,Moderada (-1 a -2),0,1.0,False
2023,RA-713,1.0,2,-1.0,10,Masculino,2021,Pública,Ametista,7.408033333,5.0,7.5,9.6,8.0,3.77,6.875,8.166666667,6.7,8.2,,,,,Ametista,False,Moderada (-1 a -2),2,1.0,False
2023,RA-736,1.0,2,-1.0,10,Masculino,2022,Pública,Ametista,7.600033333,5.0,6.7,9.5,8.5,6.27,7.708333333,8.11,4.8,8.5,,,,,Ágata,False,Moderada (-1 a -2),1,1.0,False
2023,RA-1043,1.0,2,-1.0,10,Masculino,2023,Pública,Ágata,6.5447,5.0,2.5,7.9,10.0,6.27,7.708333333,7.833333333,2.0,3.0,,,,,,False,Moderada (-1 a -2),0,1.0,False
2023,RA-716,1.0,2,-1.0,10,Masculino,2022,Pública,Ágata,6.813366667,5.0,5.6,8.7,9.0,3.77,6.875,7.443333333,5.0,6.2,,,,,Ágata,False,Moderada (-1 a -2),1,1.0,False
2023,RA-1044,1.0,2,-1.0,10,Feminino,2023,Pública,Ametista,7.629533333,5.0,6.1,9.7,8.0,7.52,7.5,8.336666667,4.5,7.7,,,,,,False,Moderada (-1 a -2),0,1.0,False
2023,RA-745,1.0,2,-1.0,10,Masculino,2021,Privada / bolsa,Ametista,7.668366667,5.0,7.0,9.3,9.5,3.77,8.125,8.893333333,5.7,8.2,,,,,Ametista,False,Moderada (-1 a -2),2,1.0,False
2023,RA-717,1.0,2,-1.0,11,Feminino,2021,Pública,Ágata,6.633833333,5.0,5.9,8.5,0.0,7.52,8.125,8.446666667,5.5,6.3,,,,,Ágata,False,Moderada (-1 a -2),2,1.0,False
2023,RA-718,1.0,1,0.0,9,Feminino,2022,Pública,Topázio,8.166866667,10.0,7.8,9.1,9.5,3.77,7.916666667,8.39,6.3,9.2,,,,,Topázio,False,Adequado (≥ 0),1,0.0,False
2023,RA-721,1.0,1,0.0,9,Feminino,2021,Pública,Topázio,8.683366667,10.0,8.4,9.5,8.5,7.52,8.125,8.443333333,7.5,9.3,,,,,Ametista,False,Adequado (≥ 0),2,0.0,False
2023,RA-746,1.0,1,0.0,9,Masculino,2022,Pública,Ágata,6.517166667,10.0,7.2,8.0,0.0,3.77,6.875,7.113333333,6.0,8.3,,,,,Ametista,False,Adequado (≥ 0),1,0.0,False
2023,RA-1045,1.0,2,-1.0,11,Feminino,2023,Pública,Topázio,8.089033333,5.0,7.9,9.4,9.5,7.52,7.708333333,8.28,6.8,9.0,,,,,,False,Moderada (-1 a -2),0,1.0,False
2023,RA-483,1.0,3,-2.0,12,Feminino,2019,Pública,Ágata,6.3972,5.0,5.6,6.0,9.0,2.52,7.916666667,8.166666667,5.0,6.2,,,,,Quartzo,False,Moderada (-1 a -2),4,1.0,False
2023,RA-1046,1.0,1,0.0,9,Masculino,2023,Pública,Ágata,6.835833333,10.0,6.3,8.5,0.0,3.77,8.541666667,8.223333333,6.3,6.3,,,,,,False,Adequado (≥ 0),0,0.0,False
2023,RA-1047,1.0,1,0.0,9,Masculino,2023,Pública,Ametista,7.848366667,10.0,6.9,8.5,10.0,3.77,8.125,7.893333333,5.8,8.0,,,,,,False,Adequado (≥ 0),0,0.0,False
2023,RA-570,1.0,2,-1.0,11,Feminino,2019,Pública,Ágata,6.781033333,5.0,5.9,7.3,8.5,3.77,8.125,8.056666667,5.7,6.0,,,,,Quartzo,False,Moderada (-1 a -2),4,1.0,False
2023,RA-1048,1.0,2,-1.0,10,Feminino,2023,Privada / bolsa,Ametista,7.811366667,5.0,8.2,9.5,8.5,3.77,8.541666667,8.5,7.5,8.8,,,,,,False,Moderada (-1 a -2),0,1.0,False
2023,RA-1049,1.0,2,-1.0,10,Masculino,2023,Pública,Ametista,7.443366667,5.0,6.3,7.7,10.0,7.52,8.125,7.943333333,5.5,7.0,,,,,,False,Moderada (-1 a -2),0,1.0,False
2023,RA-1050,1.0,2,-1.0,11,Masculino,2023,Pública,Ametista,7.764366667,5.0,7.2,9.2,9.0,6.27,8.125,8.223333333,6.2,8.2,,,,,,False,Moderada (-1 a -2),0,1.0,False
2023,RA-1051,1.0,1,0.0,9,Feminino,2023,Pública,Topázio,8.534866667,10.0,8.4,8.9,8.5,6.27,8.75,8.613333333,7.0,9.8,,,,,,False,Adequado (≥ 0),0,0.0,False
2023,RA-707,1.0,2,-1.0,11,Feminino,2020,Pública,Ágata,6.518,5.0,6.5,9.8,0.0,3.77,7.916666667,7.946666667,5.5,7.5,,,,,Ametista,False,Moderada (-1 a -2),3,1.0,False
2023,RA-1052,1.0,1,0.0,9,Masculino,2023,Pública,Ágata,6.960333333,10.0,5.3,9.0,0.0,7.52,7.916666667,7.833333333,5.0,5.5,,,,,,False,Adequado (≥ 0),0,0.0,False
2023,RA-580,1.0,2,-1.0,11,Feminino,2020,Pública,Topázio,8.4712,5.0,9.0,9.8,8.5,7.52,8.75,8.67,8.7,9.3,,,,,Ametista,False,Moderada (-1 a -2),3,1.0,False
2023,RA-581,1.0,2,-1.0,11,Masculino,2019,Pública,Ametista,7.7167,5.0,7.9,9.8,8.0,7.52,6.458333333,7.393333333,7.0,8.8,,,,,Ágata,False,Moderada (-1 a -2),4,1.0,False
2023,RA-735,1.0,2,-1.0,11,Feminino,2021,Pública,Ametista,7.184,5.0,8.1,9.0,0.0,7.52,8.333333333,8.393333333,7.7,8.5,,,,,Ametista,False,Moderada (-1 a -2),2,1.0,False
2023,RA-710,1.0,2,-1.0,11,Masculino,2020,Pública,Ametista,7.0582,5.0,6.5,9.0,9.5,3.77,7.083333333,7.113333333,5.7,7.3,,,,,Ametista,False,Moderada (-1 a -2),3,1.0,False
2023,RA-712,1.0,3,-2.0,12,Masculino,2019,Pública,Ágata,6.331533333,5.0,6.7,5.6,9.5,3.14,7.5,6.836666667,5.5,7.8,,,,,Ágata,False,Moderada (-1 a -2),4,1.0,False
2023,RA-549,1.0,2,-1.0,11,Masculino,2021,Pública,Ametista,7.0297,5.0,6.4,8.1,9.5,5.02,6.875,7.5,5.5,7.2,,,,,Ágata,False,Moderada (-1 a -2),2,1.0,False
2023,RA-679,1.0,2,-1.0,11,Masculino,2020,Pública,Ágata,6.138366667,5.0,3.6,7.5,7.5,5.02,6.875,7.393333333,2.0,5.2,,,,,Ametista,False,Moderada (-1 a -2),3,1.0,False
2023,RA-571,1.0,3,-2.0,12,Feminino,2019,Privada / bolsa,Ágata,6.6097,5.0,5.0,7.9,9.0,3.77,7.291666667,7.616666667,3.8,6.2,,,,,Ágata,False,Moderada (-1 a -2),4,1.0,False
2023,RA-714,1.0,3,-2.0,12,Masculino,2019,Pública,Ágata,6.078666667,5.0,7.4,8.0,0.0,3.14,7.5,7.223333333,6.7,8.0,,,,,Ágata,False,Moderada (-1 a -2),4,1.0,False
2023,RA-737,1.0,1,0.0,9,Feminino,2022,Pública,Topázio,8.048033333,10.0,7.5,7.8,9.5,7.52,7.291666667,7.783333333,7.0,8.0,,,,,Ametista,False,Adequado (≥ 0),1,0.0,False
2023,RA-577,1.0,2,-1.0,11,Feminino,2022,Pública,Ametista,7.219366667,5.0,7.4,8.2,10.0,3.77,6.875,7.673333333,6.5,8.3,,,,,Ametista,False,Moderada (-1 a -2),1,1.0,False
2023,RA-1053,1.0,1,0.0,9,Masculino,2023,Pública,Ametista,7.776166667,10.0,8.6,9.1,0.0,6.27,8.958333333,8.616666667,7.8,9.3,,,,,,False,Adequado (≥ 0),0,0.0,False
2023,RA-731,1.0,2,-1.0,11,Feminino,2019,Pública,Ágata,6.7742,5.0,6.8,7.6,8.5,3.14,7.5,7.45,6.2,7.3,,,,,Ametista,False,Moderada (-1 a -2),4,1.0,False
2023,RA-552,1.0,3,-2.0,12,Masculino,2022,Pública,Quartzo,5.248666667,5.0,6.4,5.6,0.0,3.14,6.666666667,6.89,6.5,6.2,,,,,Ágata,False,Moderada (-1 a -2),1,1.0,False
2023,RA-1054,1.0,3,-2.0,12,Masculino,2023,Pública,Ametista,7.459533333,5.0,6.6,8.6,8.5,7.52,7.5,7.836666667,5.0,8.2,,,,,,False,Moderada (-1 a -2),0,1.0,False
2023,RA-1055,1.0,2,-1.0,11,Masculino,2023,Pública,Quartzo,5.9765,5.0,5.5,7.2,0.0,7.52,7.291666667,7.276666667,6.0,5.0,,,,,,False,Moderada (-1 a -2),0,1.0,False
2023,RA-597,1.0,2,-1.0,10,Masculino,2022,Pública,Topázio,8.49045,5.0,8.5,9.6,10.0,7.52,9.0625,8.56,7.8,9.2,,,,,Topázio,False,Moderada (-1 a -2),1,1.0,False
2023,RA-624,1.0,2,-1.0,11,Masculino,2022,Pública,Topázio,8.270825,5.0,8.6,9.2,9.0,7.52,8.90625,8.39,8.3,8.8,,,,,Ametista,False,Moderada (-1 a -2),1,1.0,False
2023,RA-776,1.0,2,-1.0,10,Feminino,2022,Privada / bolsa,Quartzo,5.567916667,5.0,3.5,7.0,0.0,7.52,7.8125,7.223333333,4.2,2.7,,,,,Quartzo,False,Moderada (-1 a -2),1,1.0,False
2023,RA-600,1.0,2,-1.0,10,Feminino,2021,Pública,Ametista,7.651658333,5.0,7.2,8.4,8.5,7.52,8.28125,8.056666667,6.5,7.8,,,,,Ágata,False,Moderada (-1 a -2),2,1.0,False
2023,RA-1056,1.0,1,0.0,9,Masculino,2023,Pública,Topázio,8.551741667,10.0,8.1,9.6,8.5,7.52,7.96875,8.113333333,7.8,8.3,,,,,,False,Adequado (≥ 0),0,0.0,False
2023,RA-791,1.0,3,-2.0,12,Feminino,2022,Pública,Ágata,6.247916667,5.0,5.3,8.1,0.0,7.52,7.8125,7.723333333,6.0,4.5,,,,,Ametista,False,Moderada (-1 a -2),1,1.0,False
2023,RA-601,1.0,1,0.0,9,Masculino,2021,Pública,Topázio,8.955783333,10.0,8.7,10.0,9.0,7.52,9.0625,8.336666667,8.0,9.3,,,,,Ametista,False,Adequado (≥ 0),2,0.0,False
2023,RA-762,1.0,3,-2.0,13,Masculino,2022,Pública,Ametista,7.09945,5.0,5.8,9.1,10.0,3.14,7.8125,7.67,6.2,5.3,,,,,Ametista,False,Moderada (-1 a -2),1,1.0,False
2023,RA-778,1.0,2,-1.0,10,Feminino,2021,Pública,Ametista,7.926825,5.0,8.2,7.9,8.5,7.52,8.90625,8.62,7.3,9.0,,,,,Ametista,False,Moderada (-1 a -2),2,1.0,False
2023,RA-628,1.0,3,-2.0,12,Masculino,2022,Pública,Topázio,8.370325,5.0,9.4,8.9,9.5,7.52,8.28125,8.45,9.0,9.7,,,,,Ametista,False,Moderada (-1 a -2),1,1.0,False
2023,RA-606,1.0,2,-1.0,10,Masculino,2022,Pública,Ametista,7.402491667,5.0,6.0,8.5,8.5,7.52,7.65625,8.223333333,4.7,7.2,,,,,Ágata,False,Moderada (-1 a -2),1,1.0,False
2023,RA-766,1.0,2,-1.0,11,Feminino,2020,Pública,Topázio,8.008408333,5.0,8.7,8.7,10.0,4.39,9.21875,8.336666667,9.2,8.2,,,,,Topázio,False,Moderada (-1 a -2),3,1.0,False
2023,RA-607,1.0,2,-1.0,11,Masculino,2022,Pública,Ametista,7.333075,5.0,6.8,7.5,8.0,7.52,7.96875,8.17,4.8,8.7,,,,,Ágata,False,Moderada (-1 a -2),1,1.0,False
2023,RA-608,1.0,2,-1.0,10,Masculino,2022,Pública,Ametista,7.401741667,5.0,6.2,7.5,10.0,7.52,7.96875,8.113333333,6.0,6.3,,,,,Ametista,False,Moderada (-1 a -2),1,1.0,False
2023,RA-788,1.0,1,0.0,9,Masculino,2021,Pública,Ametista,7.806091667,10.0,6.9,9.8,7.9,2.52,7.65625,8.283333333,6.0,7.8,,,,,Topázio,False,Adequado (≥ 0),2,0.0,False
2023,RA-784,1.0,2,-1.0,10,Feminino,2022,Pública,Topázio,8.171366667,5.0,7.3,9.5,10.0,7.52,8.125,8.783333333,6.5,8.0,,,,,Topázio,False,Moderada (-1 a -2),1,1.0,False
2023,RA-785,1.0,2,-1.0,10,Feminino,2022,Pública,Topázio,8.137866667,5.0,8.8,8.5,9.0,7.52,7.916666667,8.67,8.2,9.4,,,,,Ametista,False,Moderada (-1 a -2),1,1.0,False
2023,RA-587,1.0,2,-1.0,11,Masculino,2022,Pública,Ágata,6.032033333,5.0,2.7,7.0,8.5,7.52,6.458333333,6.72,2.2,3.2,,,,,Ágata,False,Moderada (-1 a -2),1,1.0,False
2023,RA-790,1.0,3,-2.0,12,Masculino,2022,Pública,Ágata,6.707666667,5.0,7.4,8.1,0.0,7.52,7.083333333,8.286666667,7.2,7.5,,,,,Ametista,False,Moderada (-1 a -2),1,1.0,False
2023,RA-663,1.0,2,-1.0,11,Masculino,2022,Pública,Ágata,6.969133333,5.0,7.0,7.4,6.9,7.52,6.666666667,7.393333333,6.7,7.3,,,,,Ágata,False,Moderada (-1 a -2),1,1.0,False
2023,RA-664,1.0,2,-1.0,11,Feminino,2022,Pública,Topázio,8.0872,5.0,8.0,9.6,9.0,7.52,7.916666667,8.116666667,8.0,8.0,,,,,Ametista,False,Moderada (-1 a -2),1,1.0,False
2023,RA-761,1.0,2,-1.0,10,Masculino,2022,Pública,Topázio,8.219533333,5.0,8.4,9.7,9.0,7.52,8.333333333,8.12,8.7,8.0,,,,,Topázio,False,Moderada (-1 a -2),1,1.0,False
2023,RA-1057,1.0,1,0.0,9,Feminino,2023,Pública,Topázio,8.4827,10.0,6.3,10.0,10.0,7.52,8.125,8.34,6.5,6.0,,,,,,False,Adequado (≥ 0),0,0.0,False
2023,RA-629,1.0,2,-1.0,10,Feminino,2022,Pública,Topázio,8.013866667,5.0,7.5,9.4,10.0,7.52,7.916666667,7.95,7.0,8.0,,,,,Topázio,False,Moderada (-1 a -2),1,1.0,False
2023,RA-832,1.0,2,-1.0,10,Masculino,2022,Pública,Topázio,8.2697,5.0,8.5,9.5,10.0,7.52,7.708333333,8.283333333,9.2,7.7,,,,,Topázio,False,Moderada (-1 a -2),1,1.0,False
2023,RA-594,1.0,2,-1.0,11,Masculino,2022,Pública,Ágata,6.702033333,5.0,5.8,7.1,8.5,6.27,6.875,7.336666667,6.2,5.3,,,,,Ametista,False,Moderada (-1 a -2),1,1.0,False
2023,RA-617,1.0,2,-1.0,11,Feminino,2021,Pública,Ágata,6.816166667,5.0,6.9,9.0,0.0,7.52,7.708333333,8.116666667,5.5,8.2,,,,,Ametista,False,Moderada (-1 a -2),2,1.0,False
2023,RA-767,1.0,2,-1.0,11,Masculino,2021,Pública,Ametista,7.3807,5.0,6.3,8.3,10.0,7.52,7.291666667,7.446666667,6.5,6.0,,,,,Ametista,False,Moderada (-1 a -2),2,1.0,False
2023,RA-1058,1.0,1,0.0,9,Feminino,2023,Pública,Ametista,7.356533333,10.0,5.4,8.7,10.0,3.14,7.083333333,7.62,4.0,6.7,,,,,,False,Adequado (≥ 0),0,0.0,False
2023,RA-747,1.0,2,-1.0,11,Feminino,2022,Pública,Ágata,6.026366667,5.0,3.1,8.0,10.0,3.14,6.041666667,6.94,1.2,5.0,,,,,Ametista,False,Moderada (-1 a -2),1,1.0,False
2023,RA-827,1.0,2,-1.0,11,Feminino,2022,Pública,Ametista,7.419925,5.0,8.1,8.1,7.9,3.14,8.28125,8.73,7.7,8.5,,,,,Ametista,False,Moderada (-1 a -2),1,1.0,False
2023,RA-1059,1.0,2,-1.0,10,Masculino,2023,Pública,Ametista,7.763741667,5.0,7.6,9.8,10.0,2.52,7.96875,8.673333333,6.2,9.0,,,,,,False,Moderada (-1 a -2),0,1.0,False
2023,RA-612,1.0,2,-1.0,11,Feminino,2021,Privada / bolsa,Topázio,8.410783333,5.0,9.7,9.7,9.0,3.77,9.0625,9.286666667,9.3,10.0,,,,,Ametista,False,Moderada (-1 a -2),2,1.0,False
2023,RA-1060,1.0,2,-1.0,10,Masculino,2023,Pública,Ametista,7.095741667,5.0,5.7,8.6,9.0,3.14,7.96875,8.673333333,4.3,7.0,,,,,,False,Moderada (-1 a -2),0,1.0,False
2023,RA-665,1.0,2,-1.0,11,Feminino,2022,Pública,Ágata,6.185658333,5.0,5.2,4.9,9.5,2.52,8.28125,8.226666667,5.0,5.3,,,,,Ágata,False,Moderada (-1 a -2),1,1.0,False
2023,RA-829,1.0,1,0.0,9,Feminino,2022,Pública,Topázio,8.532075,10.0,8.4,9.4,9.0,3.14,9.21875,9.23,7.5,9.2,,,,,Ametista,False,Adequado (≥ 0),1,0.0,False
2023,RA-1061,1.0,2,-1.0,10,Masculino,2023,Pública,Topázio,8.196533333,5.0,9.3,9.7,9.5,3.14,8.75,8.836666667,8.8,9.7,,,,,,False,Moderada (-1 a -2),0,1.0,False
2023,RA-1062,1.0,1,0.0,9,Masculino,2023,Pública,Ametista,7.448841667,10.0,6.2,7.7,7.4,3.77,8.59375,8.503333333,4.8,7.5,,,,,,False,Adequado (≥ 0),0,0.0,False
2023,RA-615,1.0,2,-1.0,10,Feminino,2020,Pública,Ametista,7.815658333,5.0,7.6,9.7,10.0,3.14,8.28125,8.616666667,6.8,8.3,,,,,Topázio,False,Moderada (-1 a -2),3,1.0,False
2023,RA-833,1.0,2,-1.0,10,Masculino,2022,Pública,Ametista,7.81295,5.0,7.4,9.5,10.0,3.77,8.4375,8.56,7.3,7.5,,,,,Ametista,False,Moderada (-1 a -2),1,1.0,False
2023,RA-630,1.0,2,-1.0,10,Masculino,2022,Pública,Ametista,7.199991667,5.0,5.7,8.6,9.0,3.77,8.28125,8.673333333,4.2,7.2,,,,,Topázio,False,Moderada (-1 a -2),1,1.0,False
2023,RA-752,1.0,2,-1.0,11,Feminino,2022,Pública,Topázio,8.073825,5.0,6.4,9.9,9.5,7.52,7.65625,9.23,4.8,8.0,,,,,Topázio,False,Moderada (-1 a -2),1,1.0,False
2023,RA-777,1.0,1,0.0,9,Feminino,2022,Pública,Ametista,7.468125,10.0,6.3,9.3,0.0,7.52,8.28125,8.84,5.3,7.3,,,,,Ametista,False,Adequado (≥ 0),1,0.0,False
2023,RA-1063,1.0,2,-1.0,11,Masculino,2023,Privada / bolsa,Ametista,7.490825,5.0,5.9,9.5,9.5,7.52,6.40625,7.89,4.7,7.0,,,,,,False,Moderada (-1 a -2),0,1.0,False
2023,RA-764,1.0,1,0.0,9,Masculino,2022,Pública,Ametista,7.682125,10.0,7.8,9.2,0.0,7.52,8.28125,8.56,6.0,9.5,,,,,Ametista,False,Adequado (≥ 0),1,0.0,False
2023,RA-1064,1.0,2,-1.0,10,Masculino,2023,Pública,Topázio,8.4777,5.0,8.6,9.8,8.5,7.52,9.375,8.84,8.3,8.8,,,,,,False,Moderada (-1 a -2),0,1.0,False
2023,RA-1065,1.0,2,-1.0,10,Feminino,2023,Pública,Topázio,8.03395,5.0,7.0,9.6,8.5,7.52,8.4375,8.84,7.7,6.3,,,,,,False,Moderada (-1 a -2),0,1.0,False
2023,RA-772,1.0,3,-2.0,12,Masculino,2021,Pública,Quartzo,5.930166667,5.0,4.8,7.2,0.0,7.52,6.875,8.003333333,5.2,4.3,,,,,Ágata,False,Moderada (-1 a -2),2,1.0,False
2023,RA-781,1.0,2,-1.0,10,Feminino,2021,Pública,Topázio,8.209283333,5.0,7.9,9.8,7.5,7.52,8.4375,9.116666667,7.0,8.8,,,,,Ametista,False,Moderada (-1 a -2),2,1.0,False
2023,RA-1066,1.0,2,-1.0,10,Feminino,2023,Pública,Ametista,7.262616667,5.0,6.2,6.6,8.5,7.52,8.4375,8.783333333,4.2,8.2,,,,,,False,Moderada (-1 a -2),0,1.0,False
2023,RA-1067,1.0,2,-1.0,10,Masculino,2023,Pública,Ágata,6.541458333,5.0,5.4,7.9,0.0,7.52,8.28125,9.006666667,4.5,6.3,,,,,,False,Moderada (-1 a -2),0,1.0,False
2023,RA-834,1.0,2,-1.0,10,Masculino,2022,Pública,Topázio,8.662616667,5.0,9.2,9.9,9.0,6.27,9.6875,9.283333333,9.0,9.3,,,,,Topázio,False,Moderada (-1 a -2),1,1.0,False
2023,RA-722,1.0,2,-1.0,10,Feminino,2021,Pública,Ametista,7.3387,5.0,6.4,9.6,8.5,2.52,8.125,8.67,4.5,8.2,,,,,Ametista,False,Moderada (-1 a -2),2,1.0,False
2023,RA-1068,1.0,2,-1.0,10,Masculino,2023,Pública,Topázio,8.472533333,5.0,9.0,9.3,8.5,6.89,9.166666667,9.283333333,8.3,9.7,,,,,,False,Moderada (-1 a -2),0,1.0,False
2023,RA-796,1.0,2,-1.0,11,Feminino,2022,Pública,Ametista,7.462866667,5.0,5.5,9.8,9.0,6.27,7.083333333,8.336666667,5.0,6.0,,,,,Ametista,False,Moderada (-1 a -2),1,1.0,False
2023,RA-1069,1.0,2,-1.0,11,Masculino,2023,Pública,Ametista,7.590033333,5.0,7.1,7.8,9.0,7.52,8.125,8.226666667,7.5,6.7,,,,,,False,Moderada (-1 a -2),0,1.0,False
2023,RA-797,1.0,2,-1.0,11,Masculino,2021,Pública,Ametista,7.373033333,5.0,7.5,8.6,8.5,7.52,6.041666667,7.233333333,7.0,8.0,,,,,Ametista,False,Moderada (-1 a -2),2,1.0,False
2023,RA-647,1.0,2,-1.0,10,Feminino,2022,Privada / bolsa,Ametista,7.100566667,5.0,5.2,8.7,7.3,6.27,7.708333333,8.446666667,4.7,5.7,,,,,Ágata,False,Moderada (-1 a -2),1,1.0,False
2023,RA-814,1.0,2,-1.0,10,Masculino,2022,Pública,Topázio,8.367866667,5.0,8.2,9.6,9.5,6.89,8.333333333,9.226666667,7.8,8.5,,,,,Ametista,False,Moderada (-1 a -2),1,1.0,False
2023,RA-652,1.0,2,-1.0,10,Feminino,2022,Pública,Ametista,7.871033333,5.0,7.0,9.4,9.0,6.89,8.125,8.446666667,6.2,7.8,,,,,Topázio,False,Moderada (-1 a -2),1,1.0,False
2023,RA-816,1.0,2,-1.0,10,Feminino,2022,Pública,Topázio,8.5572,5.0,8.9,9.8,7.5,7.52,9.583333333,9.283333333,7.8,10.0,,,,,Topázio,False,Moderada (-1 a -2),1,1.0,False
2023,RA-640,1.0,3,-2.0,12,Feminino,2022,Pública,Ágata,6.1105,5.0,4.9,7.3,0.0,7.52,7.291666667,8.446666667,4.0,5.8,,,,,Ágata,False,Moderada (-1 a -2),1,1.0,False
2023,RA-810,1.0,1,0.0,9,Masculino,2021,Pública,Ametista,7.782866667,10.0,6.9,8.5,8.0,7.52,5.833333333,7.836666667,6.3,7.5,,,,,Ametista,False,Adequado (≥ 0),2,0.0,False
2023,RA-643,1.0,2,-1.0,11,Masculino,2022,Pública,Ametista,7.389033333,5.0,7.1,8.2,9.5,7.52,6.041666667,7.613333333,7.0,7.2,,,,,Ágata,False,Moderada (-1 a -2),1,1.0,False
2023,RA-819,1.0,1,0.0,9,Masculino,2022,Pública,Ametista,7.944833333,10.0,9.5,8.3,0.0,7.52,8.541666667,8.893333333,9.7,9.3,,,,,Ametista,False,Adequado (≥ 0),1,0.0,False
2023,RA-1070,1.0,2,-1.0,11,Masculino,2023,Pública,Ágata,6.939033333,5.0,5.8,7.8,9.0,3.14,7.708333333,8.67,5.3,6.3,,,,,,False,Moderada (-1 a -2),0,1.0,False
2023,RA-813,1.0,1,0.0,9,Masculino,2022,Pública,Ametista,7.5867,10.0,3.9,8.4,9.5,7.52,8.125,8.06,2.3,5.5,,,,,Ametista,False,Adequado (≥ 0),1,0.0,False
2023,RA-636,1.0,2,-1.0,11,Masculino,2022,Pública,Ágata,6.836666667,5.0,9.0,8.3,0.0,5.64,8.333333333,7.446666667,9.2,8.7,,,,,Ametista,False,Moderada (-1 a -2),1,1.0,False
2023,RA-798,1.0,2,-1.0,11,Masculino,2022,Privada / bolsa,Ametista,7.018033333,5.0,6.1,8.1,9.0,7.52,6.458333333,6.95,4.3,7.8,,,,,Ametista,False,Moderada (-1 a -2),1,1.0,False
2023,RA-799,1.0,2,-1.0,10,Feminino,2022,Pública,Topázio,8.061533333,5.0,8.3,9.6,9.5,5.64,8.333333333,8.17,7.8,8.8,,,,,Ametista,False,Moderada (-1 a -2),1,1.0,False
2023,RA-815,1.0,2,-1.0,10,Masculino,2022,Pública,Ágata,6.122166667,5.0,6.5,8.6,0.0,5.02,6.875,7.063333333,7.0,6.0,,,,,Ágata,False,Moderada (-1 a -2),1,1.0,False
2023,RA-637,1.0,2,-1.0,11,Feminino,2021,Pública,Topázio,8.109533333,5.0,8.5,9.5,8.0,7.52,8.333333333,8.17,8.7,8.2,,,,,Ametista,False,Moderada (-1 a -2),2,1.0,False
2023,RA-638,1.0,2,-1.0,10,Feminino,2020,Pública,Ametista,7.754866667,5.0,6.5,9.4,9.0,7.52,8.333333333,7.946666667,6.8,6.2,,,,,Ametista,False,Moderada (-1 a -2),3,1.0,False
2023,RA-801,1.0,1,0.0,9,Masculino,2022,Pública,Ágata,6.8735,10.0,7.6,7.5,0.0,7.52,6.875,7.12,6.8,8.3,,,,,Ágata,False,Adequado (≥ 0),1,0.0,False
2023,RA-802,1.0,2,-1.0,10,Masculino,2021,Pública,Topázio,8.126866667,5.0,9.4,9.3,8.0,7.52,8.333333333,7.506666667,9.3,9.5,,,,,Ametista,False,Moderada (-1 a -2),2,1.0,False
2023,RA-1071,1.0,2,-1.0,11,Masculino,2023,Pública,Ágata,6.414033333,5.0,3.5,8.6,9.0,7.52,5.625,6.396666667,1.7,5.3,,,,,,False,Moderada (-1 a -2),0,1.0,False
2023,RA-817,1.0,1,0.0,9,Feminino,2022,Pública,Ametista,7.8597,10.0,5.4,8.8,9.5,6.89,8.125,7.89,5.0,5.7,,,,,Ametista,False,Adequado (≥ 0),1,0.0,False
2023,RA-818,1.0,0,1.0,8,Masculino,2022,Pública,Ametista,7.997366667,10.0,6.2,8.4,10.0,7.52,8.125,7.613333333,5.5,6.8,,,,,Ametista,False,Adequado (≥ 0),1,0.0,False
2023,RA-804,1.0,2,-1.0,11,Masculino,2022,Pública,Ametista,7.2352,5.0,6.9,8.6,10.0,6.27,5.833333333,7.173333333,6.2,7.5,,,,,Ágata,False,Moderada (-1 a -2),1,1.0,False
2023,RA-645,1.0,2,-1.0,11,Feminino,2022,Pública,Ametista,7.613033333,5.0,7.3,8.5,9.0,6.27,8.125,8.116666667,6.5,8.0,,,,,Ágata,False,Moderada (-1 a -2),1,1.0,False
2023,RA-479,2.0,2,0.0,11,Masculino,2020,Privada / bolsa,Topázio,8.988866667,10.0,9.7,10.0,9.0,2.52,9.791666667,9.6375,9.3,10.0,,,,,Topázio,False,Adequado (≥ 0),3,0.0,False
2023,RA-493,2.0,2,0.0,10,Feminino,2020,Pública,Ametista,7.934366667,10.0,6.0,9.6,9.5,2.52,8.541666667,8.84,4.7,7.2,,,,,Topázio,False,Adequado (≥ 0),3,0.0,False
2023,RA-1072,2.0,2,0.0,11,Masculino,2023,Pública,Topázio,8.0152,10.0,6.7,8.6,9.0,5.0,8.125,8.7125,5.2,8.2,,,,,,False,Adequado (≥ 0),0,0.0,False
2023,RA-536,2.0,2,0.0,10,Feminino,2020,Pública,Ametista,7.759533333,10.0,5.9,9.3,8.0,2.52,8.333333333,9.17,5.0,6.8,,,,,Ametista,False,Adequado (≥ 0),3,0.0,False
2023,RA-1073,2.0,3,-1.0,12,Feminino,2023,Pública,Ágata,6.384333333,5.0,6.2,8.8,0.0,2.52,8.333333333,9.045,4.8,7.5,,,,,,False,Moderada (-1 a -2),0,1.0,False
2023,RA-494,2.0,3,-1.0,12,Feminino,2022,Privada / bolsa,Ametista,7.116633333,5.0,6.8,9.0,6.9,2.52,7.708333333,8.71,6.3,7.3,,,,,Ágata,False,Moderada (-1 a -2),1,1.0,False
2023,RA-496,2.0,3,-1.0,12,Masculino,2018,Privada / bolsa,Ágata,6.603666667,5.0,8.3,7.1,0.0,5.0,7.916666667,8.71,7.5,9.0,,,,,Ágata,False,Moderada (-1 a -2),5,1.0,False
2023,RA-497,2.0,4,-2.0,14,Feminino,2016,Privada / bolsa,Quartzo,5.7191,5.0,3.5,8.7,5.3,2.52,6.25,6.885,1.7,5.3,,,,,Ágata,False,Moderada (-1 a -2),7,1.0,False
2023,RA-1074,2.0,3,-1.0,12,Feminino,2023,Pública,Ágata,6.195833333,5.0,6.0,9.8,0.0,2.52,7.083333333,7.8775,8.0,4.0,,,,,,False,Moderada (-1 a -2),0,1.0,False
2023,RA-486,2.0,2,0.0,11,Feminino,2020,Privada / bolsa,Ametista,7.1043,10.0,6.2,6.4,8.4,2.52,7.5,8.7525,3.3,9.0,,,,,Ametista,False,Adequado (≥ 0),3,0.0,False
2023,RA-1075,2.0,3,-1.0,12,Feminino,2023,Pública,Ágata,6.591333333,5.0,5.5,9.6,0.0,5.0,7.708333333,9.0025,5.0,6.0,,,,,,False,Moderada (-1 a -2),0,1.0,False
2023,RA-578,2.0,2,0.0,11,Masculino,2019,Privada / bolsa,Topázio,9.013866667,10.0,9.7,10.0,9.0,2.52,9.791666667,9.7625,9.8,9.5,,,,,Topázio,False,Adequado (≥ 0),4,0.0,False
2023,RA-513,2.0,2,0.0,10,Masculino,2021,Privada / bolsa,Topázio,8.297866667,10.0,7.5,9.7,9.5,2.52,8.541666667,9.0075,7.2,7.8,,,,,Topázio,False,Adequado (≥ 0),2,0.0,False
2023,RA-487,2.0,2,0.0,11,Feminino,2019,Privada / bolsa,Topázio,8.988866667,10.0,9.5,9.9,8.5,5.0,9.166666667,9.26,9.2,9.7,,,,,Topázio,False,Adequado (≥ 0),4,0.0,False
2023,RA-1076,2.0,3,-1.0,12,Feminino,2023,Pública,Ametista,7.901033333,5.0,8.5,9.7,9.0,2.52,8.333333333,8.8775,9.0,8.0,,,,,,False,Moderada (-1 a -2),0,1.0,False
2023,RA-490,2.0,2,0.0,11,Feminino,2022,Privada / bolsa,Ametista,7.429466667,10.0,5.8,7.9,7.9,2.52,8.541666667,9.0075,2.8,8.7,,,,,Ametista,False,Adequado (≥ 0),1,0.0,False
2023,RA-491,2.0,2,0.0,11,Masculino,2022,Pública,Ametista,7.560533333,10.0,5.0,9.6,9.5,2.52,7.708333333,8.3375,3.3,6.7,,,,,Ametista,False,Adequado (≥ 0),1,0.0,False
2023,RA-1077,2.0,2,0.0,11,Masculino,2023,Pública,Ametista,7.2115,10.0,7.3,9.7,0.0,2.52,8.75,8.4225,6.8,7.8,,,,,,False,Adequado (≥ 0),0,0.0,False
2023,RA-484,2.0,3,-1.0,12,Masculino,2022,Pública,Quartzo,5.515466667,5.0,3.6,7.5,6.4,2.52,5.416666667,6.8,3.2,4.0,,,,,Ágata,False,Moderada (-1 a -2),1,1.0,False
2023,RA-508,2.0,2,0.0,10,Masculino,2022,Pública,Ametista,7.671633333,10.0,7.5,8.6,6.4,2.52,8.333333333,8.6725,6.2,8.7,,,,,Ágata,False,Adequado (≥ 0),1,0.0,False
2023,RA-495,2.0,3,-1.0,12,Masculino,2022,Privada / bolsa,Ametista,7.417366667,5.0,7.4,8.4,9.0,2.52,8.541666667,8.755,6.0,8.8,,,,,Ametista,False,Moderada (-1 a -2),1,1.0,False
2023,RA-1078,2.0,4,-2.0,14,Masculino,2023,Pública,Ágata,6.472333333,5.0,6.4,6.8,5.3,2.52,8.958333333,8.2975,4.3,8.5,,,,,,False,Moderada (-1 a -2),0,1.0,False
2023,RA-340,2.0,3,-1.0,12,Masculino,2017,Pública,Ametista,7.059666667,5.0,8.9,9.6,0.0,2.52,9.166666667,8.505,9.0,8.7,,,,,Ametista,False,Moderada (-1 a -2),6,1.0,False
2023,RA-1079,2.0,3,-1.0,12,Masculino,2023,Pública,Ágata,6.916533333,5.0,7.6,8.1,9.0,2.52,7.083333333,7.13,7.3,7.8,,,,,,False,Moderada (-1 a -2),0,1.0,False
2023,RA-1080,2.0,3,-1.0,12,Masculino,2023,Pública,Ágata,6.571966667,5.0,1.5,10.0,7.9,5.0,8.541666667,8.13,0.0,3.0,,,,,,False,Moderada (-1 a -2),0,1.0,False
2023,RA-1081,2.0,4,-2.0,14,Feminino,2023,Pública,Ametista,7.666033333,5.0,6.5,10.0,10.0,2.52,8.958333333,8.59,8.0,5.0,,,,,,False,Moderada (-1 a -2),0,1.0,False
2023,RA-1082,2.0,3,-1.0,12,Feminino,2023,Pública,Ametista,7.1617,5.0,5.0,9.5,9.5,2.52,8.75,8.4225,3.5,6.5,,,,,,False,Moderada (-1 a -2),0,1.0,False
2023,RA-1083,2.0,2,0.0,10,Feminino,2023,Pública,Topázio,8.2345,10.0,7.5,10.0,6.8,5.0,8.75,8.38,7.0,8.0,,,,,,False,Adequado (≥ 0),0,0.0,False
2023,RA-531,2.0,2,0.0,11,Masculino,2022,Pública,Topázio,8.3252,10.0,7.7,10.0,9.5,2.52,8.75,8.59,6.3,9.0,,,,,Ametista,False,Adequado (≥ 0),1,0.0,False
2023,RA-1084,2.0,2,0.0,11,Feminino,2023,Pública,Ametista,7.9948,10.0,6.8,10.0,8.4,2.52,8.75,8.38,5.0,8.5,,,,,,False,Adequado (≥ 0),0,0.0,False
2023,RA-516,2.0,2,0.0,10,Masculino,2019,Privada / bolsa,Topázio,8.6807,10.0,9.3,9.8,10.0,2.52,8.75,8.7175,9.0,9.5,,,,,Topázio,False,Adequado (≥ 0),4,0.0,False
2023,RA-348,2.0,3,-1.0,13,Masculino,2022,Pública,Ágata,6.817866667,5.0,4.4,8.7,10.0,2.52,8.541666667,8.0075,2.0,6.7,,,,,Quartzo,False,Moderada (-1 a -2),1,1.0,False
2023,RA-1085,2.0,3,-1.0,12,Feminino,2023,Pública,Ágata,6.563833333,5.0,6.7,9.8,0.0,2.52,8.958333333,8.13,6.0,7.3,,,,,,False,Moderada (-1 a -2),0,1.0,False
2023,RA-1086,2.0,3,-1.0,12,Feminino,2023,Pública,Ametista,7.2382,5.0,5.7,9.4,8.5,2.52,8.75,8.755,6.0,5.3,,,,,,False,Moderada (-1 a -2),0,1.0,False
2023,RA-1087,2.0,3,-1.0,12,Feminino,2023,Pública,Ametista,7.2067,5.0,5.4,9.5,10.0,2.52,8.75,8.0475,3.7,7.0,,,,,,False,Moderada (-1 a -2),0,1.0,False
2023,RA-509,2.0,3,-1.0,12,Feminino,2018,Pública,Ametista,7.606033333,5.0,8.6,8.1,8.5,2.52,8.958333333,8.84,8.2,9.0,,,,,Ametista,False,Moderada (-1 a -2),5,1.0,False
2023,RA-499,2.0,2,0.0,11,Masculino,2020,Pública,Ametista,7.8883,10.0,6.6,10.0,7.9,2.52,8.75,8.2975,5.3,7.8,,,,,Ametista,False,Adequado (≥ 0),3,0.0,False
2023,RA-500,2.0,2,0.0,11,Feminino,2020,Pública,Topázio,8.427533333,10.0,7.9,10.0,9.5,2.52,8.958333333,8.7975,8.5,7.2,,,,,Topázio,False,Adequado (≥ 0),3,0.0,False
2023,RA-1088,2.0,3,-1.0,13,Masculino,2023,Pública,Ametista,7.4717,5.0,6.8,9.8,9.5,2.52,8.75,7.9225,6.0,7.5,,,,,,False,Moderada (-1 a -2),0,1.0,False
2023,RA-1089,2.0,2,0.0,11,Feminino,2023,Pública,Ametista,7.9947,10.0,7.0,9.5,9.0,2.52,8.75,8.3375,6.0,8.0,,,,,,False,Adequado (≥ 0),0,0.0,False
2023,RA-1090,2.0,3,-1.0,13,Masculino,2023,Pública,Ametista,7.844033333,5.0,9.0,9.6,9.0,2.52,8.958333333,7.88,8.7,9.3,,,,,,False,Moderada (-1 a -2),0,1.0,False
2023,RA-503,2.0,2,0.0,11,Masculino,2020,Pública,Topázio,8.4682,10.0,8.7,10.0,9.5,2.52,8.75,8.255,8.7,8.7,,,,,Ametista,False,Adequado (≥ 0),3,0.0,False
2023,RA-1091,2.0,3,-1.0,12,Masculino,2023,Pública,Topázio,8.032533333,5.0,9.5,9.0,8.5,2.52,8.958333333,9.1725,9.3,9.7,,,,,,False,Moderada (-1 a -2),0,1.0,False
2023,RA-1092,2.0,3,-1.0,12,Masculino,2023,Pública,Ametista,7.41,5.0,6.9,9.8,7.8,2.52,8.75,8.2975,6.0,7.8,,,,,,False,Moderada (-1 a -2),0,1.0,False
2023,RA-1093,2.0,2,0.0,11,Masculino,2023,Pública,Topázio,8.197533333,10.0,9.2,9.3,7.0,2.52,8.958333333,8.2975,9.3,9.0,,,,,,False,Adequado (≥ 0),0,0.0,False
2023,RA-1094,2.0,2,0.0,11,Feminino,2023,Pública,Topázio,8.1779,10.0,8.5,9.5,7.8,2.52,8.75,8.3375,7.8,9.2,,,,,,False,Adequado (≥ 0),0,0.0,False
2023,RA-1095,2.0,3,-1.0,13,Masculino,2023,Pública,Ágata,6.238,5.0,5.3,9.8,0.0,2.52,8.75,8.005,5.8,4.7,,,,,,False,Moderada (-1 a -2),0,1.0,False
2023,RA-324,2.0,2,0.0,11,Feminino,2022,Pública,Ametista,7.6354,10.0,8.4,9.0,5.8,2.52,8.125,7.5875,8.0,8.7,,,,,Topázio,False,Adequado (≥ 0),1,0.0,False
2023,RA-350,2.0,3,-1.0,12,Feminino,2022,Pública,Ametista,7.972033333,5.0,9.0,9.7,10.0,2.52,8.958333333,7.92,8.8,9.2,,,,,Topázio,False,Moderada (-1 a -2),1,1.0,False
2023,RA-517,2.0,3,-1.0,13,Feminino,2017,Pública,Ágata,6.3104,5.0,6.6,9.0,4.1,2.52,6.875,6.7125,4.5,8.7,,,,,Ametista,False,Moderada (-1 a -2),6,1.0,False
2023,RA-325,2.0,2,0.0,11,Masculino,2022,Pública,Ágata,6.243,10.0,5.6,7.1,0.0,5.0,8.125,7.0025,3.8,7.3,,,,,Ametista,False,Adequado (≥ 0),1,0.0,False
2023,RA-518,2.0,2,0.0,11,Masculino,2022,Pública,Ametista,7.5762,10.0,6.7,8.5,8.5,5.0,8.125,6.9175,5.5,7.8,,,,,Ametista,False,Adequado (≥ 0),1,0.0,False
2023,RA-530,2.0,2,0.0,11,Masculino,2019,Pública,Ametista,7.653033333,10.0,5.7,8.8,10.0,5.0,7.708333333,7.46,5.8,5.5,,,,,Topázio,False,Adequado (≥ 0),4,0.0,False
2023,RA-524,2.0,3,-1.0,12,Masculino,2019,Pública,Ametista,7.331133333,5.0,8.9,9.2,6.4,2.52,8.333333333,7.42,9.0,8.8,,,,,Ágata,False,Moderada (-1 a -2),4,1.0,False
2023,RA-1096,2.0,2,0.0,10,Feminino,2023,Pública,Topázio,8.615533333,10.0,9.6,9.9,9.5,2.52,8.958333333,8.0875,9.5,9.7,,,,,,False,Adequado (≥ 0),0,0.0,False
2023,RA-526,2.0,3,-1.0,13,Masculino,2022,Pública,Topázio,8.0957,5.0,8.8,9.8,9.5,5.0,8.75,7.7525,8.3,9.3,,,,,Topázio,False,Moderada (-1 a -2),1,1.0,False
2023,RA-528,2.0,3,-1.0,12,Masculino,2021,Pública,Ametista,7.6892,5.0,8.2,8.5,9.0,5.0,8.75,7.92,7.5,8.8,,,,,Quartzo,False,Moderada (-1 a -2),2,1.0,False
2023,RA-534,2.0,3,-1.0,13,Masculino,2021,Pública,Quartzo,5.8385,5.0,5.4,8.1,0.0,2.52,8.125,7.92,3.7,7.0,,,,,Ametista,False,Moderada (-1 a -2),2,1.0,False
2023,RA-1097,2.0,4,-2.0,14,Masculino,2023,Pública,Ágata,6.9547,5.0,5.4,8.6,9.5,5.0,8.125,6.96,4.3,6.5,,,,,,False,Moderada (-1 a -2),0,1.0,False
2023,RA-1098,2.0,3,-1.0,13,Feminino,2023,Pública,Ametista,7.2787,5.0,6.4,9.5,9.5,2.52,8.125,7.92,6.3,6.5,,,,,,False,Moderada (-1 a -2),0,1.0,False
2023,RA-506,2.0,3,-1.0,13,Masculino,2020,Pública,Ametista,7.750033333,5.0,8.5,8.1,9.5,5.0,8.958333333,7.92,7.3,9.7,,,,,Ametista,False,Moderada (-1 a -2),3,1.0,False
2023,RA-1099,2.0,3,-1.0,13,Feminino,2023,Pública,Ametista,7.113533333,5.0,5.2,9.6,9.0,2.52,8.333333333,8.34,5.7,4.7,,,,,,False,Moderada (-1 a -2),0,1.0,False
2023,RA-1100,2.0,2,0.0,11,Masculino,2023,Pública,Topázio,8.261033333,10.0,7.1,9.2,10.0,5.0,8.541666667,8.283333333,6.3,7.8,,,,,,False,Adequado (≥ 0),0,0.0,False
2023,RA-1101,2.0,2,0.0,10,Masculino,2023,Pública,Ágata,6.446666667,10.0,5.3,7.2,0.0,5.0,8.333333333,8.116666667,4.2,6.3,,,,,,False,Adequado (≥ 0),0,0.0,False
2023,RA-1102,2.0,2,0.0,11,Masculino,2023,Pública,Topázio,8.123033333,10.0,7.5,9.5,9.5,5.0,7.708333333,7.56,5.7,9.2,,,,,,False,Adequado (≥ 0),0,0.0,False
2023,RA-363,2.0,3,-1.0,13,Masculino,2022,Pública,Ágata,6.680833333,5.0,6.8,9.9,0.0,2.52,8.541666667,8.673333333,6.8,6.8,,,,,Ágata,False,Moderada (-1 a -2),1,1.0,False
2023,RA-1103,2.0,2,0.0,10,Masculino,2023,Pública,Ametista,7.574866667,10.0,5.0,8.7,9.0,5.0,8.333333333,8.006666667,4.5,5.5,,,,,,False,Adequado (≥ 0),0,0.0,False
2023,RA-539,2.0,3,-1.0,12,Feminino,2022,Pública,Ametista,7.796866667,5.0,8.5,8.6,9.5,2.52,9.166666667,8.84,7.2,9.7,,,,,Ametista,False,Moderada (-1 a -2),1,1.0,False
2023,RA-540,2.0,2,0.0,11,Feminino,2019,Pública,Topázio,8.216033333,10.0,7.1,8.8,8.5,5.0,8.958333333,8.95,6.5,7.7,,,,,Ametista,False,Adequado (≥ 0),4,0.0,False
2023,RA-574,2.0,2,0.0,11,Masculino,2022,Pública,Ametista,7.878133333,10.0,8.1,8.2,6.9,5.0,7.916666667,8.173333333,7.7,8.5,,,,,Ágata,False,Adequado (≥ 0),1,0.0,False
2023,RA-369,2.0,3,-1.0,12,Masculino,2022,Pública,Ágata,6.0197,5.0,4.0,4.1,10.0,5.0,8.541666667,7.726666667,5.0,3.0,,,,,Ágata,False,Moderada (-1 a -2),1,1.0,False
2023,RA-375,2.0,3,-1.0,12,Masculino,2019,Pública,Ametista,7.070833333,5.0,7.9,9.9,0.0,5.0,8.541666667,8.283333333,6.8,9.0,,,,,Ametista,False,Moderada (-1 a -2),4,1.0,False
2023,RA-376,2.0,3,-1.0,13,Feminino,2019,Pública,Ametista,7.1392,5.0,5.9,9.6,8.5,2.52,7.916666667,8.226666667,4.3,7.5,,,,,Ágata,False,Moderada (-1 a -2),4,1.0,False
2023,RA-535,2.0,2,0.0,11,Feminino,2019,Pública,Topázio,8.0027,10.0,5.6,9.4,9.0,5.0,8.125,8.95,4.7,6.5,,,,,Ágata,False,Adequado (≥ 0),4,0.0,False
2023,RA-547,2.0,3,-1.0,12,Feminino,2019,Pública,Ágata,6.467,5.0,6.2,9.1,0.0,2.52,8.75,8.95,5.0,7.3,,,,,Ametista,False,Moderada (-1 a -2),4,1.0,False
2023,RA-548,2.0,3,-1.0,12,Masculino,2019,Pública,Ametista,7.4322,5.0,7.4,9.1,9.0,2.52,8.333333333,8.283333333,6.2,8.5,,,,,Ametista,False,Moderada (-1 a -2),4,1.0,False
2023,RA-538,2.0,3,-1.0,13,Masculino,2022,Pública,Ágata,6.413466667,5.0,4.7,8.6,7.4,2.52,7.916666667,7.39,3.5,5.8,,,,,Ágata,False,Moderada (-1 a -2),1,1.0,False
2023,RA-365,2.0,2,0.0,10,Feminino,2022,Pública,Topázio,8.6587,10.0,8.7,9.9,10.0,2.52,8.958333333,8.953333333,8.2,9.2,,,,,Topázio,False,Adequado (≥ 0),1,0.0,False
2023,RA-559,2.0,3,-1.0,12,Masculino,2021,Pública,Ametista,7.947366667,5.0,7.4,9.4,10.0,5.0,8.958333333,8.506666667,6.5,8.2,,,,,Ametista,False,Moderada (-1 a -2),2,1.0,False
2023,RA-1104,2.0,3,-1.0,13,Feminino,2023,Pública,Ametista,7.265533333,5.0,6.4,10.0,5.7,2.52,8.541666667,9.063333333,5.5,7.3,,,,,,False,Moderada (-1 a -2),0,1.0,False
2023,RA-563,2.0,2,0.0,11,Feminino,2020,Pública,Ametista,7.684133333,10.0,6.2,9.7,6.4,2.52,8.75,8.726666667,6.0,6.3,,,,,Topázio,False,Adequado (≥ 0),3,0.0,False
2023,RA-573,2.0,3,-1.0,12,Masculino,2020,Pública,Ametista,7.774366667,5.0,6.6,9.8,9.5,5.0,8.541666667,8.45,5.7,7.5,,,,,Topázio,False,Moderada (-1 a -2),3,1.0,False
2023,RA-551,2.0,3,-1.0,12,Feminino,2018,Pública,Ametista,7.075033333,5.0,5.4,8.6,10.0,2.52,8.541666667,8.393333333,4.5,6.2,,,,,Ágata,False,Moderada (-1 a -2),5,1.0,False
2023,RA-566,2.0,3,-1.0,12,Feminino,2022,Pública,Ametista,7.7227,5.0,8.4,8.8,9.0,2.52,8.958333333,8.673333333,8.8,8.0,,,,,Ametista,False,Moderada (-1 a -2),1,1.0,False
2023,RA-555,2.0,3,-1.0,13,Masculino,2019,Pública,Quartzo,5.898133333,5.0,3.9,8.1,7.4,2.52,6.25,6.946666667,1.5,6.2,,,,,Quartzo,False,Moderada (-1 a -2),4,1.0,False
2023,RA-373,2.0,3,-1.0,12,Masculino,2022,Pública,Ágata,6.805,5.0,8.4,9.7,0.0,2.52,8.75,7.84,7.7,9.0,,,,,Ametista,False,Moderada (-1 a -2),1,1.0,False
2023,RA-1105,2.0,3,-1.0,13,Feminino,2023,Pública,Ágata,6.299166667,5.0,6.0,9.0,0.0,2.52,8.125,8.673333333,5.0,7.0,,,,,,False,Moderada (-1 a -2),0,1.0,False
2023,RA-546,2.0,3,-1.0,12,Feminino,2021,Pública,Ágata,6.031666667,5.0,5.7,7.2,0.0,2.52,8.75,9.173333333,3.5,7.8,,,,,Ágata,False,Moderada (-1 a -2),2,1.0,False
2023,RA-557,2.0,2,0.0,11,Masculino,2019,Pública,Topázio,8.7717,10.0,8.9,8.2,10.0,5.0,9.375,9.62,8.0,9.7,,,,,Topázio,False,Adequado (≥ 0),4,0.0,False
2023,RA-1106,2.0,3,-1.0,12,Masculino,2023,Pública,Ametista,7.1642,5.0,5.1,9.3,8.5,5.0,8.333333333,8.003333333,5.2,5.0,,,,,,False,Moderada (-1 a -2),0,1.0,False
2023,RA-558,2.0,5,-3.0,15,Masculino,2022,Pública,Ágata,6.615333333,2.5,6.0,9.4,7.8,5.0,6.458333333,6.78,5.7,6.3,,,,,Quartzo,False,Severa (≤ -3),1,1.0,False
2023,RA-560,2.0,3,-1.0,12,Masculino,2020,Pública,Quartzo,4.932,5.0,4.0,8.4,0.0,2.52,5.0,6.0,2.3,5.7,,,,,Quartzo,False,Moderada (-1 a -2),3,1.0,False
2023,RA-1107,2.0,3,-1.0,12,Feminino,2023,Pública,Ametista,7.9327,5.0,7.5,9.4,9.0,5.0,8.958333333,8.783333333,8.0,7.0,,,,,,False,Moderada (-1 a -2),0,1.0,False
2023,RA-1108,2.0,3,-1.0,12,Masculino,2023,Pública,Ágata,6.310833333,5.0,4.7,9.3,0.0,5.0,8.541666667,8.283333333,3.7,5.7,,,,,,False,Moderada (-1 a -2),0,1.0,False
2023,RA-542,2.0,3,-1.0,12,Feminino,2019,Pública,Ametista,7.816533333,5.0,6.3,9.7,9.5,5.0,8.75,9.006666667,5.2,7.3,,,,,Ametista,False,Moderada (-1 a -2),4,1.0,False
2023,RA-543,2.0,2,0.0,11,Feminino,2022,Pública,Ametista,7.971833333,10.0,6.5,9.8,7.8,2.52,8.75,9.006666667,5.5,7.5,,,,,Ametista,False,Adequado (≥ 0),1,0.0,False
2023,RA-556,2.0,3,-1.0,12,Feminino,2018,Pública,Ametista,7.7482,5.0,7.2,9.6,8.5,2.52,9.166666667,9.396666667,6.5,7.8,,,,,Ametista,False,Moderada (-1 a -2),5,1.0,False
2023,RA-1109,2.0,4,-2.0,14,Masculino,2023,Pública,Ágata,6.277533333,5.0,3.4,6.4,10.0,5.0,7.5,7.836666667,3.5,3.3,,,,,,False,Moderada (-1 a -2),0,1.0,False
2023,RA-389,2.0,3,-1.0,12,Masculino,2019,Pública,Ágata,6.687,5.0,8.2,8.2,0.0,2.52,8.75,8.95,6.8,9.5,,,,,Ametista,False,Moderada (-1 a -2),4,1.0,False
2023,RA-1110,2.0,3,-1.0,12,Feminino,2023,Pública,Ametista,7.248566667,5.0,6.8,9.2,4.6,5.0,8.541666667,8.73,6.5,7.0,,,,,,False,Moderada (-1 a -2),0,1.0,False
2023,RA-568,2.0,5,-3.0,15,Masculino,2018,Pública,Ágata,6.9647,2.5,7.6,7.9,7.0,5.0,8.125,8.01,8.5,6.7,,,,,Ametista,False,Severa (≤ -3),5,1.0,False
2023,RA-562,2.0,3,-1.0,12,Feminino,2021,Pública,Ágata,6.824833333,5.0,8.7,8.5,0.0,2.52,8.541666667,8.893333333,7.7,9.7,,,,,Ametista,False,Moderada (-1 a -2),2,1.0,False
2023,RA-1111,2.0,2,0.0,11,Feminino,2023,Pública,Ágata,6.559166667,10.0,5.4,8.9,0.0,2.52,8.125,8.173333333,4.8,6.0,,,,,,False,Adequado (≥ 0),0,0.0,False
2023,RA-1112,2.0,3,-1.0,12,Masculino,2023,Pública,Ametista,7.088866667,5.0,6.3,7.9,9.5,2.52,8.333333333,8.616666667,5.2,7.3,,,,,,False,Moderada (-1 a -2),0,1.0,False
2023,RA-525,2.0,3,-1.0,12,Feminino,2021,Pública,Ametista,7.911366667,5.0,9.2,8.6,8.0,2.52,8.958333333,9.566666667,8.8,9.5,,,,,Ametista,False,Moderada (-1 a -2),2,1.0,False
2023,RA-357,2.0,3,-1.0,13,Masculino,2022,Pública,Topázio,8.2832,5.0,8.7,9.6,8.5,7.52,8.75,8.23,8.7,8.7,,,,,Ametista,False,Moderada (-1 a -2),1,1.0,False
2023,RA-583,2.0,3,-1.0,13,Feminino,2019,Pública,Ametista,7.838866667,5.0,6.3,9.4,9.0,7.52,8.333333333,8.616666667,5.5,7.0,,,,,Ametista,False,Moderada (-1 a -2),4,1.0,False
2023,RA-584,2.0,2,0.0,11,Feminino,2019,Pública,Ametista,7.697533333,10.0,5.8,9.0,9.5,2.52,8.333333333,8.56,5.0,6.5,,,,,Ágata,False,Adequado (≥ 0),4,0.0,False
2023,RA-586,2.0,2,0.0,10,Feminino,2021,Privada / bolsa,Topázio,8.4242,10.0,8.4,10.0,8.0,2.52,8.333333333,9.343333333,7.5,9.2,,,,,Ametista,False,Adequado (≥ 0),2,0.0,False
2023,RA-1113,2.0,3,-1.0,12,Masculino,2023,Pública,Quartzo,5.636666667,5.0,5.0,6.0,0.0,7.52,7.5,7.173333333,5.0,5.0,,,,,,False,Moderada (-1 a -2),0,1.0,False
2023,RA-413,2.0,3,-1.0,13,Feminino,2022,Pública,Ágata,6.803633333,5.0,6.3,8.9,7.9,2.52,7.291666667,7.503333333,5.8,6.7,,,,,Ágata,False,Moderada (-1 a -2),1,1.0,False
2023,RA-599,2.0,2,0.0,10,Masculino,2022,Pública,Topázio,8.532866667,10.0,8.5,9.5,10.0,2.52,8.333333333,9.286666667,8.2,8.7,,,,,Topázio,False,Adequado (≥ 0),1,0.0,False
2023,RA-1114,2.0,2,0.0,11,Feminino,2023,Pública,Ametista,7.5667,10.0,4.9,9.8,8.5,2.52,8.125,8.56,4.3,5.5,,,,,,False,Adequado (≥ 0),0,0.0,False
2023,RA-401,2.0,3,-1.0,12,Feminino,2021,Pública,Ágata,6.363666667,5.0,7.3,8.1,4.0,2.52,7.083333333,7.116666667,6.3,8.3,,,,,Ágata,False,Moderada (-1 a -2),2,1.0,False
2023,RA-1115,2.0,2,0.0,11,Feminino,2023,Pública,Ágata,6.474,10.0,4.0,8.3,0.0,7.52,7.5,7.56,6.0,2.0,,,,,,False,Adequado (≥ 0),0,0.0,False
2023,RA-1116,2.0,3,-1.0,13,Masculino,2023,Pública,Ágata,6.956533333,5.0,4.9,9.2,9.5,5.0,7.083333333,7.39,3.8,6.0,,,,,,False,Moderada (-1 a -2),0,1.0,False
2023,RA-604,2.0,2,0.0,11,Feminino,2021,Pública,Topázio,8.548033333,10.0,7.5,9.3,9.0,7.52,8.125,8.616666667,6.0,9.0,,,,,Ametista,False,Adequado (≥ 0),2,0.0,False
2023,RA-605,2.0,3,-1.0,12,Feminino,2021,Pública,Ametista,7.709366667,5.0,6.8,9.5,9.0,7.52,7.291666667,7.84,4.8,8.8,,,,,Ametista,False,Moderada (-1 a -2),2,1.0,False
2023,RA-668,2.0,3,-1.0,12,Masculino,2022,Pública,Ágata,6.017933333,5.0,3.4,6.3,6.3,7.52,6.875,7.616666667,2.7,4.0,,,,,Quartzo,False,Moderada (-1 a -2),1,1.0,False
2023,RA-1117,2.0,2,0.0,11,Feminino,2023,Pública,Topázio,8.382366667,10.0,7.3,9.6,9.0,7.52,7.708333333,7.946666667,6.0,8.5,,,,,,False,Adequado (≥ 0),0,0.0,False
2023,RA-1118,2.0,3,-1.0,12,Feminino,2023,Pública,Ametista,7.163833333,5.0,6.0,8.8,5.3,7.52,7.708333333,8.28,4.8,7.2,,,,,,False,Moderada (-1 a -2),0,1.0,False
2023,RA-610,2.0,2,0.0,10,Feminino,2022,Pública,Topázio,8.2857,10.0,7.0,10.0,10.0,2.52,8.541666667,8.896666667,6.3,7.7,,,,,Topázio,False,Adequado (≥ 0),1,0.0,False
2023,RA-409,2.0,3,-1.0,12,Feminino,2022,Pública,Ametista,7.621466667,5.0,8.0,9.5,8.4,2.52,7.916666667,8.73,6.2,9.7,,,,,Topázio,False,Moderada (-1 a -2),1,1.0,False
2023,RA-466,2.0,4,-2.0,14,Masculino,2022,Pública,Ágata,6.595533333,5.0,4.5,7.6,9.5,6.89,6.25,7.056666667,2.5,6.5,,,,,Ágata,False,Moderada (-1 a -2),1,1.0,False
2023,RA-760,2.0,3,-1.0,12,Masculino,2021,Pública,Ágata,6.548333333,5.0,6.3,8.8,0.0,7.52,7.083333333,7.84,5.8,6.8,,,,,Topázio,False,Moderada (-1 a -2),2,1.0,False
2023,RA-404,2.0,3,-1.0,13,Feminino,2020,Pública,Ágata,6.7093,5.0,6.0,8.3,7.9,5.02,6.875,6.89,4.7,7.2,,,,,Ágata,False,Moderada (-1 a -2),3,1.0,False
2023,RA-590,2.0,2,0.0,11,Feminino,2020,Privada / bolsa,Ametista,7.647666667,10.0,6.5,9.7,6.3,3.77,7.291666667,8.34,5.7,7.3,,,,,Ametista,False,Adequado (≥ 0),3,0.0,False
2023,RA-469,2.0,3,-1.0,12,Feminino,2022,Pública,Ametista,7.482533333,5.0,7.8,9.3,7.5,2.52,7.916666667,8.843333333,6.8,8.8,,,,,Ametista,False,Moderada (-1 a -2),1,1.0,False
2023,RA-1119,2.0,3,-1.0,13,Feminino,2023,Pública,Ametista,7.192,5.0,5.9,9.7,7.3,3.77,7.708333333,8.453333333,3.0,8.8,,,,,,False,Moderada (-1 a -2),0,1.0,False
2023,RA-1120,2.0,2,0.0,11,Feminino,2023,Pública,Topázio,9.103366667,10.0,8.3,9.6,9.5,7.52,8.958333333,9.676666667,7.3,9.2,,,,,,False,Adequado (≥ 0),0,0.0,False
2023,RA-472,2.0,3,-1.0,13,Feminino,2022,Pública,Ágata,6.6858,5.0,5.5,7.1,5.1,7.52,7.708333333,8.223333333,3.7,7.2,,,,,Quartzo,False,Moderada (-1 a -2),1,1.0,False
2023,RA-1121,2.0,2,0.0,11,Masculino,2023,Pública,Topázio,8.049,10.0,8.0,9.9,0.0,6.26,8.75,9.84,6.5,9.5,,,,,,False,Adequado (≥ 0),0,0.0,False
2023,RA-1122,2.0,2,0.0,11,Masculino,2023,Pública,Ametista,7.3715,10.0,6.9,9.3,0.0,6.89,7.291666667,8.616666667,5.2,8.5,,,,,,False,Adequado (≥ 0),0,0.0,False
2023,RA-438,2.0,2,0.0,11,Masculino,2022,Pública,Ágata,6.9883,10.0,5.4,7.5,6.9,6.26,6.458333333,7.223333333,3.5,7.3,,,,,Ametista,False,Adequado (≥ 0),1,0.0,False
2023,RA-408,2.0,3,-1.0,13,Feminino,2022,Pública,Ametista,7.242133333,5.0,6.8,8.5,7.9,3.77,8.333333333,8.45,6.0,7.5,,,,,Ágata,False,Moderada (-1 a -2),1,1.0,False
2023,RA-1123,2.0,3,-1.0,12,Masculino,2023,Pública,Ágata,6.9565,5.0,5.3,8.9,7.3,7.52,7.083333333,7.113333333,3.8,6.8,,,,,,False,Moderada (-1 a -2),0,1.0,False
2023,RA-1124,2.0,4,-2.0,14,Feminino,2023,Pública,Ágata,6.667866667,5.0,3.0,8.0,9.5,7.52,7.083333333,7.786666667,1.0,5.0,,,,,,False,Moderada (-1 a -2),0,1.0,False
2023,RA-623,2.0,4,-2.0,14,Masculino,2022,Pública,Ametista,7.8307,5.0,7.3,9.5,10.0,7.52,7.291666667,7.446666667,5.8,8.8,,,,,Ametista,False,Moderada (-1 a -2),1,1.0,False
2023,RA-661,2.0,2,0.0,11,Masculino,2022,Pública,Ágata,6.846333333,10.0,6.5,7.7,0.0,6.89,7.5,7.836666667,4.3,8.7,,,,,Ametista,False,Adequado (≥ 0),1,0.0,False
2023,RA-626,2.0,3,-1.0,12,Masculino,2021,Pública,Ametista,7.231033333,5.0,6.5,9.2,9.0,4.39,7.291666667,7.613333333,4.7,8.3,,,,,Quartzo,False,Moderada (-1 a -2),2,1.0,False
2023,RA-433,2.0,3,-1.0,13,Masculino,2022,Pública,Ágata,6.5982,5.0,4.8,7.2,8.5,7.52,5.833333333,7.613333333,1.8,7.7,,,,,Quartzo,False,Moderada (-1 a -2),1,1.0,False
2023,RA-614,2.0,3,-1.0,13,Masculino,2021,Pública,Topázio,8.2282,5.0,8.6,9.1,9.0,7.52,8.333333333,8.563333333,8.8,8.3,,,,,Topázio,False,Moderada (-1 a -2),2,1.0,False
2023,RA-434,2.0,3,-1.0,12,Masculino,2022,Pública,Ametista,7.069766667,5.0,6.6,8.0,6.3,7.52,7.5,7.613333333,5.2,8.0,,,,,Ametista,False,Moderada (-1 a -2),1,1.0,False
2023,RA-603,2.0,2,0.0,11,Masculino,2022,Pública,Ágata,6.748833333,10.0,7.0,8.9,0.0,2.52,7.708333333,7.78,5.7,8.2,,,,,Ametista,False,Adequado (≥ 0),1,0.0,False
2023,RA-436,2.0,3,-1.0,12,Masculino,2022,Pública,Quartzo,5.322366667,5.0,3.4,4.7,7.5,2.52,6.875,7.613333333,3.7,3.0,,,,,Ágata,False,Moderada (-1 a -2),1,1.0,False
2023,RA-616,2.0,3,-1.0,13,Masculino,2019,Pública,Quartzo,5.612,5.0,6.8,6.6,0.0,5.02,5.833333333,6.783333333,5.5,8.0,,,,,Ametista,False,Moderada (-1 a -2),4,1.0,False
2023,RA-437,2.0,4,-2.0,14,Masculino,2022,Pública,Ágata,6.947366667,5.0,4.7,8.4,8.0,7.52,7.291666667,7.78,2.5,6.8,,,,,Ágata,False,Moderada (-1 a -2),1,1.0,False
2023,RA-1125,2.0,2,0.0,11,Feminino,2023,Pública,Ágata,6.655366667,10.0,4.0,7.9,4.7,7.52,6.666666667,6.95,1.0,7.0,,,,,,False,Adequado (≥ 0),0,0.0,False
2023,RA-619,2.0,2,0.0,11,Feminino,2021,Pública,Ametista,7.891366667,10.0,9.0,7.1,9.0,3.77,7.708333333,8.116666667,8.5,9.5,,,,,Ametista,False,Adequado (≥ 0),2,0.0,False
2023,RA-620,2.0,3,-1.0,13,Masculino,2021,Pública,Ametista,7.043666667,5.0,6.2,8.4,6.8,7.52,6.875,7.503333333,5.2,7.2,,,,,Ágata,False,Moderada (-1 a -2),2,1.0,False
2023,RA-1126,2.0,3,-1.0,12,Feminino,2023,Pública,,,5.0,,5.2,0.0,3.77,7.291666667,7.06,,,,,,,,False,Moderada (-1 a -2),0,1.0,False
2023,RA-1127,2.0,2,0.0,11,Feminino,2023,Pública,Topázio,8.3167,10.0,6.9,9.9,8.5,5.02,8.125,9.01,5.0,8.7,,,,,,False,Adequado (≥ 0),0,0.0,False
2023,RA-1128,2.0,3,-1.0,12,Masculino,2023,Pública,Ágata,6.404533333,5.0,3.5,7.3,9.5,5.02,7.916666667,7.503333333,3.0,4.0,,,,,,False,Moderada (-1 a -2),0,1.0,False
2023,RA-1129,2.0,2,0.0,11,Masculino,2023,Pública,Ametista,7.309333333,10.0,7.8,9.2,0.0,6.27,7.916666667,7.503333333,6.8,8.7,,,,,,False,Adequado (≥ 0),0,0.0,False
2023,RA-1130,2.0,2,0.0,11,Masculino,2023,Pública,Topázio,8.0037,10.0,7.3,8.4,8.5,7.52,7.708333333,7.503333333,6.3,8.2,,,,,,False,Adequado (≥ 0),0,0.0,False
2023,RA-1131,2.0,3,-1.0,12,Feminino,2023,Pública,Topázio,8.316133333,5.0,9.1,9.9,7.9,5.02,8.75,9.286666667,8.3,9.8,,,,,,False,Moderada (-1 a -2),0,1.0,False
2023,RA-1132,2.0,3,-1.0,12,Masculino,2023,Pública,Ágata,6.829533333,5.0,5.8,6.3,10.0,6.27,7.916666667,7.503333333,5.2,6.3,,,,,,False,Moderada (-1 a -2),0,1.0,False
2023,RA-1133,2.0,2,0.0,10,Feminino,2023,Pública,Topázio,8.600033333,10.0,6.5,10.0,9.5,6.27,8.541666667,9.343333333,5.0,8.0,,,,,,False,Adequado (≥ 0),0,0.0,False
2023,RA-1134,2.0,2,0.0,11,Masculino,2023,Pública,Ametista,7.769866667,10.0,6.8,9.7,8.0,3.76,7.916666667,7.56,5.5,8.0,,,,,,False,Adequado (≥ 0),0,0.0,False
2023,RA-618,2.0,4,-2.0,14,Masculino,2020,Pública,Ágata,6.4745,5.0,6.2,9.2,0.0,5.02,8.125,7.95,4.5,7.8,,,,,Ametista,False,Moderada (-1 a -2),3,1.0,False
2023,RA-631,2.0,3,-1.0,13,Masculino,2022,Pública,Quartzo,5.954666667,5.0,7.0,6.4,0.0,6.27,7.916666667,6.78,6.0,8.0,,,,,Ágata,False,Moderada (-1 a -2),1,1.0,False
2023,RA-646,2.0,3,-1.0,13,Masculino,2019,Pública,Topázio,8.3547,5.0,8.4,8.9,10.0,7.52,8.958333333,8.783333333,8.2,8.5,,,,,Topázio,False,Moderada (-1 a -2),4,1.0,False
2023,RA-451,2.0,4,-2.0,14,Feminino,2019,Pública,Topázio,8.386033333,5.0,8.9,9.5,8.5,4.39,9.375,9.896666667,7.8,10.0,,,,,Ágata,False,Moderada (-1 a -2),4,1.0,False
2023,RA-1135,2.0,2,0.0,11,Masculino,2023,Pública,Ametista,7.453833333,10.0,7.2,9.4,0.0,7.52,8.125,7.896666667,4.8,9.5,,,,,,False,Adequado (≥ 0),0,0.0,False
2023,RA-649,2.0,3,-1.0,13,Feminino,2019,Pública,Ametista,7.579533333,5.0,6.5,9.3,9.0,3.77,8.75,8.836666667,3.8,9.2,,,,,Ametista,False,Moderada (-1 a -2),4,1.0,False
2023,RA-651,2.0,2,0.0,11,Feminino,2022,Pública,Ametista,7.332,10.0,9.3,8.2,0.0,3.77,8.75,7.95,9.8,8.7,,,,,Ametista,False,Adequado (≥ 0),1,0.0,False
2023,RA-1136,2.0,3,-1.0,13,Feminino,2023,Pública,Ágata,6.7351,5.0,6.6,8.1,6.8,2.52,8.333333333,7.723333333,4.8,8.3,,,,,,False,Moderada (-1 a -2),0,1.0,False
2023,RA-653,2.0,3,-1.0,12,Feminino,2022,Pública,Ametista,7.385666667,5.0,7.9,9.8,0.0,6.27,9.166666667,9.06,7.7,8.0,,,,,Topázio,False,Moderada (-1 a -2),1,1.0,False
2023,RA-456,2.0,3,-1.0,12,Feminino,2022,Pública,Ametista,7.518,5.0,9.9,8.3,0.0,4.39,9.583333333,9.953333333,9.7,10.0,,,,,Ametista,False,Moderada (-1 a -2),1,1.0,False
2023,RA-655,2.0,3,-1.0,13,Feminino,2019,Pública,Topázio,8.3198,5.0,8.3,9.9,7.4,7.52,9.166666667,8.896666667,7.2,9.3,,,,,Ametista,False,Moderada (-1 a -2),4,1.0,False
2023,RA-656,2.0,3,-1.0,12,Feminino,2020,Pública,Ágata,6.780833333,5.0,7.3,8.9,0.0,7.52,8.541666667,7.173333333,5.8,8.8,,,,,Ágata,False,Moderada (-1 a -2),3,1.0,False
2023,RA-657,2.0,3,-1.0,12,Feminino,2021,Pública,Topázio,8.3532,5.0,8.2,10.0,8.5,7.52,8.75,8.73,7.0,9.3,,,,,Topázio,False,Moderada (-1 a -2),2,1.0,False
2023,RA-644,2.0,3,-1.0,12,Feminino,2021,Pública,Ágata,6.897033333,5.0,5.9,5.6,10.0,7.52,8.541666667,7.503333333,4.0,7.7,,,,,Ametista,False,Moderada (-1 a -2),2,1.0,False
2023,RA-461,2.0,3,-1.0,12,Feminino,2018,Pública,Ametista,7.2379,5.0,7.4,7.9,7.3,3.77,8.541666667,8.616666667,5.7,9.0,,,,,Quartzo,False,Moderada (-1 a -2),5,1.0,False
2023,RA-632,2.0,2,0.0,11,Feminino,2022,Pública,Ametista,7.8768,10.0,7.4,9.1,4.7,5.64,8.333333333,8.563333333,6.8,8.0,,,,,Ágata,False,Adequado (≥ 0),1,0.0,False
2023,RA-633,2.0,3,-1.0,12,Feminino,2020,Pública,Ágata,6.6552,5.0,7.2,8.1,1.7,6.27,8.541666667,7.286666667,5.3,9.0,,,,,Ametista,False,Moderada (-1 a -2),3,1.0,False
2023,RA-1137,2.0,2,0.0,10,Feminino,2023,Pública,Topázio,8.743366667,10.0,6.5,9.8,9.5,6.27,9.375,9.843333333,6.0,7.0,,,,,,False,Adequado (≥ 0),0,0.0,False
2023,RA-1138,2.0,3,-1.0,12,Feminino,2023,Pública,Topázio,8.3472,5.0,9.3,9.2,9.0,6.27,9.166666667,8.566666667,9.0,9.5,,,,,,False,Moderada (-1 a -2),0,1.0,False
2023,RA-1139,2.0,2,0.0,11,Masculino,2023,Pública,Ametista,7.6647,10.0,5.3,9.1,8.5,5.64,8.125,7.79,6.3,4.3,,,,,,False,Adequado (≥ 0),0,0.0,False
2023,RA-1140,2.0,2,0.0,11,Feminino,2023,Pública,Ametista,7.703533333,10.0,7.3,8.7,4.7,7.52,7.708333333,7.62,8.5,6.0,,,,,,False,Adequado (≥ 0),0,0.0,False
2023,RA-445,2.0,3,-1.0,13,Masculino,2022,Pública,Ametista,7.9087,5.0,8.4,8.8,8.0,6.89,8.541666667,8.176666667,7.7,9.0,,,,,Ágata,False,Moderada (-1 a -2),1,1.0,False
2023,RA-1141,2.0,3,-1.0,12,Feminino,2023,Pública,Ametista,7.2757,5.0,5.9,8.8,9.0,7.52,7.708333333,7.113333333,5.5,6.2,,,,,,False,Moderada (-1 a -2),0,1.0,False
2023,RA-639,2.0,2,0.0,11,Feminino,2021,Pública,Ametista,7.5853,10.0,6.3,8.1,7.4,6.27,8.125,7.62,4.8,7.8,,,,,Ágata,False,Adequado (≥ 0),2,0.0,False
2023,RA-1142,2.0,2,0.0,11,Feminino,2023,Pública,Topázio,9.175033333,10.0,10.0,10.0,9.0,7.52,8.541666667,8.343333333,10.0,10.0,,,,,,False,Adequado (≥ 0),0,0.0,False
2023,RA-642,2.0,2,0.0,11,Feminino,2021,Pública,Topázio,8.416866667,10.0,6.5,9.2,9.5,6.27,8.75,9.173333333,5.7,7.2,,,,,Ametista,False,Adequado (≥ 0),2,0.0,False
2023,RA-658,2.0,2,0.0,10,Feminino,2022,Pública,Topázio,8.438533333,10.0,6.1,9.5,9.5,7.52,7.916666667,9.173333333,5.3,6.8,,,,,Ametista,False,Adequado (≥ 0),1,0.0,False
2023,RA-588,2.0,2,0.0,10,Feminino,2021,Privada / bolsa,Topázio,8.3527,10.0,7.8,9.6,8.0,2.52,8.958333333,9.673333333,7.5,8.0,,,,,Topázio,False,Adequado (≥ 0),2,0.0,False
2023,RA-662,2.0,3,-1.0,12,Feminino,2022,Pública,Ágata,6.733566667,5.0,6.7,7.6,6.8,6.27,7.291666667,6.72,4.3,9.0,,,,,Ametista,False,Moderada (-1 a -2),1,1.0,False
2023,RA-403,2.0,3,-1.0,13,Masculino,2020,Pública,Ametista,7.716366667,5.0,7.8,8.8,8.5,6.27,7.291666667,8.45,6.8,8.8,,,,,Ametista,False,Moderada (-1 a -2),3,1.0,False
2023,RA-591,2.0,3,-1.0,12,Masculino,2021,Pública,Ametista,7.1472,5.0,6.9,8.5,9.0,6.27,5.833333333,7.333333333,6.2,7.5,,,,,Ametista,False,Moderada (-1 a -2),2,1.0,False
2023,RA-592,2.0,2,0.0,11,Feminino,2020,Privada / bolsa,Ametista,7.935466667,10.0,7.6,9.2,6.2,3.77,7.916666667,8.95,5.5,9.7,,,,,Ametista,False,Adequado (≥ 0),3,0.0,False
2023,RA-602,2.0,3,-1.0,12,Masculino,2019,Pública,Topázio,8.5592,5.0,8.1,9.6,10.0,7.52,8.75,9.51,7.3,8.8,,,,,Ametista,False,Moderada (-1 a -2),4,1.0,False
2023,RA-666,2.0,2,0.0,11,Masculino,2022,Pública,Topázio,8.720366667,10.0,7.1,9.1,9.5,7.52,8.541666667,9.62,6.7,7.5,,,,,Ametista,False,Adequado (≥ 0),1,0.0,False
2023,RA-667,2.0,3,-1.0,12,Masculino,2021,Pública,Ágata,6.774866667,5.0,5.2,6.9,9.0,6.89,7.083333333,7.836666667,3.0,7.3,,,,,Quartzo,False,Moderada (-1 a -2),2,1.0,False
2023,RA-422,2.0,3,-1.0,13,Masculino,2022,Pública,Quartzo,5.57,5.0,4.4,7.8,0.0,7.52,6.666666667,6.106666667,3.0,5.7,,,,,Ágata,False,Moderada (-1 a -2),1,1.0,False
2023,RA-595,2.0,3,-1.0,13,Masculino,2018,Pública,Quartzo,5.078666667,5.0,3.3,7.0,0.0,7.52,6.666666667,5.55,3.2,3.3,,,,,Quartzo,False,Moderada (-1 a -2),5,1.0,False
2023,RA-423,2.0,3,-1.0,13,Feminino,2022,Pública,Ágata,6.607533333,5.0,3.4,8.7,8.0,6.89,7.083333333,7.45,2.3,4.5,,,,,Ágata,False,Moderada (-1 a -2),1,1.0,False
2023,RA-669,2.0,2,0.0,11,Masculino,2022,Pública,Ametista,7.345033333,10.0,5.0,7.8,8.5,7.52,7.708333333,7.06,3.3,6.7,,,,,Ametista,False,Adequado (≥ 0),1,0.0,False
2023,RA-670,2.0,2,0.0,11,Feminino,2022,Pública,Topázio,8.6067,10.0,7.0,8.7,9.5,7.52,8.958333333,9.343333333,5.8,8.2,,,,,Ametista,False,Adequado (≥ 0),1,0.0,False
2023,RA-609,2.0,3,-1.0,12,Masculino,2019,Pública,Ágata,6.463033333,5.0,5.3,6.4,9.5,7.52,6.875,6.216666667,3.2,7.3,,,,,Ágata,False,Moderada (-1 a -2),4,1.0,False
2023,RA-326,3.0,3,0.0,13,Feminino,2022,Privada / bolsa,Topázio,8.65075,10.0,8.2,9.4,9.6,3.14,9.0625,9.76,8.3,7.5,8.8,,,,Topázio,False,Adequado (≥ 0),1,0.0,False
2023,RA-179,3.0,3,0.0,12,Masculino,2022,Pública,Topázio,8.437641667,10.0,6.4,9.4,8.8,7.52,8.59375,8.9225,8.7,6.3,4.3,,,,Ametista,False,Adequado (≥ 0),1,0.0,False
2023,RA-1143,3.0,5,-2.0,15,Feminino,2023,Pública,Ágata,6.445933333,5.0,5.3,7.0,8.8,6.26,7.5,6.2075,6.0,6.3,3.5,,,,,False,Moderada (-1 a -2),0,1.0,False
2023,RA-330,3.0,5,-2.0,15,Feminino,2018,Pública,Ágata,6.084875,5.0,3.3,7.2,9.6,6.89,6.71875,5.8275,3.8,3.8,2.3,,,,Ágata,False,Moderada (-1 a -2),5,1.0,False
2023,RA-332,3.0,4,-1.0,14,Masculino,2017,Privada / bolsa,Topázio,8.002591667,5.0,6.8,8.4,9.2,8.76,8.28125,9.175,6.3,7.7,6.5,,,,Ametista,False,Moderada (-1 a -2),6,1.0,False
2023,RA-199,3.0,4,-1.0,14,Masculino,2022,Privada / bolsa,Ametista,7.892341667,5.0,8.5,7.6,9.2,7.51,7.96875,8.505,8.2,8.2,9.2,,,,Ametista,False,Moderada (-1 a -2),1,1.0,False
2023,RA-1144,3.0,3,0.0,13,Feminino,2023,Pública,Ametista,7.410625,10.0,8.0,9.4,0.0,5.02,8.28125,8.0025,7.0,8.2,8.8,,,,,False,Adequado (≥ 0),0,0.0,False
2023,RA-352,3.0,3,0.0,12,Masculino,2019,Pública,Ametista,7.840341667,10.0,7.2,8.1,9.2,6.26,7.96875,7.17,8.2,6.0,7.5,,,,Ametista,False,Adequado (≥ 0),4,0.0,False
2023,RA-1145,3.0,2,1.0,11,Feminino,2023,Pública,Ametista,7.484375,10.0,7.8,9.5,0.0,4.39,8.59375,8.63,7.7,7.7,8.0,,,,,False,Adequado (≥ 0),0,0.0,False
2023,RA-1146,3.0,4,-1.0,14,Feminino,2023,Pública,Ágata,6.689583333,5.0,3.7,8.8,9.6,6.26,7.1875,6.965,5.0,3.3,2.7,,,,,False,Moderada (-1 a -2),0,1.0,False
2023,RA-331,3.0,3,0.0,13,Feminino,2019,Pública,Ametista,7.039791667,10.0,5.2,8.6,9.6,2.52,7.03125,6.7975,5.7,4.8,5.2,,,,Ágata,False,Adequado (≥ 0),4,0.0,False
2023,RA-227,3.0,3,0.0,12,Masculino,2022,Pública,Ametista,7.722125,10.0,6.9,7.5,9.6,5.63,8.28125,7.4625,7.2,6.5,7.0,,,,Ágata,False,Adequado (≥ 0),1,0.0,False
2023,RA-247,3.0,3,0.0,13,Feminino,2021,Pública,Ametista,7.221958333,10.0,7.2,8.5,0.0,7.52,8.28125,7.5425,6.5,6.7,8.3,,,,Ametista,False,Adequado (≥ 0),2,0.0,False
2023,RA-343,3.0,5,-2.0,15,Masculino,2020,Pública,Ágata,6.779591667,5.0,5.7,7.2,9.2,6.26,7.65625,6.9225,4.5,6.7,6.0,,,,Ágata,False,Moderada (-1 a -2),3,1.0,False
2023,RA-1147,3.0,4,-1.0,14,Feminino,2023,Pública,Ametista,7.072983333,5.0,6.7,8.3,8.3,6.26,7.1875,7.0075,5.0,7.5,7.5,,,,,False,Moderada (-1 a -2),0,1.0,False
2023,RA-345,3.0,4,-1.0,14,Masculino,2021,Pública,Ágata,6.534766667,5.0,4.6,6.8,8.8,6.26,8.125,7.1725,5.7,5.7,2.5,,,,Quartzo,False,Moderada (-1 a -2),2,1.0,False
2023,RA-336,3.0,4,-1.0,14,Masculino,2016,Pública,Quartzo,5.887708333,5.0,5.1,7.5,0.0,6.89,7.34375,7.255,6.7,5.2,3.3,,,,Ágata,False,Moderada (-1 a -2),7,1.0,False
2023,RA-346,3.0,2,1.0,11,Masculino,2022,Pública,Ametista,7.305541667,10.0,6.2,9.4,0.0,8.14,7.96875,7.84,6.7,5.5,6.5,,,,Topázio,False,Adequado (≥ 0),1,0.0,False
2023,RA-1148,3.0,2,1.0,11,Feminino,2023,Pública,Ametista,7.227866667,10.0,5.7,8.6,7.9,3.77,7.5,7.2125,5.7,5.3,6.2,,,,,False,Adequado (≥ 0),0,0.0,False
2023,RA-1149,3.0,4,-1.0,14,Feminino,2023,Pública,Ametista,7.410108333,5.0,7.2,9.8,8.3,2.52,7.96875,8.1725,6.0,6.8,8.7,,,,,False,Moderada (-1 a -2),0,1.0,False
2023,RA-1150,3.0,6,-3.0,16,Masculino,2023,Pública,Ametista,7.076008333,2.5,6.7,9.8,9.2,2.52,7.96875,7.835,7.0,6.5,6.5,,,,,False,Severa (≤ -3),0,1.0,False
2023,RA-1151,3.0,3,0.0,12,Feminino,2023,Pública,Ametista,7.829958333,10.0,8.3,9.5,7.5,2.52,7.65625,7.545,7.3,8.8,8.7,,,,,False,Adequado (≥ 0),0,0.0,False
2023,RA-356,3.0,3,0.0,13,Masculino,2019,Pública,Ágata,6.452008333,10.0,3.4,8.5,9.2,2.52,6.09375,6.5025,4.3,4.5,1.3,,,,Ágata,False,Adequado (≥ 0),4,0.0,False
2023,RA-1152,3.0,4,-1.0,14,Masculino,2023,Pública,Ágata,6.544916667,5.0,6.8,9.4,0.0,5.0,7.8125,7.585,6.7,6.0,7.8,,,,,False,Moderada (-1 a -2),0,1.0,False
2023,RA-221,3.0,5,-2.0,15,Masculino,2022,Pública,Ágata,6.959916667,5.0,5.0,9.0,9.6,5.0,7.1875,7.38,5.5,4.8,4.8,,,,Ágata,False,Moderada (-1 a -2),1,1.0,False
2023,RA-359,3.0,3,0.0,13,Feminino,2019,Pública,Ametista,7.627125,10.0,5.8,9.2,9.6,2.52,7.65625,8.255,6.0,6.7,4.7,,,,Ágata,False,Adequado (≥ 0),4,0.0,False
2023,RA-360,3.0,3,0.0,13,Feminino,2019,Pública,Quartzo,5.790875,10.0,4.3,7.3,0.0,2.52,7.34375,7.4225,5.3,4.8,2.8,,,,Ametista,False,Adequado (≥ 0),4,0.0,False
2023,RA-338,3.0,3,0.0,13,Masculino,2019,Pública,Topázio,8.287441667,10.0,6.7,9.1,8.3,7.52,8.59375,8.38,8.7,7.0,4.5,,,,Ágata,False,Adequado (≥ 0),4,0.0,False
2023,RA-339,3.0,3,0.0,12,Feminino,2019,Pública,Ametista,7.377583333,10.0,7.1,8.9,0.0,7.52,7.8125,8.255,7.7,5.7,7.8,,,,Topázio,False,Adequado (≥ 0),4,0.0,False
2023,RA-353,3.0,3,0.0,12,Feminino,2022,Pública,Topázio,8.309016667,10.0,8.4,9.9,8.8,2.52,7.8125,8.67,8.5,7.3,9.5,,,,Topázio,False,Adequado (≥ 0),1,0.0,False
2023,RA-1153,3.0,4,-1.0,14,Feminino,2023,Pública,Ametista,7.968658333,5.0,7.2,10.0,7.9,7.52,7.65625,8.63,6.7,7.8,7.0,,,,,False,Moderada (-1 a -2),0,1.0,False
2023,RA-183,3.0,4,-1.0,14,Feminino,2022,Pública,Ametista,7.586241667,5.0,7.7,9.7,7.9,2.52,7.96875,8.795,7.0,8.0,8.2,,,,Ametista,False,Moderada (-1 a -2),1,1.0,False
2023,RA-342,3.0,5,-2.0,15,Feminino,2021,Pública,Ametista,7.539875,5.0,6.6,8.6,7.5,7.52,7.96875,8.505,6.3,7.8,5.7,,,,Ágata,False,Moderada (-1 a -2),2,1.0,False
2023,RA-187,3.0,3,0.0,13,Feminino,2019,Privada / bolsa,Ametista,7.809875,10.0,6.9,9.9,7.5,2.52,7.96875,8.255,7.3,8.7,4.7,,,,Ametista,False,Adequado (≥ 0),4,0.0,False
2023,RA-190,3.0,4,-1.0,14,Feminino,2022,Pública,Ágata,6.934158333,5.0,5.7,9.5,7.9,2.52,7.65625,7.9575,5.8,5.2,6.0,,,,Ametista,False,Moderada (-1 a -2),1,1.0,False
2023,RA-347,3.0,3,0.0,13,Feminino,2019,Pública,Ametista,7.61835,10.0,7.3,9.5,6.7,2.52,7.8125,7.7925,6.7,6.2,9.0,,,,Ametista,False,Adequado (≥ 0),4,0.0,False
2023,RA-234,3.0,3,0.0,13,Masculino,2022,Pública,Ágata,6.248741667,10.0,5.6,8.0,6.7,2.52,4.84375,5.595,6.3,5.3,5.3,,,,Ágata,False,Adequado (≥ 0),1,0.0,False
2023,RA-1154,3.0,3,0.0,13,Masculino,2023,Pública,Ametista,7.701125,10.0,5.1,9.3,9.6,5.63,7.65625,7.67,5.3,5.0,5.0,,,,,False,Adequado (≥ 0),0,0.0,False
2023,RA-249,3.0,5,-2.0,15,Masculino,2017,Pública,Quartzo,5.444625,5.0,4.9,8.2,0.0,5.0,5.15625,6.545,6.2,5.3,3.2,,,,Quartzo,False,Moderada (-1 a -2),6,1.0,False
2023,RA-380,3.0,4,-1.0,14,Masculino,2017,Pública,Quartzo,4.912375,5.0,4.5,6.4,0.0,2.52,6.71875,6.5425,7.0,4.0,2.5,,,,Quartzo,False,Moderada (-1 a -2),6,1.0,False
2023,RA-250,3.0,3,0.0,13,Feminino,2022,Pública,Ametista,7.598208333,10.0,8.3,9.3,0.0,5.63,7.96875,8.625,7.7,8.8,8.3,,,,Ametista,False,Adequado (≥ 0),1,0.0,False
2023,RA-367,3.0,3,0.0,12,Feminino,2018,Pública,Ametista,7.38685,10.0,5.9,8.7,8.8,2.52,7.8125,7.7925,7.0,5.5,5.2,,,,Ágata,False,Adequado (≥ 0),5,0.0,False
2023,RA-1155,3.0,4,-1.0,14,Feminino,2023,Pública,Ametista,7.821633333,5.0,8.0,9.2,9.2,5.63,7.5,8.2925,6.7,8.2,9.0,,,,,False,Moderada (-1 a -2),0,1.0,False
2023,RA-1156,3.0,3,0.0,12,Feminino,2023,Pública,Ametista,7.340775,10.0,5.3,9.2,8.3,2.52,7.96875,7.7925,6.2,6.0,3.7,,,,,False,Adequado (≥ 0),0,0.0,False
2023,RA-368,3.0,4,-1.0,14,Masculino,2018,Pública,Quartzo,5.796458333,5.0,6.7,7.7,0.0,2.52,7.03125,7.34,5.0,7.2,7.8,,,,Ágata,False,Moderada (-1 a -2),5,1.0,False
2023,RA-387,3.0,4,-1.0,14,Masculino,2019,Pública,Quartzo,4.794333333,5.0,3.0,6.8,0.0,2.52,6.875,7.0075,4.3,2.8,1.8,,,,Ágata,False,Moderada (-1 a -2),4,1.0,False
2023,RA-388,3.0,5,-2.0,15,Feminino,2019,Pública,Quartzo,5.630833333,5.0,4.2,7.4,0.0,5.63,6.875,7.835,6.0,4.3,2.2,,,,Ágata,False,Moderada (-1 a -2),4,1.0,False
2023,RA-374,3.0,3,0.0,13,Feminino,2021,Privada / bolsa,Ametista,7.533891667,10.0,5.4,8.3,8.8,5.63,7.65625,7.9175,6.3,6.3,3.7,,,,Ametista,False,Adequado (≥ 0),2,0.0,False
2023,RA-377,3.0,3,0.0,13,Feminino,2021,Pública,Ametista,7.205041667,10.0,4.8,7.6,9.6,5.0,7.34375,7.6275,6.0,5.7,2.8,,,,Ágata,False,Adequado (≥ 0),2,0.0,False
2023,RA-223,3.0,4,-1.0,14,Feminino,2022,Pública,Quartzo,5.089833333,5.0,3.8,4.5,0.0,7.52,7.5,7.1725,5.5,4.0,1.8,,,,Quartzo,False,Moderada (-1 a -2),1,1.0,False
2023,RA-236,3.0,3,0.0,13,Feminino,2022,Pública,Ametista,7.337116667,10.0,4.5,7.5,10.0,7.52,7.1875,7.2975,6.3,4.0,3.3,,,,Ametista,False,Adequado (≥ 0),1,0.0,False
2023,RA-362,3.0,3,0.0,13,Feminino,2018,Pública,Ágata,6.392625,10.0,5.1,7.5,0.0,7.52,7.03125,7.0875,5.7,6.8,2.8,,,,Ametista,False,Adequado (≥ 0),5,0.0,False
2023,RA-381,3.0,4,-1.0,14,Masculino,2018,Pública,Quartzo,5.758041667,5.0,3.9,8.4,0.0,6.89,7.34375,6.84,5.3,5.3,1.2,,,,Ágata,False,Moderada (-1 a -2),5,1.0,False
2023,RA-364,3.0,3,0.0,12,Masculino,2019,Pública,Ametista,7.734891667,10.0,5.8,9.0,8.8,6.89,7.03125,7.505,8.0,5.2,4.3,,,,Topázio,False,Adequado (≥ 0),4,0.0,False
2023,RA-382,3.0,5,-2.0,15,Masculino,2017,Pública,Ágata,6.223833333,5.0,5.2,9.4,0.0,6.26,7.5,7.1725,5.0,5.8,4.7,,,,Ágata,False,Moderada (-1 a -2),6,1.0,False
2023,RA-383,3.0,3,0.0,12,Masculino,2019,Pública,Ametista,7.5408,10.0,6.5,8.8,9.2,3.14,7.5,7.5,6.3,6.2,7.0,,,,Topázio,False,Adequado (≥ 0),4,0.0,False
2023,RA-384,3.0,3,0.0,13,Feminino,2017,Pública,Ágata,6.757958333,10.0,7.3,9.1,0.0,2.52,7.65625,7.335,6.3,7.2,8.3,,,,Ametista,False,Adequado (≥ 0),6,0.0,False
2023,RA-1157,3.0,4,-1.0,14,Masculino,2023,Pública,Ametista,7.086633333,5.0,5.7,8.8,9.2,6.26,7.5,7.0025,5.0,6.3,5.7,,,,,False,Moderada (-1 a -2),0,1.0,False
2023,RA-386,3.0,4,-1.0,14,Masculino,2019,Pública,Quartzo,5.758425,5.0,3.3,7.0,9.2,2.52,7.03125,6.6325,5.0,3.7,1.2,,,,Ágata,False,Moderada (-1 a -2),4,1.0,False
2023,RA-260,3.0,3,0.0,13,Feminino,2019,Pública,Topázio,8.080008333,10.0,6.1,9.9,9.2,7.52,7.34375,7.4175,6.3,5.2,6.7,,,,Ametista,False,Adequado (≥ 0),4,0.0,False
2023,RA-390,3.0,3,0.0,12,Feminino,2022,Pública,Ágata,6.905741667,10.0,4.8,8.8,7.9,2.52,7.34375,7.005,5.7,5.8,3.0,,,,Ágata,False,Adequado (≥ 0),1,0.0,False
2023,RA-1158,3.0,4,-1.0,14,Feminino,2023,Pública,Ágata,6.306666667,5.0,4.3,8.6,7.5,2.52,7.5,7.34,5.3,5.0,2.7,,,,,False,Moderada (-1 a -2),0,1.0,False
2023,RA-391,3.0,3,0.0,13,Feminino,2022,Pública,Ágata,6.5107,10.0,3.5,7.5,7.9,2.52,7.5,7.585,4.2,5.0,1.3,,,,Ametista,False,Adequado (≥ 0),1,0.0,False
2023,RA-1159,3.0,3,0.0,12,Feminino,2023,Pública,Quartzo,5.913883333,10.0,3.1,6.6,5.8,2.52,7.1875,7.1325,5.2,1.5,2.5,,,,,False,Adequado (≥ 0),0,0.0,False
2023,RA-392,3.0,5,-2.0,15,Masculino,2022,Pública,Ágata,6.567208333,5.0,4.6,9.5,9.6,2.52,6.09375,7.17,6.2,4.7,2.8,,,,Ágata,False,Moderada (-1 a -2),1,1.0,False
2023,RA-1160,3.0,3,0.0,13,Masculino,2023,Pública,Ágata,6.636166667,10.0,2.7,8.7,9.6,2.52,6.875,7.2575,4.8,2.7,0.7,,,,,False,Adequado (≥ 0),0,0.0,False
2023,RA-1161,3.0,3,0.0,13,Feminino,2023,Pública,Ametista,7.317791667,10.0,6.3,8.1,6.3,2.52,8.28125,8.63,7.3,6.5,5.2,,,,,False,Adequado (≥ 0),0,0.0,False
2023,RA-395,3.0,3,0.0,12,Feminino,2018,Pública,Ametista,7.469175,10.0,6.0,8.6,9.2,2.52,7.96875,7.9175,6.7,5.3,6.0,,,,Ametista,False,Adequado (≥ 0),5,0.0,False
2023,RA-450,3.0,4,-1.0,14,Masculino,2021,Pública,Ágata,6.819625,5.0,5.4,8.4,9.6,2.52,7.65625,7.9175,7.0,6.5,2.7,,,,Ametista,False,Moderada (-1 a -2),2,1.0,False
2023,RA-463,3.0,3,0.0,13,Feminino,2020,Pública,Ágata,6.382383333,10.0,4.0,5.4,9.2,2.52,7.8125,7.795,6.3,4.3,1.3,,,,Ágata,False,Adequado (≥ 0),3,0.0,False
2023,RA-298,3.0,4,-1.0,14,Masculino,2019,Pública,Ágata,6.824333333,5.0,5.5,8.6,9.6,2.52,7.5,7.7525,7.7,4.5,4.2,,,,Ágata,False,Moderada (-1 a -2),4,1.0,False
2023,RA-464,3.0,4,-1.0,14,Feminino,2022,Pública,Ágata,6.081675,5.0,3.0,7.7,9.2,2.52,7.96875,7.38,4.8,3.7,0.5,,,,Ágata,False,Moderada (-1 a -2),1,1.0,False
2023,RA-465,3.0,3,0.0,12,Masculino,2019,Pública,Topázio,8.012875,10.0,8.5,9.4,7.5,2.52,7.96875,8.17,8.3,8.2,9.0,,,,Ametista,False,Adequado (≥ 0),4,0.0,False
2023,RA-442,3.0,3,0.0,12,Feminino,2022,Pública,Ágata,6.814166667,10.0,5.8,7.6,0.0,7.52,7.5,8.1275,6.7,6.5,4.3,,,,Topázio,False,Adequado (≥ 0),1,0.0,False
2023,RA-300,3.0,5,-2.0,15,Masculino,2022,Pública,Quartzo,5.616691667,5.0,4.5,7.5,5.0,2.52,6.40625,6.5875,4.5,5.3,3.8,,,,Quartzo,False,Moderada (-1 a -2),1,1.0,False
2023,RA-467,3.0,4,-1.0,14,Feminino,2022,Pública,Ágata,6.552916667,5.0,5.2,9.2,6.3,3.14,7.1875,7.5425,6.0,6.0,3.7,,,,Ágata,False,Moderada (-1 a -2),1,1.0,False
2023,RA-468,3.0,4,-1.0,14,Masculino,2022,Pública,Quartzo,5.911108333,5.0,3.4,6.0,8.3,6.27,7.34375,6.715,4.8,3.0,2.3,,,,Ágata,False,Moderada (-1 a -2),1,1.0,False
2023,RA-1162,3.0,3,0.0,13,Feminino,2023,Pública,Ametista,7.44215,10.0,6.0,8.5,8.3,3.77,7.8125,7.7525,7.3,5.5,5.2,,,,,False,Adequado (≥ 0),0,0.0,False
2023,RA-470,3.0,4,-1.0,14,Feminino,2019,Pública,Ágata,6.993766667,5.0,4.9,9.2,8.8,5.0,7.5,7.71,6.0,4.3,4.5,,,,Ametista,False,Moderada (-1 a -2),4,1.0,False
2023,RA-474,3.0,4,-1.0,14,Masculino,2019,Pública,Quartzo,5.283583333,5.0,3.3,7.8,0.0,5.0,7.1875,6.7575,4.8,3.8,1.2,,,,Ágata,False,Moderada (-1 a -2),4,1.0,False
2023,RA-476,3.0,3,0.0,13,Feminino,2019,Pública,Ágata,6.492408333,10.0,4.1,7.0,7.9,2.52,7.34375,7.505,5.0,4.5,2.7,,,,Ágata,False,Adequado (≥ 0),4,0.0,False
2023,RA-478,3.0,3,0.0,12,Feminino,2019,Pública,Ágata,6.443616667,10.0,4.4,7.3,6.7,2.52,7.1875,7.2975,4.3,4.7,4.3,,,,Ágata,False,Adequado (≥ 0),4,0.0,False
2023,RA-410,3.0,4,-1.0,14,Masculino,2018,Pública,Ágata,6.140808333,5.0,4.9,5.8,8.8,7.52,6.71875,6.0425,5.0,4.8,4.8,,,,Quartzo,False,Moderada (-1 a -2),5,1.0,False
2023,RA-411,3.0,3,0.0,13,Feminino,2019,Privada / bolsa,Ametista,7.779983333,10.0,6.6,9.0,6.2,7.52,7.8125,7.5425,5.7,6.7,7.3,,,,Ametista,False,Adequado (≥ 0),4,0.0,False
2023,RA-412,3.0,3,0.0,13,Feminino,2018,Pública,Ametista,7.373891667,10.0,6.2,8.9,8.8,2.52,7.03125,7.585,5.8,5.2,7.7,,,,Ametista,False,Adequado (≥ 0),5,0.0,False
2023,RA-400,3.0,4,-1.0,14,Masculino,2018,Pública,Ágata,6.529425,5.0,4.1,9.0,9.2,2.52,7.65625,7.375,4.8,4.7,2.8,,,,Ágata,False,Moderada (-1 a -2),5,1.0,False
2023,RA-414,3.0,3,0.0,13,Feminino,2021,Pública,Ametista,7.25025,10.0,6.5,9.5,0.0,7.52,7.8125,7.585,6.0,7.0,6.5,,,,Ametista,False,Adequado (≥ 0),2,0.0,False
2023,RA-415,3.0,3,0.0,12,Feminino,2019,Pública,Ametista,7.18805,10.0,3.7,8.2,7.1,7.52,7.8125,7.8325,2.8,4.0,4.3,,,,Ametista,False,Adequado (≥ 0),4,0.0,False
2023,RA-1163,3.0,4,-1.0,14,Masculino,2023,Pública,Ametista,7.749391667,5.0,7.2,9.3,8.8,7.52,7.65625,7.75,7.0,6.7,8.0,,,,,False,Moderada (-1 a -2),0,1.0,False
2023,RA-273,3.0,4,-1.0,14,Feminino,2018,Pública,Ágata,6.337116667,5.0,5.0,7.4,7.9,2.52,7.8125,7.6275,5.3,6.8,3.0,,,,Quartzo,False,Moderada (-1 a -2),5,1.0,False
2023,RA-471,3.0,3,0.0,13,Feminino,2020,Pública,Ágata,6.855541667,10.0,5.0,9.0,0.0,6.27,7.96875,8.125,6.3,4.0,4.8,,,,Ágata,False,Adequado (≥ 0),3,0.0,False
2023,RA-416,3.0,3,0.0,13,Masculino,2018,Privada / bolsa,Topázio,8.144425,10.0,7.6,9.8,9.2,2.52,8.28125,8.3375,7.0,7.0,8.8,,,,Ametista,False,Adequado (≥ 0),5,0.0,False
2023,RA-417,3.0,3,0.0,13,Feminino,2022,Pública,Topázio,8.257658333,10.0,7.8,9.7,5.4,7.52,8.28125,8.2125,6.7,8.3,8.3,,,,Topázio,False,Adequado (≥ 0),1,0.0,False
2023,RA-305,3.0,5,-2.0,15,Masculino,2019,Pública,Ágata,6.394291667,5.0,5.2,8.9,0.0,7.52,7.65625,7.75,5.2,4.8,5.7,,,,Ágata,False,Moderada (-1 a -2),4,1.0,False
2023,RA-418,3.0,2,1.0,11,Feminino,2020,Privada / bolsa,Topázio,8.1686,10.0,8.1,10.0,8.8,2.52,8.125,8.045,6.7,8.3,9.3,,,,Topázio,False,Adequado (≥ 0),3,0.0,False
2023,RA-419,3.0,3,0.0,13,Feminino,2019,Privada / bolsa,Ametista,7.7261,10.0,7.6,9.5,6.7,2.52,8.125,7.875,7.0,7.3,8.5,,,,Ametista,False,Adequado (≥ 0),4,0.0,False
2023,RA-421,3.0,3,0.0,12,Masculino,2021,Pública,Topázio,8.030716667,10.0,7.3,9.9,9.2,2.52,7.8125,8.17,8.0,6.2,7.8,,,,Topázio,False,Adequado (≥ 0),2,0.0,False
2023,RA-407,3.0,4,-1.0,14,Masculino,2022,Pública,Ametista,7.665083333,5.0,7.3,8.6,9.6,7.52,7.8125,7.5,7.3,7.2,7.3,,,,Ametista,False,Moderada (-1 a -2),1,1.0,False
2023,RA-425,3.0,3,0.0,13,Masculino,2022,Pública,Topázio,8.10555,10.0,7.5,9.9,9.2,2.52,7.8125,8.3775,6.7,7.3,8.5,,,,Topázio,False,Adequado (≥ 0),1,0.0,False
2023,RA-426,3.0,4,-1.0,14,Feminino,2022,Pública,Ágata,6.329158333,5.0,5.0,7.6,5.4,5.0,7.65625,7.5425,4.7,5.2,5.0,,,,Ágata,False,Moderada (-1 a -2),1,1.0,False
2023,RA-430,3.0,4,-1.0,14,Masculino,2022,Pública,Ametista,7.146716667,5.0,6.4,9.3,9.2,2.52,7.8125,7.75,7.3,5.5,6.5,,,,Ametista,False,Moderada (-1 a -2),1,1.0,False
2023,RA-1164,3.0,3,0.0,13,Masculino,2023,Pública,Ágata,6.910091667,10.0,4.8,7.5,9.2,2.52,7.65625,7.545,7.0,7.5,0.0,,,,,False,Adequado (≥ 0),0,0.0,False
2023,RA-1165,3.0,3,0.0,12,Feminino,2023,Pública,Ametista,7.880716667,10.0,7.3,9.1,9.2,5.0,7.1875,7.2925,7.0,6.0,9.0,,,,,False,Adequado (≥ 0),0,0.0,False
2023,RA-432,3.0,5,-2.0,15,Feminino,2019,Pública,Ágata,6.850183333,5.0,5.2,9.0,8.8,2.52,7.8125,8.0425,5.0,6.3,4.2,,,,Ágata,False,Moderada (-1 a -2),4,1.0,False
2023,RA-303,3.0,5,-2.0,15,Masculino,2019,Pública,Quartzo,5.914291667,5.0,5.1,7.3,0.0,7.52,7.65625,7.05,5.7,5.2,4.5,,,,Ágata,False,Moderada (-1 a -2),4,1.0,False
2023,RA-420,3.0,3,0.0,12,Feminino,2019,Privada / bolsa,Ametista,7.356358333,10.0,5.3,9.3,8.3,2.52,7.65625,7.96,5.7,5.8,4.3,,,,Ametista,False,Adequado (≥ 0),4,0.0,False
2023,RA-1166,3.0,5,-2.0,15,Feminino,2023,Pública,Ametista,7.307858333,5.0,4.8,9.6,8.3,7.52,7.65625,7.9175,5.3,2.8,6.2,,,,,False,Moderada (-1 a -2),0,1.0,False
2023,RA-1167,3.0,6,-3.0,16,Masculino,2023,Pública,Ágata,6.021891667,2.5,3.8,7.6,8.8,2.52,7.65625,7.9625,6.0,3.7,1.8,,,,,False,Severa (≤ -3),0,1.0,False
2023,RA-424,3.0,3,0.0,13,Feminino,2022,Pública,Ametista,7.72685,10.0,6.4,9.9,8.8,2.52,7.8125,7.7925,5.0,6.7,7.5,,,,Ametista,False,Adequado (≥ 0),1,0.0,False
2023,RA-398,3.0,2,1.0,11,Feminino,2022,Pública,Ametista,7.153766667,10.0,6.5,8.1,6.7,2.52,7.5,7.7925,9.3,5.8,4.5,,,,Ametista,False,Adequado (≥ 0),1,0.0,False
2023,RA-399,3.0,3,0.0,13,Feminino,2022,Pública,Ametista,7.000033333,10.0,4.7,8.2,7.9,2.52,7.5,8.165,5.0,4.2,4.8,,,,Ágata,False,Adequado (≥ 0),1,0.0,False
2023,RA-428,3.0,3,0.0,13,Masculino,2022,Pública,Ametista,7.821816667,10.0,7.2,9.5,8.3,2.52,7.8125,8.0425,9.3,4.7,7.7,,,,Ametista,False,Adequado (≥ 0),1,0.0,False
2023,RA-315,3.0,4,-1.0,14,Feminino,2022,Pública,Quartzo,5.977708333,5.0,6.3,6.8,0.0,5.0,7.96875,7.8375,5.7,6.8,6.3,,,,Quartzo,False,Moderada (-1 a -2),1,1.0,False
2023,RA-402,3.0,3,0.0,13,Feminino,2019,Pública,Ágata,6.632716667,10.0,4.2,7.3,9.2,2.52,7.8125,6.88,4.7,4.0,4.0,,,,Quartzo,False,Adequado (≥ 0),4,0.0,False
2023,RA-1168,3.0,3,0.0,13,Feminino,2023,Pública,Quartzo,5.886625,10.0,3.5,8.8,0.0,2.52,7.65625,7.045,5.0,2.0,3.5,,,,,False,Adequado (≥ 0),0,0.0,False
2023,RA-613,3.0,4,-1.0,14,Masculino,2020,Pública,Ágata,6.864508333,5.0,4.8,9.4,9.2,5.0,6.71875,7.2125,4.3,6.2,3.8,,,,Topázio,False,Moderada (-1 a -2),3,1.0,False
2023,RA-304,3.0,5,-2.0,15,Masculino,2020,Pública,Ágata,6.241583333,5.0,5.7,8.8,0.0,5.0,7.8125,7.835,7.0,3.7,6.3,,,,Ágata,False,Moderada (-1 a -2),3,1.0,False
2023,RA-457,3.0,3,0.0,13,Feminino,2022,Pública,Topázio,8.256833333,10.0,8.1,8.6,7.5,7.52,8.125,8.045,6.7,8.5,9.0,,,,Ametista,False,Adequado (≥ 0),1,0.0,False
2023,RA-307,3.0,5,-2.0,15,Masculino,2022,Pública,Ágata,6.047333333,5.0,6.3,6.5,0.0,7.52,7.5,7.46,6.3,7.3,5.2,,,,Quartzo,False,Moderada (-1 a -2),1,1.0,False
2023,RA-283,3.0,5,-2.0,15,Masculino,2020,Pública,Ametista,7.549025,5.0,6.8,9.5,8.3,7.52,7.03125,7.5025,6.8,4.8,8.8,,,,Ametista,False,Moderada (-1 a -2),3,1.0,False
2023,RA-459,3.0,3,0.0,13,Masculino,2019,Pública,Topázio,8.240016667,10.0,8.3,9.3,6.7,7.52,7.1875,7.88,8.3,9.2,7.5,,,,Ametista,False,Adequado (≥ 0),4,0.0,False
2023,RA-440,3.0,3,0.0,12,Masculino,2022,Pública,Ágata,6.989208333,10.0,6.2,8.2,0.0,7.52,7.96875,7.835,7.3,7.0,4.2,,,,Ametista,False,Adequado (≥ 0),1,0.0,False
2023,RA-443,3.0,4,-1.0,14,Feminino,2019,Pública,Ágata,6.895508333,5.0,7.6,7.5,7.1,2.52,7.96875,8.125,7.0,8.7,7.0,,,,Ametista,False,Moderada (-1 a -2),4,1.0,False
2023,RA-454,3.0,5,-2.0,15,Masculino,2018,Pública,Quartzo,4.603416667,5.0,2.6,7.5,0.0,5.0,4.6875,5.54,4.2,1.2,2.5,,,,Quartzo,False,Moderada (-1 a -2),5,1.0,False
2023,RA-444,3.0,2,1.0,11,Masculino,2018,Pública,Quartzo,5.958791667,10.0,4.7,7.9,0.0,5.0,6.40625,6.4575,4.7,5.8,3.7,,,,Ágata,False,Adequado (≥ 0),5,0.0,False
2023,RA-170,3.0,5,-2.0,15,Feminino,2018,Privada / bolsa,Ametista,7.062433333,5.0,7.2,8.9,8.8,2.52,6.875,7.6725,6.3,8.7,6.5,,,,Ágata,False,Moderada (-1 a -2),5,1.0,False
2023,RA-1169,3.0,4,-1.0,14,Feminino,2023,Pública,Ametista,7.213625,5.0,6.3,9.5,7.5,5.0,7.03125,8.0025,6.8,7.3,4.8,,,,,False,Moderada (-1 a -2),0,1.0,False
2023,RA-458,3.0,4,-1.0,14,Masculino,2019,Pública,Ágata,6.312083333,5.0,3.8,6.9,9.6,7.52,7.1875,6.2475,4.3,4.8,2.2,,,,Ágata,False,Moderada (-1 a -2),4,1.0,False
2023,RA-1170,3.0,4,-1.0,14,Masculino,2023,Pública,Ágata,6.874683333,5.0,5.9,7.7,8.8,7.52,7.1875,6.5775,6.0,6.8,4.8,,,,,False,Moderada (-1 a -2),0,1.0,False
2023,RA-1171,3.0,4,-1.0,14,Masculino,2023,Pública,Ametista,7.856033333,5.0,8.7,8.4,7.9,5.0,8.75,8.88,7.3,9.0,9.7,,,,,False,Moderada (-1 a -2),0,1.0,False
2023,RA-449,3.0,3,0.0,12,Feminino,2022,Pública,Ametista,7.396508333,10.0,7.0,7.2,7.1,7.52,7.34375,6.8425,5.5,7.7,7.7,,,,Ágata,False,Adequado (≥ 0),1,0.0,False
2023,RA-462,3.0,5,-2.0,15,Feminino,2022,Pública,Ágata,6.2267,5.0,2.7,8.1,10.0,5.0,7.5,6.5825,4.0,2.8,1.3,,,,Ágata,False,Moderada (-1 a -2),1,1.0,False
2023,RA-176,4.0,4,0.0,14,Feminino,2018,Privada / bolsa,Topázio,8.316833333,10.0,8.0,9.5,9.6,2.52,8.125,9.0025,7.3,7.3,9.3,,,,Topázio,False,Adequado (≥ 0),5,0.0,False
2023,RA-178,4.0,4,0.0,14,Feminino,2016,Privada / bolsa,Ametista,7.406658333,10.0,5.9,8.7,7.9,2.52,7.65625,8.42,6.3,5.8,5.5,,,,Ágata,False,Adequado (≥ 0),7,0.0,False
2023,RA-193,4.0,3,1.0,13,Masculino,2016,Privada / bolsa,Ametista,7.718566667,10.0,6.5,9.4,8.3,2.52,8.125,8.17,6.0,6.3,7.3,,,,Topázio,False,Adequado (≥ 0),7,0.0,False
2023,RA-1172,4.0,6,-2.0,16,Feminino,2023,Pública,Ametista,7.030108333,5.0,6.7,7.8,8.3,2.52,8.59375,8.46,6.0,5.7,8.3,,,,,False,Moderada (-1 a -2),0,1.0,False
2023,RA-180,4.0,3,1.0,13,Masculino,2018,Privada / bolsa,Topázio,8.283216667,10.0,8.0,9.4,9.2,2.52,8.4375,8.92,8.3,7.3,8.5,,,,Topázio,False,Adequado (≥ 0),5,0.0,False
2023,RA-181,4.0,4,0.0,14,Feminino,2019,Privada / bolsa,Ametista,7.671208333,10.0,6.8,8.3,9.6,2.52,7.96875,8.2525,8.3,6.5,5.5,,,,Topázio,False,Adequado (≥ 0),4,0.0,False
2023,RA-195,4.0,4,0.0,14,Feminino,2017,Privada / bolsa,Ametista,7.60205,10.0,6.0,9.2,7.1,2.52,8.4375,8.79,6.3,6.2,5.5,,,,Ametista,False,Adequado (≥ 0),6,0.0,False
2023,RA-196,4.0,3,1.0,13,Masculino,2018,Privada / bolsa,Ametista,7.560991667,10.0,6.2,9.0,7.9,2.52,8.28125,8.2125,7.0,6.0,5.7,,,,Topázio,False,Adequado (≥ 0),5,0.0,False
2023,RA-211,4.0,4,0.0,14,Masculino,2021,Privada / bolsa,Topázio,8.024791667,10.0,7.1,9.4,9.6,2.52,7.65625,8.71,7.7,8.0,5.7,,,,Topázio,False,Adequado (≥ 0),2,0.0,False
2023,RA-197,4.0,3,1.0,13,Feminino,2021,Privada / bolsa,Ametista,7.967608333,10.0,7.2,9.8,8.3,2.52,7.96875,8.46,7.0,7.3,7.2,,,,Topázio,False,Adequado (≥ 0),2,0.0,False
2023,RA-229,4.0,3,1.0,13,Masculino,2022,Privada / bolsa,Topázio,8.207591667,10.0,7.8,9.8,9.2,2.52,8.28125,8.42,8.0,8.2,7.3,,,,Topázio,False,Adequado (≥ 0),1,0.0,False
2023,RA-186,4.0,4,0.0,14,Feminino,2019,Privada / bolsa,Ametista,7.817541667,10.0,6.9,9.7,7.5,2.52,7.96875,8.46,6.8,7.0,7.0,,,,Ametista,False,Adequado (≥ 0),4,0.0,False
2023,RA-189,4.0,4,0.0,14,Masculino,2018,Privada / bolsa,Ametista,7.727325,10.0,6.5,9.4,7.9,2.52,8.28125,8.3775,6.3,6.5,6.7,,,,Ametista,False,Adequado (≥ 0),5,0.0,False
2023,RA-191,4.0,4,0.0,14,Masculino,2019,Privada / bolsa,Ametista,7.263666667,10.0,7.8,9.7,0.0,2.52,8.125,8.4625,8.7,7.0,7.8,,,,Topázio,False,Adequado (≥ 0),4,0.0,False
2023,RA-1173,4.0,4,0.0,14,Masculino,2023,Pública,Ametista,7.67285,10.0,6.0,9.7,8.8,2.52,7.8125,8.1225,7.0,5.0,6.0,,,,,False,Adequado (≥ 0),0,0.0,False
2023,RA-217,4.0,5,-1.0,15,Feminino,2021,Pública,Ágata,6.96965,5.0,5.6,8.6,8.3,2.52,8.4375,8.5025,6.7,5.3,4.8,,,,Ametista,False,Moderada (-1 a -2),2,1.0,False
2023,RA-1174,4.0,5,-1.0,15,Feminino,2023,Pública,Ametista,7.333591667,5.0,6.8,8.7,9.2,2.52,8.90625,8.3375,6.5,7.2,6.8,,,,,False,Moderada (-1 a -2),0,1.0,False
2023,RA-192,4.0,6,-2.0,16,Masculino,2021,Privada / bolsa,Ágata,6.616016667,5.0,6.5,6.2,8.8,5.0,7.1875,7.3775,6.0,5.8,7.8,,,,Quartzo,False,Moderada (-1 a -2),2,1.0,False
2023,RA-184,4.0,3,1.0,13,Masculino,2019,Pública,Topázio,8.430241667,10.0,7.1,9.5,7.9,7.52,8.59375,8.5025,7.3,6.3,7.8,,,,Ametista,False,Adequado (≥ 0),4,0.0,False
2023,RA-200,4.0,6,-2.0,16,Masculino,2018,Privada / bolsa,Quartzo,5.661166667,5.0,4.3,4.5,9.6,2.52,7.5,7.17,4.3,4.2,4.5,,,,Quartzo,False,Moderada (-1 a -2),5,1.0,False
2023,RA-1175,4.0,7,-3.0,17,Feminino,2023,Pública,Quartzo,5.939858333,2.5,6.3,5.3,8.3,2.52,7.65625,7.6275,6.3,6.3,6.2,,,,,False,Severa (≤ -3),0,1.0,False
2023,RA-204,4.0,4,0.0,14,Feminino,2019,Pública,Ametista,7.557558333,10.0,7.1,7.9,8.8,2.52,8.28125,8.045,4.7,8.0,8.5,,,,Ágata,False,Adequado (≥ 0),4,0.0,False
2023,RA-1176,4.0,3,1.0,13,Masculino,2023,Pública,Topázio,8.881483333,10.0,8.2,9.3,8.3,7.52,9.6875,9.17,8.0,7.8,8.7,,,,,False,Adequado (≥ 0),0,0.0,False
2023,RA-1177,4.0,4,0.0,14,Feminino,2023,Pública,Topázio,8.345491667,10.0,7.2,9.9,10.0,2.52,8.90625,8.88,7.0,6.7,8.0,,,,,False,Adequado (≥ 0),0,0.0,False
2023,RA-215,4.0,4,0.0,14,Feminino,2021,Pública,Ametista,7.166475,10.0,6.9,6.6,8.8,2.52,7.96875,7.7125,5.7,6.7,8.3,,,,Ametista,False,Adequado (≥ 0),2,0.0,False
2023,RA-1178,4.0,6,-2.0,16,Masculino,2023,Pública,Ametista,7.066475,5.0,5.7,9.3,8.8,2.52,7.96875,8.2125,6.3,4.5,6.3,,,,,False,Moderada (-1 a -2),0,1.0,False
2023,RA-149,4.0,6,-2.0,16,Feminino,2022,Pública,Quartzo,5.622266667,5.0,4.7,4.2,8.8,2.52,7.5,7.2925,5.7,3.5,5.0,,,,Ágata,False,Moderada (-1 a -2),1,1.0,False
2023,RA-1179,4.0,5,-1.0,15,Masculino,2023,Pública,Ágata,6.631333333,5.0,5.0,8.1,9.6,4.38,6.875,7.17,6.7,3.7,4.5,,,,,False,Moderada (-1 a -2),0,1.0,False
2023,RA-218,4.0,5,-1.0,15,Feminino,2022,Pública,Quartzo,5.811541667,5.0,6.7,6.7,0.0,2.52,7.96875,7.88,5.7,7.0,7.5,,,,Ágata,False,Moderada (-1 a -2),1,1.0,False
2023,RA-220,4.0,4,0.0,14,Feminino,2022,Pública,Ametista,7.102016667,10.0,6.1,7.6,8.8,2.52,7.1875,7.5475,6.3,5.8,6.3,,,,Ágata,False,Adequado (≥ 0),1,0.0,False
2023,RA-202,4.0,5,-1.0,15,Feminino,2017,Pública,Ágata,6.791641667,5.0,5.9,7.9,8.8,2.52,7.96875,8.005,6.3,4.8,6.7,,,,Quartzo,False,Moderada (-1 a -2),6,1.0,False
2023,RA-1180,4.0,5,-1.0,15,Masculino,2023,Pública,Ametista,7.067983333,5.0,5.4,9.5,8.3,5.0,7.1875,7.7125,6.0,4.8,5.3,,,,,False,Moderada (-1 a -2),0,1.0,False
2023,RA-1181,4.0,4,0.0,14,Feminino,2023,Pública,Ágata,6.971266667,10.0,4.8,8.3,8.8,2.52,7.5,7.3375,5.7,4.3,4.5,,,,,False,Adequado (≥ 0),0,0.0,False
2023,RA-1182,4.0,6,-2.0,16,Feminino,2023,Pública,Quartzo,5.709808333,5.0,4.2,6.3,7.5,2.52,6.71875,7.2125,5.3,2.0,5.2,,,,,False,Moderada (-1 a -2),0,1.0,False
2023,RA-205,4.0,5,-1.0,15,Masculino,2020,Pública,Ágata,6.857625,5.0,6.6,7.6,9.6,4.38,7.03125,7.09,7.0,5.5,7.3,,,,Quartzo,False,Moderada (-1 a -2),3,1.0,False
2023,RA-1183,4.0,5,-1.0,15,Masculino,2023,Pública,Ágata,6.269541667,5.0,5.3,8.7,7.5,2.52,6.09375,6.7575,6.0,4.0,6.0,,,,,False,Moderada (-1 a -2),0,1.0,False
2023,RA-237,4.0,5,-1.0,15,Feminino,2022,Privada / bolsa,Ametista,7.436566667,5.0,6.7,9.5,8.3,2.52,8.125,8.96,7.7,7.0,5.5,,,,Topázio,False,Moderada (-1 a -2),1,1.0,False
2023,RA-147,4.0,5,-1.0,15,Feminino,2022,Pública,Quartzo,5.5425,5.0,4.5,7.0,0.0,5.63,6.875,7.46,5.0,6.0,2.5,,,,Ametista,False,Moderada (-1 a -2),1,1.0,False
2023,RA-240,4.0,4,0.0,14,Feminino,2017,Privada / bolsa,Ágata,6.337966667,10.0,4.8,6.7,7.1,2.52,6.875,6.9175,7.0,3.3,4.2,,,,Ágata,False,Adequado (≥ 0),6,0.0,False
2023,RA-1184,4.0,6,-2.0,16,Masculino,2023,Pública,Ametista,7.381566667,5.0,7.3,8.3,8.3,5.0,8.125,8.045,8.0,5.5,8.5,,,,,False,Moderada (-1 a -2),0,1.0,False
2023,RA-241,4.0,5,-1.0,15,Masculino,2016,Privada / bolsa,Ametista,7.016,5.0,7.5,9.9,0.0,2.52,8.75,9.545,9.3,7.0,6.2,,,,Topázio,False,Moderada (-1 a -2),7,1.0,False
2023,RA-242,4.0,4,0.0,14,Masculino,2018,Privada / bolsa,Topázio,8.221841667,10.0,7.9,9.7,7.1,2.52,8.59375,9.3775,9.3,7.3,7.2,,,,Topázio,False,Adequado (≥ 0),5,0.0,False
2023,RA-138,4.0,6,-2.0,16,Masculino,2016,Pública,Ágata,6.784075,5.0,4.3,7.9,10.0,6.26,7.34375,7.4175,4.0,3.7,5.2,,,,Ágata,False,Moderada (-1 a -2),7,1.0,False
2023,RA-244,4.0,3,1.0,13,Feminino,2018,Privada / bolsa,Ametista,7.044333333,10.0,7.3,8.8,0.0,2.52,8.125,8.8325,7.0,8.0,6.8,,,,Topázio,False,Adequado (≥ 0),5,0.0,False
2023,RA-245,4.0,5,-1.0,15,Masculino,2016,Privada / bolsa,Ametista,7.171166667,5.0,8.1,10.0,0.0,2.52,8.75,9.5875,9.3,7.8,7.3,,,,Topázio,False,Moderada (-1 a -2),7,1.0,False
2023,RA-246,4.0,4,0.0,14,Masculino,2022,Privada / bolsa,Topázio,8.256766667,10.0,6.8,9.9,8.8,4.39,8.125,8.9175,7.7,7.0,5.8,,,,Topázio,False,Adequado (≥ 0),1,0.0,False
2023,RA-141,4.0,5,-1.0,15,Masculino,2017,Pública,Ágata,6.719791667,5.0,4.5,8.4,9.6,5.63,7.03125,7.0425,6.0,5.3,2.3,,,,Ametista,False,Moderada (-1 a -2),6,1.0,False
2023,RA-239,4.0,6,-2.0,16,Feminino,2021,Pública,Ágata,6.411333333,5.0,7.0,8.4,0.0,5.0,8.125,7.6275,6.0,7.2,7.7,,,,Quartzo,False,Moderada (-1 a -2),2,1.0,False
2023,RA-1185,4.0,3,1.0,13,Feminino,2023,Pública,Topázio,8.02675,10.0,7.5,9.1,7.5,5.0,7.8125,8.3775,6.7,6.3,9.5,,,,,False,Adequado (≥ 0),0,0.0,False
2023,RA-262,4.0,6,-2.0,16,Masculino,2021,Privada / bolsa,Quartzo,4.406458333,5.0,3.8,3.7,0.0,5.0,7.03125,6.05,5.0,3.3,3.0,,,,Quartzo,False,Moderada (-1 a -2),2,1.0,False
2023,RA-1186,4.0,6,-2.0,16,Feminino,2023,Pública,Ametista,7.281433333,5.0,5.5,9.8,8.8,6.89,6.875,7.3825,6.7,5.2,4.5,,,,,False,Moderada (-1 a -2),0,1.0,False
2023,RA-397,4.0,5,-1.0,15,Feminino,2017,Pública,Ágata,6.207083333,5.0,4.6,7.9,7.5,2.52,7.1875,7.465,6.7,5.0,2.0,,,,Quartzo,False,Moderada (-1 a -2),6,1.0,False
2023,RA-1187,4.0,3,1.0,13,Feminino,2023,Pública,Ágata,6.644475,10.0,5.3,6.9,8.8,2.52,7.34375,6.715,4.7,5.0,6.2,,,,,False,Adequado (≥ 0),0,0.0,False
2023,RA-145,4.0,7,-3.0,17,Masculino,2017,Pública,,,2.5,6.2,9.0,7.9,,7.96875,7.4625,5.3,6.0,7.2,,,,Quartzo,False,Severa (≤ -3),6,1.0,False
2023,RA-1188,4.0,5,-1.0,15,Feminino,2023,Pública,,,5.0,6.4,9.4,9.6,,7.8125,7.5875,6.5,7.5,5.2,,,,,False,Moderada (-1 a -2),0,1.0,False
2023,RA-265,4.0,4,0.0,14,Masculino,2019,Pública,,,10.0,7.0,8.7,8.3,,7.96875,7.88,7.3,6.8,6.8,,,,Ametista,False,Adequado (≥ 0),4,0.0,False
2023,RA-254,4.0,5,-1.0,15,Masculino,2019,Pública,,,5.0,5.9,8.8,9.6,,7.8125,7.71,5.7,5.7,6.2,,,,Ágata,False,Moderada (-1 a -2),4,1.0,False
2023,RA-267,4.0,6,-2.0,16,Feminino,2016,Pública,,,5.0,2.7,7.7,7.9,,4.6875,6.505,2.7,4.0,1.3,,,,Ágata,False,Moderada (-1 a -2),7,1.0,False
2023,RA-1189,4.0,5,-1.0,15,Feminino,2023,Pública,,,5.0,6.1,9.0,8.8,,7.8125,7.3775,6.3,5.7,6.2,,,,,False,Moderada (-1 a -2),0,1.0,False
2023,RA-295,4.0,5,-1.0,15,Feminino,2022,Pública,Ametista,7.641016667,5.0,7.7,8.8,8.8,2.52,9.0625,9.005,7.3,7.2,8.7,,,,Ametista,False,Moderada (-1 a -2),1,1.0,False
2023,RA-269,4.0,4,0.0,14,Masculino,2022,Pública,Topázio,8.116041667,10.0,7.4,9.0,9.6,2.52,8.59375,8.7975,8.0,7.3,7.0,,,,Topázio,False,Adequado (≥ 0),1,0.0,False
2023,RA-313,4.0,4,0.0,14,Feminino,2022,Pública,Ametista,7.011091667,10.0,3.9,8.7,9.2,2.52,7.65625,7.75,4.0,2.8,5.0,,,,Quartzo,False,Adequado (≥ 0),1,0.0,False
2023,RA-1190,4.0,4,0.0,14,Masculino,2023,Pública,Ágata,6.330041667,10.0,4.2,9.2,0.0,5.0,7.34375,7.045,3.0,4.2,5.5,,,,,False,Adequado (≥ 0),0,0.0,False
2023,RA-301,4.0,4,0.0,14,Feminino,2019,Pública,Ágata,6.760341667,10.0,5.2,5.4,9.2,7.52,6.71875,6.465,4.7,6.5,4.5,,,,Ágata,False,Adequado (≥ 0),4,0.0,False
2023,RA-286,4.0,5,-1.0,15,Feminino,2022,Pública,Quartzo,5.713333333,5.0,4.7,7.5,0.0,5.0,8.125,7.3375,3.7,5.0,5.3,,,,Quartzo,False,Moderada (-1 a -2),1,1.0,False
2023,RA-1191,4.0,4,0.0,14,Masculino,2023,Pública,Ágata,6.175333333,10.0,3.7,7.2,7.5,5.0,5.0,6.26,2.3,2.5,6.2,,,,,False,Adequado (≥ 0),0,0.0,False
2023,RA-1192,4.0,5,-1.0,15,Feminino,2023,Pública,Ágata,6.780741667,5.0,5.8,8.7,7.9,2.52,7.96875,7.6675,4.7,6.0,6.8,,,,,False,Moderada (-1 a -2),0,1.0,False
2023,RA-174,4.0,6,-2.0,16,Feminino,2019,Pública,Ágata,6.1242,5.0,5.1,5.6,7.9,5.0,7.5,7.2125,3.7,7.3,4.3,,,,Ágata,False,Moderada (-1 a -2),4,1.0,False
2023,RA-1193,4.0,4,0.0,14,Feminino,2023,Pública,Ágata,6.018083333,10.0,4.1,7.8,0.0,5.0,7.1875,7.13,3.7,3.5,5.0,,,,,False,Adequado (≥ 0),0,0.0,False
2023,RA-308,4.0,4,0.0,14,Masculino,2019,Pública,Ágata,6.578558333,10.0,4.9,6.8,5.4,5.0,7.03125,7.5025,4.7,5.2,4.7,,,,Ágata,False,Adequado (≥ 0),4,0.0,False
2023,RA-152,4.0,6,-2.0,16,Feminino,2022,Pública,Ágata,6.30695,5.0,4.5,7.7,7.9,2.52,7.8125,7.71,4.0,5.0,4.5,,,,Ágata,False,Moderada (-1 a -2),1,1.0,False
2023,RA-270,4.0,4,0.0,14,Feminino,2019,Privada / bolsa,Ametista,7.982633333,10.0,6.6,9.0,9.2,2.52,8.75,9.1275,7.7,6.2,5.8,,,,Topázio,False,Adequado (≥ 0),4,0.0,False
2023,RA-271,4.0,6,-2.0,16,Feminino,2022,Pública,Ágata,6.140333333,5.0,5.9,9.3,0.0,2.52,8.125,7.7125,4.3,7.0,6.3,,,,Ametista,False,Moderada (-1 a -2),1,1.0,False
2023,RA-299,4.0,4,0.0,14,Feminino,2019,Privada / bolsa,Ágata,6.796541667,10.0,6.1,9.6,0.0,2.52,7.96875,8.005,5.0,7.2,6.2,,,,Ametista,False,Adequado (≥ 0),4,0.0,False
2023,RA-316,4.0,4,0.0,14,Feminino,2022,Pública,Topázio,8.436908333,10.0,5.7,9.5,10.0,7.52,8.59375,8.96,6.3,5.7,5.0,,,,Ametista,False,Adequado (≥ 0),1,0.0,False
2023,RA-318,4.0,5,-1.0,15,Feminino,2019,Pública,Ágata,6.856575,5.0,4.9,8.1,7.9,6.26,7.96875,7.71,5.0,5.0,4.7,,,,Ágata,False,Moderada (-1 a -2),4,1.0,False
2023,RA-274,4.0,3,1.0,12,Feminino,2019,Privada / bolsa,Topázio,8.137625,10.0,7.5,9.5,7.5,5.63,7.65625,8.295,7.0,7.7,7.8,,,,Ametista,False,Adequado (≥ 0),4,0.0,False
2023,RA-320,4.0,4,0.0,14,Feminino,2022,Pública,Topázio,8.393508333,10.0,5.5,9.9,9.2,7.52,8.59375,8.96,5.7,6.0,4.7,,,,Ametista,False,Adequado (≥ 0),1,0.0,False
2023,RA-277,4.0,5,-1.0,15,Masculino,2021,Pública,Ametista,7.7284,5.0,5.5,9.9,8.3,7.52,8.125,8.7525,5.7,6.0,4.8,,,,Ametista,False,Moderada (-1 a -2),2,1.0,False
2023,RA-278,4.0,3,1.0,13,Masculino,2018,Pública,Ametista,7.1935,10.0,5.6,9.8,0.0,5.63,8.75,8.3775,6.0,5.3,5.5,,,,Ametista,False,Adequado (≥ 0),5,0.0,False
2023,RA-291,4.0,4,0.0,14,Masculino,2022,Privada / bolsa,Topázio,8.493058333,10.0,7.1,8.6,8.8,7.52,8.90625,9.21,8.0,6.5,6.7,,,,Topázio,False,Adequado (≥ 0),1,0.0,False
2023,RA-306,4.0,5,-1.0,15,Feminino,2021,Pública,Quartzo,5.732375,5.0,4.0,7.9,0.0,6.26,7.34375,7.46,4.7,4.5,2.8,,,,Ágata,False,Moderada (-1 a -2),2,1.0,False
2023,RA-279,4.0,4,0.0,14,Masculino,2019,Pública,Topázio,9.006266667,10.0,8.9,10.0,8.8,6.27,8.75,9.2125,9.0,8.5,9.3,,,,Topázio,False,Adequado (≥ 0),4,0.0,False
2023,RA-280,4.0,4,0.0,14,Feminino,2021,Privada / bolsa,Topázio,8.189225,10.0,6.5,9.5,6.7,7.52,8.28125,8.7125,6.3,7.7,5.5,,,,Ametista,False,Adequado (≥ 0),2,0.0,False
2023,RA-276,4.0,4,0.0,14,Feminino,2017,Privada / bolsa,Ágata,6.690458333,10.0,5.5,8.5,6.3,2.52,7.03125,6.585,3.7,4.7,8.0,,,,Quartzo,False,Adequado (≥ 0),6,0.0,False
2023,RA-285,4.0,7,-3.0,17,Feminino,2020,Pública,Quartzo,5.380358333,2.5,4.7,4.6,8.3,2.52,7.65625,7.13,4.0,6.0,4.0,,,,Quartzo,False,Severa (≤ -3),3,1.0,False
2023,RA-1194,4.0,3,1.0,13,Masculino,2023,Pública,Ametista,7.671933333,10.0,6.1,9.0,8.8,5.0,7.5,7.6675,6.0,4.2,8.0,,,,,False,Adequado (≥ 0),0,0.0,False
2023,RA-287,4.0,8,-4.0,18,Feminino,2022,Pública,Quartzo,3.745541667,2.5,3.9,4.8,0.0,2.52,4.21875,5.375,3.0,2.3,6.5,,,,Quartzo,False,Severa (≤ -3),1,1.0,False
2023,RA-319,4.0,4,0.0,14,Masculino,2022,Concluiu / outro,Topázio,8.367208333,10.0,7.2,9.2,9.6,5.0,8.59375,8.88,5.7,5.8,10.0,,,,Ametista,False,Adequado (≥ 0),1,0.0,False
2023,RA-321,4.0,3,1.0,13,Feminino,2022,Pública,Ametista,7.695233333,10.0,6.2,9.4,8.3,2.52,8.125,8.42,6.0,5.8,6.7,,,,Ametista,False,Adequado (≥ 0),1,0.0,False
2023,RA-1195,4.0,7,-3.0,17,Feminino,2022,Pública,Quartzo,5.677291667,2.5,5.4,8.3,0.0,2.52,8.28125,8.0025,4.3,4.7,7.3,,,,,False,Severa (≤ -3),1,1.0,False
2023,RA-159,4.0,6,-2.0,16,Feminino,2021,Pública,Ágata,6.805033333,5.0,6.3,8.1,7.9,2.52,8.125,7.8775,5.0,6.0,7.8,,,,Ágata,False,Moderada (-1 a -2),2,1.0,False
2023,RA-322,4.0,4,0.0,14,Feminino,2022,Pública,Ametista,7.037808333,10.0,5.3,8.3,6.7,2.52,7.96875,8.045,4.0,5.5,6.3,,,,Ágata,False,Adequado (≥ 0),1,0.0,False
2023,RA-251,4.0,5,-1.0,15,Masculino,2018,Pública,Ágata,6.665208333,5.0,5.3,8.0,9.6,2.52,7.34375,7.835,5.0,5.5,5.3,,,,Ágata,False,Moderada (-1 a -2),5,1.0,False
2023,RA-116,5.0,7,-2.0,17,Feminino,2019,Pública,Ágata,6.433075,5.0,4.7,7.6,6.7,5.0,7.96875,7.5475,2.3,5.0,6.8,,,,Ágata,False,Moderada (-1 a -2),4,1.0,False
2023,RA-103,5.0,4,1.0,14,Feminino,2020,Privada / bolsa,Topázio,8.0239,10.0,7.1,9.2,8.3,5.0,8.125,8.09,7.3,6.3,7.7,,,,Topázio,False,Adequado (≥ 0),3,0.0,False
2023,RA-42,5.0,6,-1.0,16,Masculino,2019,Privada / bolsa,Ágata,6.794516667,5.0,5.7,8.6,8.8,5.63,6.5625,6.6675,6.3,4.2,6.7,,,,Ágata,False,Moderada (-1 a -2),4,1.0,False
2023,RA-121,5.0,6,-1.0,16,Feminino,2021,Pública,Ágata,6.811875,5.0,6.0,8.8,6.3,5.0,7.34375,7.4625,5.0,5.7,7.3,,,,Ametista,False,Moderada (-1 a -2),2,1.0,False
2023,RA-106,5.0,5,0.0,15,Feminino,2016,Privada / bolsa,Ametista,7.769658333,10.0,7.3,9.1,7.9,5.0,7.03125,7.5075,6.7,6.8,8.3,,,,Ametista,False,Adequado (≥ 0),7,0.0,False
2023,RA-123,5.0,7,-2.0,17,Masculino,2017,Privada / bolsa,Ágata,6.068333333,5.0,5.7,9.4,0.0,5.0,6.875,6.8375,5.0,5.3,6.7,,,,Ametista,False,Moderada (-1 a -2),6,1.0,False
2023,RA-46,5.0,8,-3.0,18,Feminino,2022,Pública,Quartzo,5.545383333,2.5,4.4,7.4,7.1,2.52,6.5625,6.6275,2.8,3.0,7.3,,,,Ágata,False,Severa (≤ -3),1,1.0,False
2023,RA-125,5.0,6,-1.0,16,Feminino,2022,Privada / bolsa,Ágata,6.989633333,5.0,5.8,7.7,9.2,5.0,8.125,7.835,3.3,5.8,8.2,,,,Ametista,False,Moderada (-1 a -2),1,1.0,False
2023,RA-110,5.0,5,0.0,15,Masculino,2017,Privada / bolsa,Topázio,8.0879,10.0,7.5,8.6,8.3,5.0,8.75,8.2975,8.3,6.2,8.0,,,,Topázio,False,Adequado (≥ 0),6,0.0,False
2023,RA-128,5.0,6,-1.0,16,Masculino,2019,Privada / bolsa,Ágata,6.503908333,5.0,5.7,7.3,6.7,5.0,7.34375,7.5475,6.3,4.0,6.7,,,,Quartzo,False,Moderada (-1 a -2),4,1.0,False
2023,RA-143,5.0,4,1.0,14,Masculino,2019,Privada / bolsa,Ametista,7.794358333,10.0,6.5,9.6,8.3,2.52,8.28125,8.3375,9.2,5.0,5.2,,,,Topázio,False,Adequado (≥ 0),4,0.0,False
2023,RA-111,5.0,4,1.0,14,Feminino,2020,Privada / bolsa,Ametista,7.566458333,10.0,6.0,8.7,7.5,5.0,7.65625,8.0875,6.0,5.2,6.7,,,,Topázio,False,Adequado (≥ 0),3,0.0,False
2023,RA-112,5.0,6,-1.0,16,Feminino,2016,Privada / bolsa,Ametista,7.141308333,5.0,7.4,8.1,6.7,5.0,7.96875,7.9225,7.3,6.5,8.3,,,,Ametista,False,Moderada (-1 a -2),7,1.0,False
2023,RA-115,5.0,6,-1.0,16,Feminino,2019,Pública,Ágata,6.319141667,5.0,4.2,7.1,8.8,5.0,7.34375,7.215,3.7,3.8,5.2,,,,Quartzo,False,Moderada (-1 a -2),4,1.0,False
2023,RA-1196,5.0,5,0.0,15,Masculino,2023,Privada / bolsa,Ametista,7.03025,10.0,7.5,8.2,0.0,5.0,7.8125,8.045,8.0,6.2,8.3,,,,,False,Adequado (≥ 0),0,0.0,False
2023,RA-52,5.0,4,1.0,14,Masculino,2018,Privada / bolsa,Ametista,7.9642,10.0,6.4,9.8,10.0,2.52,8.125,8.2975,7.7,4.8,6.7,,,,Ametista,False,Adequado (≥ 0),5,0.0,False
2023,RA-1197,5.0,6,-1.0,16,Feminino,2023,Pública,Ágata,6.946058333,5.0,7.3,8.4,6.7,5.0,7.03125,7.215,5.3,7.2,9.3,,,,,False,Moderada (-1 a -2),0,1.0,False
2023,RA-108,5.0,7,-2.0,17,Feminino,2019,Concluiu / outro,Quartzo,4.9308,5.0,2.9,7.3,5.8,2.52,4.375,5.59,2.7,3.2,2.8,,,,Quartzo,False,Moderada (-1 a -2),4,1.0,False
2023,RA-1198,5.0,6,-1.0,16,Feminino,2023,Pública,Ametista,7.515233333,5.0,6.7,9.4,8.3,6.26,7.5,7.9625,7.3,3.7,9.0,,,,,False,Moderada (-1 a -2),0,1.0,False
2023,RA-127,5.0,5,0.0,15,Feminino,2022,Pública,Ametista,7.91935,10.0,6.4,7.8,8.8,6.26,8.4375,8.6725,4.7,6.3,8.2,,,,Topázio,False,Adequado (≥ 0),1,0.0,False
2023,RA-114,5.0,7,-2.0,17,Masculino,2022,Pública,Quartzo,5.335,5.0,5.6,6.0,0.0,3.14,7.5,7.255,4.0,4.5,8.3,,,,Quartzo,False,Moderada (-1 a -2),1,1.0,False
2023,RA-146,5.0,6,-1.0,16,Feminino,2022,Pública,Ametista,7.584483333,5.0,7.9,9.5,6.2,5.0,8.4375,8.2125,7.8,5.8,10.0,,,,Ametista,False,Moderada (-1 a -2),1,1.0,False
2023,RA-1199,5.0,7,-2.0,17,Masculino,2023,Pública,Ametista,7.024933333,5.0,6.2,9.1,6.7,5.0,6.875,8.0875,6.8,5.0,6.7,,,,,False,Moderada (-1 a -2),0,1.0,False
2023,RA-70,5.0,7,-2.0,17,Feminino,2017,Pública,Ágata,6.869133333,5.0,4.3,9.2,9.2,5.0,7.5,7.545,3.0,3.5,6.3,,,,Quartzo,False,Moderada (-1 a -2),6,1.0,False
2023,RA-107,5.0,5,0.0,15,Feminino,2018,Pública,Ágata,6.845208333,10.0,7.0,8.5,0.0,5.0,7.34375,7.5875,6.0,5.2,9.7,,,,Ágata,False,Adequado (≥ 0),5,0.0,False
2023,RA-1200,5.0,5,0.0,15,Feminino,2023,Pública,Quartzo,5.711166667,10.0,4.0,6.4,0.0,5.0,7.5,6.8725,4.3,2.3,5.5,,,,,False,Adequado (≥ 0),0,0.0,False
2023,RA-151,5.0,7,-2.0,17,Feminino,2020,Pública,Ágata,6.892541667,5.0,7.9,7.8,0.0,7.52,8.59375,8.1725,6.8,7.0,10.0,,,,Ametista,False,Moderada (-1 a -2),3,1.0,False
2023,RA-85,5.0,6,-1.0,16,Masculino,2022,Pública,Ametista,7.08435,5.0,5.7,8.9,8.8,6.27,5.9375,7.8425,5.8,3.8,7.5,,,,Ágata,False,Moderada (-1 a -2),1,1.0,False
2023,RA-1201,5.0,5,0.0,15,Masculino,2023,Pública,Topázio,8.378008333,10.0,7.8,9.6,9.2,3.77,8.59375,8.7575,8.3,6.5,8.5,,,,,False,Adequado (≥ 0),0,0.0,False
2023,RA-131,5.0,6,-1.0,16,Feminino,2016,Pública,Quartzo,5.952358333,5.0,2.2,7.8,8.3,5.0,7.65625,6.8,0.0,3.0,3.5,,,,Ametista,False,Moderada (-1 a -2),7,1.0,False
2023,RA-132,5.0,5,0.0,15,Feminino,2019,Privada / bolsa,Ametista,7.350625,10.0,6.5,8.7,7.5,2.52,7.65625,7.715,6.3,6.5,6.7,,,,Topázio,False,Adequado (≥ 0),4,0.0,False
2023,RA-133,5.0,6,-1.0,16,Feminino,2016,Pública,Ágata,6.168416667,5.0,5.3,7.9,7.5,2.52,7.1875,6.505,5.0,4.3,6.7,,,,Ágata,False,Moderada (-1 a -2),7,1.0,False
2023,RA-104,5.0,8,-3.0,19,Masculino,2022,Pública,Quartzo,4.25,2.5,2.6,7.7,0.0,2.52,5.625,5.6275,3.7,1.8,2.3,,,,Ágata,False,Severa (≤ -3),1,1.0,False
2023,RA-137,5.0,7,-2.0,17,Feminino,2016,Privada / bolsa,Quartzo,5.937025,5.0,6.0,6.3,7.1,2.52,6.40625,6.88,7.3,4.5,6.2,,,,Ametista,False,Moderada (-1 a -2),7,1.0,False
2023,RA-144,5.0,4,1.0,14,Feminino,2017,Privada / bolsa,Quartzo,4.990333333,10.0,4.4,5.2,0.0,2.52,6.25,6.0,3.3,2.5,7.3,,,,Topázio,False,Adequado (≥ 0),6,0.0,False
2023,RA-1202,5.0,6,-1.0,16,Feminino,2023,Pública,Ágata,6.202008333,5.0,3.3,7.6,7.1,7.52,7.34375,6.67,4.5,3.3,2.0,,,,,False,Moderada (-1 a -2),0,1.0,False
2023,RA-90,5.0,4,1.0,14,Feminino,2019,Privada / bolsa,Topázio,8.699408333,10.0,7.7,9.6,10.0,7.52,8.59375,8.1725,6.7,6.8,9.5,,,,Topázio,False,Adequado (≥ 0),4,0.0,False
2023,RA-167,5.0,7,-2.0,17,Feminino,2018,Privada / bolsa,Ametista,7.806141667,5.0,7.9,9.9,8.8,5.0,7.96875,7.8375,8.3,7.2,8.3,,,,Ametista,False,Moderada (-1 a -2),5,1.0,False
2023,RA-168,5.0,5,0.0,15,Feminino,2018,Privada / bolsa,Ágata,6.483083333,10.0,4.7,9.6,0.0,6.89,6.5625,6.4225,4.3,3.0,6.7,,,,Ágata,False,Adequado (≥ 0),5,0.0,False
2023,RA-1203,5.0,6,-1.0,16,Feminino,2023,Pública,Ametista,7.487841667,5.0,7.2,10.0,9.2,2.52,7.96875,7.8775,6.7,5.8,9.2,,,,,False,Moderada (-1 a -2),0,1.0,False
2023,RA-155,5.0,7,-2.0,17,Masculino,2022,Pública,Ágata,6.318991667,5.0,4.4,8.1,7.9,5.0,7.03125,6.5875,5.3,2.8,5.2,,,,Ametista,False,Moderada (-1 a -2),1,1.0,False
2023,RA-94,5.0,6,-1.0,16,Feminino,2018,Privada / bolsa,Ametista,7.289333333,5.0,7.2,9.6,7.5,2.52,8.75,7.795,7.7,4.8,9.0,,,,Topázio,False,Moderada (-1 a -2),5,1.0,False
2023,RA-81,5.0,5,0.0,15,Feminino,2017,Privada / bolsa,Ametista,7.45425,10.0,6.3,8.8,9.6,2.52,7.8125,7.2125,8.7,4.7,5.5,,,,Ametista,False,Adequado (≥ 0),6,0.0,False
2023,RA-302,5.0,7,-2.0,17,Masculino,2022,Pública,Quartzo,5.314333333,5.0,4.3,7.3,0.0,5.0,7.5,6.255,4.7,2.3,5.8,,,,Ágata,False,Moderada (-1 a -2),1,1.0,False
2023,RA-171,5.0,7,-2.0,17,Masculino,2022,Pública,Ágata,6.293083333,5.0,5.2,7.2,7.5,5.0,7.1875,6.755,4.5,4.8,6.2,,,,Ágata,False,Moderada (-1 a -2),1,1.0,False
2023,RA-160,5.0,6,-1.0,16,Feminino,2021,Privada / bolsa,Ágata,6.598266667,5.0,5.0,8.3,8.8,2.52,8.125,7.46,3.3,3.8,8.0,,,,Ágata,False,Moderada (-1 a -2),2,1.0,False
2023,RA-1204,5.0,6,-1.0,16,Masculino,2023,Pública,Ágata,6.940416667,5.0,6.1,8.7,7.5,5.0,7.8125,7.2125,5.0,3.7,9.7,,,,,False,Moderada (-1 a -2),0,1.0,False
2023,RA-1205,5.0,8,-3.0,18,Feminino,2023,Pública,Ágata,6.806466667,2.5,5.0,9.2,9.2,6.26,7.5,7.085,5.2,3.7,6.2,,,,,False,Severa (≤ -3),0,1.0,False
2023,RA-173,5.0,7,-2.0,17,Masculino,2019,Privada / bolsa,Ametista,7.757466667,5.0,8.1,8.5,9.2,6.26,8.125,7.8775,9.0,6.2,9.2,,,,Ametista,False,Moderada (-1 a -2),4,1.0,False
2023,RA-166,5.0,5,0.0,15,Masculino,2020,Privada / bolsa,Topázio,8.105583333,10.0,8.1,8.9,7.5,6.26,8.4375,7.4625,7.0,7.2,10.0,,,,Topázio,False,Adequado (≥ 0),3,0.0,False
2023,RA-175,5.0,6,-1.0,16,Feminino,2018,Privada / bolsa,Ágata,6.569516667,5.0,4.8,9.2,8.8,2.52,7.1875,7.085,5.0,5.0,4.5,,,,Ágata,False,Moderada (-1 a -2),5,1.0,False
2023,RA-153,5.0,5,0.0,15,Feminino,2018,Privada / bolsa,Ametista,7.289966667,10.0,6.4,7.4,9.2,2.52,8.125,7.71,6.0,5.3,8.0,,,,Ametista,False,Adequado (≥ 0),5,0.0,False
2023,RA-1206,5.0,7,-2.0,17,Feminino,2023,Pública,Ágata,6.724183333,5.0,5.6,8.3,8.8,2.52,7.8125,7.7125,4.7,3.7,8.3,,,,,False,Moderada (-1 a -2),0,1.0,False
2023,RA-157,5.0,3,2.0,13,Feminino,2018,Privada / bolsa,Ametista,7.879008333,10.0,6.8,9.9,7.1,2.52,8.59375,8.63,6.0,6.8,7.5,,,,Topázio,False,Adequado (≥ 0),5,0.0,False
2023,RA-1207,5.0,5,0.0,15,Feminino,2023,Pública,Ametista,7.58235,10.0,5.5,9.0,8.8,5.0,7.8125,7.63,5.0,4.0,7.5,,,,,False,Adequado (≥ 0),0,0.0,False
2023,RA-1208,5.0,5,0.0,15,Masculino,2023,Pública,Ametista,7.0651,10.0,6.2,8.8,8.8,2.52,6.875,6.2525,5.0,4.8,8.8,,,,,False,Adequado (≥ 0),0,0.0,False
2023,RA-1209,5.0,6,-1.0,16,Feminino,2023,Pública,Ametista,7.43375,5.0,7.4,9.4,7.5,5.0,7.8125,7.7125,7.7,5.7,8.8,,,,,False,Moderada (-1 a -2),0,1.0,False
2023,RA-158,5.0,4,1.0,14,Feminino,2017,Privada / bolsa,Ametista,7.297425,10.0,6.0,9.0,7.1,2.52,8.28125,7.545,6.0,5.7,6.3,,,,Ametista,False,Adequado (≥ 0),6,0.0,False
2023,RA-161,5.0,4,1.0,14,Feminino,2018,Privada / bolsa,Ágata,6.250166667,10.0,5.8,7.3,0.0,2.52,8.125,7.795,7.0,4.5,6.0,,,,Ametista,False,Adequado (≥ 0),5,0.0,False
2023,RA-164,5.0,6,-1.0,16,Masculino,2018,Privada / bolsa,Quartzo,5.638666667,5.0,5.8,8.2,0.0,2.52,6.875,6.9625,6.0,4.2,7.3,,,,Ágata,False,Moderada (-1 a -2),5,1.0,False
2023,RA-1210,5.0,6,-1.0,16,Feminino,2023,Pública,Ametista,7.171083333,5.0,4.7,9.4,9.6,5.0,7.8125,8.09,5.0,2.0,7.0,,,,,False,Moderada (-1 a -2),0,1.0,False
2023,RA-165,5.0,5,0.0,15,Feminino,2017,Privada / bolsa,Ametista,7.583433333,10.0,7.3,9.2,6.7,2.52,8.125,7.795,7.3,6.2,8.3,,,,Topázio,False,Adequado (≥ 0),6,0.0,False
2023,RA-1211,5.0,6,-1.0,16,Feminino,2023,Pública,Ametista,7.09205,5.0,6.2,9.1,7.1,5.0,7.8125,7.7125,6.3,4.5,7.8,,,,,False,Moderada (-1 a -2),0,1.0,False
2023,RA-1212,5.0,6,-1.0,16,Feminino,2023,Pública,Ágata,6.755358333,5.0,4.2,8.9,8.3,5.0,7.65625,7.715,0.0,3.5,9.0,,,,,False,Moderada (-1 a -2),0,1.0,False
2023,RA-1213,5.0,7,-2.0,17,Feminino,2023,Pública,Quartzo,5.95625,5.0,6.0,8.4,0.0,2.52,7.8125,7.715,6.7,4.8,6.5,,,,,False,Moderada (-1 a -2),0,1.0,False
2023,RA-40,6.0,7,-1.0,17,Feminino,2016,Privada / bolsa,Ametista,7.169975,5.0,5.9,8.2,7.5,7.52,7.96875,7.755,6.2,5.7,5.8,,,,Ametista,False,Moderada (-1 a -2),7,1.0,False
2023,RA-1214,6.0,6,0.0,16,Masculino,2023,Pública,Topázio,8.378666667,10.0,7.4,9.8,9.6,6.89,7.5,7.6725,8.0,5.0,9.3,,,,,False,Adequado (≥ 0),0,0.0,False
2023,RA-71,6.0,8,-2.0,18,Feminino,2019,Pública,Ametista,7.3651,5.0,6.6,9.8,6.7,6.26,7.5,7.7125,7.3,5.5,7.0,,,,Quartzo,False,Moderada (-1 a -2),4,1.0,False
2023,RA-53,6.0,8,-2.0,18,Masculino,2022,Concluiu / outro,Ametista,7.600633333,5.0,7.7,9.1,9.2,5.63,7.5,7.5875,7.3,6.5,9.2,,,,Ágata,False,Moderada (-1 a -2),1,1.0,False
2023,RA-43,6.0,7,-1.0,17,Feminino,2019,Pública,Ágata,6.4622,5.0,5.0,6.7,7.9,5.63,7.5,7.5875,4.0,5.0,6.0,,,,Quartzo,False,Moderada (-1 a -2),4,1.0,False
2023,RA-55,6.0,7,-1.0,17,Feminino,2017,Pública,Ágata,6.898033333,5.0,7.1,8.1,7.9,3.14,7.5,7.545,8.7,6.5,6.0,,,,Ágata,False,Moderada (-1 a -2),6,1.0,False
2023,RA-44,6.0,8,-2.0,18,Feminino,2021,Pública,Ágata,6.258333333,5.0,6.9,8.5,0.0,5.01,7.5,7.17,7.3,5.8,7.5,,,,Quartzo,False,Moderada (-1 a -2),2,1.0,False
2023,RA-1215,6.0,6,0.0,16,Feminino,2023,Pública,Ágata,6.339466667,10.0,4.1,5.6,7.1,5.0,7.5,7.1725,5.0,2.7,4.7,,,,,False,Adequado (≥ 0),0,0.0,False
2023,RA-45,6.0,6,0.0,16,Feminino,2019,Privada / bolsa,Topázio,8.303591667,10.0,7.9,9.6,7.1,6.26,8.28125,8.1725,7.8,6.3,9.7,,,,Ametista,False,Adequado (≥ 0),4,0.0,False
2023,RA-56,6.0,6,0.0,16,Feminino,2019,Privada / bolsa,Topázio,8.284333333,10.0,7.8,9.5,9.6,5.0,8.125,7.8,7.8,5.5,10.0,,,,Topázio,False,Adequado (≥ 0),4,0.0,False
2023,RA-57,6.0,7,-1.0,17,Masculino,2017,Privada / bolsa,Ágata,6.450875,5.0,7.2,8.0,0.0,5.63,7.96875,7.755,7.8,6.8,7.0,,,,Ametista,False,Moderada (-1 a -2),6,1.0,False
2023,RA-58,6.0,6,0.0,16,Masculino,2017,Privada / bolsa,Ametista,7.70625,10.0,8.1,9.7,0.0,6.26,8.4375,8.3825,7.8,6.5,10.0,,,,Topázio,False,Adequado (≥ 0),6,0.0,False
2023,RA-59,6.0,8,-2.0,18,Masculino,2022,Privada / bolsa,Ametista,7.692291667,5.0,7.2,9.6,7.5,5.63,8.28125,8.4225,7.7,6.8,7.2,,,,Ametista,False,Moderada (-1 a -2),1,1.0,False
2023,RA-1216,6.0,8,-2.0,19,Feminino,2023,Concluiu / outro,Ametista,7.7105,5.0,7.9,9.0,9.6,5.63,7.5,7.795,8.7,5.3,9.7,,,,,False,Moderada (-1 a -2),0,1.0,False
2023,RA-78,6.0,8,-2.0,18,Feminino,2018,Privada / bolsa,Ágata,6.434625,5.0,6.7,7.7,0.0,6.26,8.28125,8.0025,8.5,4.8,6.8,,,,Ametista,False,Moderada (-1 a -2),5,1.0,False
2023,RA-79,6.0,7,-1.0,17,Feminino,2018,Privada / bolsa,Ágata,6.635883333,5.0,7.6,6.2,5.8,5.0,7.8125,7.59,6.0,7.7,9.0,,,,Ágata,False,Moderada (-1 a -2),5,1.0,False
2023,RA-61,6.0,6,0.0,16,Masculino,2021,Pública,Ametista,7.382108333,10.0,6.2,7.0,8.3,6.26,7.96875,7.4625,6.7,4.3,7.5,,,,Ametista,False,Adequado (≥ 0),2,0.0,False
2023,RA-63,6.0,7,-1.0,17,Masculino,2018,Pública,Topázio,8.0641,5.0,8.7,9.0,6.7,6.89,8.75,8.9675,9.3,7.3,9.5,,,,Topázio,False,Moderada (-1 a -2),5,1.0,False
2023,RA-64,6.0,7,-1.0,17,Feminino,2019,Privada / bolsa,Ametista,7.452541667,5.0,6.7,9.2,7.5,6.89,7.34375,7.9625,7.0,6.0,7.2,,,,Ametista,False,Moderada (-1 a -2),4,1.0,False
2023,RA-48,6.0,6,0.0,16,Feminino,2017,Privada / bolsa,Ametista,7.797058333,10.0,7.7,8.4,6.7,6.26,7.65625,7.6275,8.3,5.7,9.0,,,,Ametista,False,Adequado (≥ 0),6,0.0,False
2023,RA-109,6.0,7,-1.0,17,Masculino,2021,Privada / bolsa,Topázio,8.3184,5.0,8.3,9.9,8.3,7.52,8.75,8.59,7.0,8.2,9.7,,,,Topázio,False,Moderada (-1 a -2),2,1.0,False
2023,RA-80,6.0,7,-1.0,17,Feminino,2017,Privada / bolsa,Ametista,7.252275,5.0,6.3,8.4,8.3,6.89,7.96875,7.465,8.2,5.7,5.0,,,,Ametista,False,Moderada (-1 a -2),6,1.0,False
2023,RA-91,6.0,7,-1.0,17,Feminino,2016,Privada / bolsa,Ametista,7.42395,5.0,7.4,7.4,10.0,6.89,7.8125,7.4675,9.5,5.0,7.7,,,,Ágata,False,Moderada (-1 a -2),7,1.0,False
2023,RA-1217,6.0,7,-1.0,17,Feminino,2023,Pública,Ágata,6.064625,5.0,5.9,7.9,0.0,5.63,7.65625,7.38,7.0,4.0,6.7,,,,,False,Moderada (-1 a -2),0,1.0,False
2023,RA-92,6.0,7,-1.0,17,Feminino,2016,Privada / bolsa,Ametista,7.375916667,5.0,6.7,9.4,9.6,5.63,7.1875,7.045,8.7,4.8,6.7,,,,Ágata,False,Moderada (-1 a -2),7,1.0,False
2023,RA-96,6.0,7,-1.0,17,Masculino,2021,Privada / bolsa,Ametista,7.610791667,5.0,6.4,8.9,9.6,7.52,7.65625,7.84,6.8,4.8,7.7,,,,Ametista,False,Moderada (-1 a -2),2,1.0,False
2023,RA-1218,6.0,7,-1.0,17,Masculino,2023,Pública,Ágata,6.8265,5.0,5.3,9.2,7.5,5.0,7.5,7.1325,6.7,3.5,5.7,,,,,False,Moderada (-1 a -2),0,1.0,False
2023,RA-1219,6.0,6,0.0,16,Feminino,2023,Pública,Ametista,7.215141667,10.0,6.3,6.5,8.8,5.63,7.34375,7.38,7.2,5.5,6.3,,,,,False,Adequado (≥ 0),0,0.0,False
2023,RA-1220,6.0,7,-1.0,17,Feminino,2023,Pública,Ágata,6.46725,5.0,6.8,9.0,0.0,5.0,7.8125,7.63,8.8,5.3,6.3,,,,,False,Moderada (-1 a -2),0,1.0,False
2023,RA-84,6.0,8,-2.0,18,Feminino,2018,Privada / bolsa,Ágata,6.034416667,5.0,6.0,8.8,0.0,2.52,7.8125,7.6725,6.8,5.8,5.5,,,,Ágata,False,Moderada (-1 a -2),5,1.0,False
2023,RA-99,6.0,7,-1.0,17,Masculino,2019,Pública,Ágata,6.68045,5.0,4.5,8.3,7.9,5.63,7.8125,7.4225,4.7,4.0,4.8,,,,Ágata,False,Moderada (-1 a -2),4,1.0,False
2023,RA-87,6.0,6,0.0,16,Masculino,2021,Privada / bolsa,Topázio,8.6625,10.0,9.3,10.0,7.5,5.63,8.125,8.385,9.5,8.7,9.7,,,,Topázio,False,Adequado (≥ 0),2,0.0,False
2023,RA-89,6.0,7,-1.0,17,Masculino,2021,Pública,Ágata,6.700775,5.0,5.1,8.1,8.3,5.0,7.34375,7.465,6.3,2.3,6.7,,,,Ametista,False,Moderada (-1 a -2),2,1.0,False
2023,RA-1221,7.0,8,-1.0,22,Feminino,2023,Concluiu / outro,Topázio,8.027466667,5.0,8.7,9.1,9.2,6.26,8.0,8.09,8.2,8.0,10.0,,,,,False,Moderada (-1 a -2),0,1.0,False
2023,RA-27,7.0,7,0.0,17,Masculino,2016,Privada / bolsa,Ametista,7.921266667,10.0,6.9,7.7,6.7,6.89,8.625,8.8825,7.0,5.8,8.0,,,,Ametista,False,Adequado (≥ 0),7,0.0,False
2023,RA-1222,7.0,8,-1.0,19,Feminino,2023,Concluiu / outro,Ametista,7.026466667,5.0,6.8,10.0,7.1,5.63,6.875,6.005,5.0,6.5,9.0,,,,,False,Moderada (-1 a -2),0,1.0,False
2023,RA-32,7.0,7,0.0,17,Feminino,2018,Privada / bolsa,Ágata,6.716666667,10.0,7.9,8.2,0.0,3.77,7.375,6.8775,9.0,5.8,9.0,,,,Ametista,False,Adequado (≥ 0),5,0.0,False
2023,RA-19,7.0,8,-1.0,19,Feminino,2022,Concluiu / outro,Ametista,7.710866667,5.0,7.8,9.4,7.9,5.63,7.75,8.1725,7.7,7.0,8.8,,,,Ametista,False,Moderada (-1 a -2),1,1.0,False
2023,RA-62,7.0,7,0.0,17,Feminino,2022,Pública,Ametista,7.610333333,10.0,7.5,9.8,0.0,6.89,8.25,8.215,9.3,6.8,6.3,,,,Ametista,False,Adequado (≥ 0),1,0.0,False
2023,RA-1223,7.0,7,0.0,17,Masculino,2023,Pública,Topázio,8.187766667,10.0,9.0,9.3,8.8,5.0,6.875,7.2925,9.5,8.3,9.3,,,,,False,Adequado (≥ 0),0,0.0,False
2023,RA-38,7.0,7,0.0,17,Feminino,2017,Privada / bolsa,Topázio,8.835333333,10.0,7.7,9.7,9.6,7.52,8.75,8.8825,8.2,8.8,6.0,,,,Topázio,False,Adequado (≥ 0),6,0.0,False
2023,RA-1224,7.0,8,-1.0,20,Masculino,2023,Concluiu / outro,Ametista,7.5524,5.0,8.0,9.4,8.3,5.0,7.125,7.6325,8.2,6.3,9.5,,,,,False,Moderada (-1 a -2),0,1.0,False
2023,RA-39,7.0,7,0.0,17,Feminino,2017,Privada / bolsa,Topázio,8.710333333,10.0,7.8,9.1,9.6,7.52,8.75,8.7575,8.3,7.8,7.2,,,,Ágata,False,Adequado (≥ 0),6,0.0,False
2023,RA-1225,7.0,8,-1.0,18,Feminino,2023,Concluiu / outro,,,5.0,,,7.5,2.52,,,,,,,,,,False,Moderada (-1 a -2),0,1.0,False
2023,RA-76,7.0,5,2.0,15,Feminino,2017,Privada / bolsa,,,10.0,,,10.0,2.52,,,,,,,,,Topázio,False,Adequado (≥ 0),6,0.0,False
2023,RA-26,7.0,8,-1.0,18,Masculino,2022,Privada / bolsa,,,5.0,,,0.0,7.52,,,,,,,,,Topázio,False,Moderada (-1 a -2),1,1.0,False
2023,RA-1226,7.0,6,1.0,16,Feminino,2023,Privada / bolsa,,,10.0,,,9.2,7.52,,,,,,,,,,False,Adequado (≥ 0),0,0.0,False
2023,RA-93,7.0,6,1.0,16,Feminino,2016,Privada / bolsa,,,10.0,,,7.9,3.14,,,,,,,,,Topázio,False,Adequado (≥ 0),7,0.0,False
2023,RA-119,7.0,5,2.0,15,Feminino,2016,Privada / bolsa,,,10.0,,,6.7,2.52,,,,,,,,,Ametista,False,Adequado (≥ 0),7,0.0,False
2023,RA-1227,7.0,6,1.0,16,Feminino,2023,Privada / bolsa,,,10.0,,,9.2,2.52,,,,,,,,,,False,Adequado (≥ 0),0,0.0,False
2023,RA-1228,7.0,7,0.0,17,Feminino,2023,Privada / bolsa,,,10.0,,,7.5,2.52,,,,,,,,,,False,Adequado (≥ 0),0,0.0,False
2023,RA-1229,7.0,6,1.0,16,Feminino,2023,Privada / bolsa,,,10.0,,,8.3,7.52,,,,,,,,,,False,Adequado (≥ 0),0,0.0,False
2023,RA-98,7.0,5,2.0,15,Feminino,2017,Privada / bolsa,,,10.0,,,7.9,2.52,,,,,,,,,Topázio,False,Adequado (≥ 0),6,0.0,False
2023,RA-172,7.0,5,2.0,15,Feminino,2018,Privada / bolsa,,,10.0,,,0.0,3.77,,,,,,,,,Topázio,False,Adequado (≥ 0),5,0.0,False
2023,RA-86,7.0,7,0.0,17,Masculino,2016,Privada / bolsa,,,10.0,,,8.3,6.89,,,,,,,,,Ametista,False,Adequado (≥ 0),7,0.0,False
2023,RA-1230,7.0,6,1.0,16,Feminino,2021,Privada / bolsa,,,10.0,,,0.0,2.52,,,,,,,,,,False,Adequado (≥ 0),2,0.0,False
2023,RA-1231,8.0,8,0.0,22,Masculino,2021,Privada / bolsa,,,10.0,,,,,,,,,,,,,,False,Adequado (≥ 0),2,0.0,True
2023,RA-1232,8.0,8,0.0,21,Masculino,2021,Privada / bolsa,,,10.0,,,,,,,,,,,,,,False,Adequado (≥ 0),2,0.0,True
2023,RA-1233,8.0,8,0.0,22,Feminino,2021,Privada / bolsa,,,10.0,,,,,,,,,,,,,,False,Adequado (≥ 0),2,0.0,True
2023,RA-1234,8.0,8,0.0,20,Feminino,2021,Privada / bolsa,,,10.0,,,,,,,,,,,,,,False,Adequado (≥ 0),2,0.0,True
2023,RA-1235,8.0,8,0.0,21,Masculino,2021,Privada / bolsa,,,10.0,,,,,,,,,,,,,,False,Adequado (≥ 0),2,0.0,True
2023,RA-1236,8.0,8,0.0,21,Feminino,2021,Privada / bolsa,,,10.0,,,,,,,,,,,,,,False,Adequado (≥ 0),2,0.0,True
2023,RA-1237,8.0,8,0.0,21,Feminino,2021,Privada / bolsa,,,10.0,,,,,,,,,,,,,,False,Adequado (≥ 0),2,0.0,True
2023,RA-1238,8.0,8,0.0,21,Feminino,2021,Privada / bolsa,,,10.0,,,,,,,,,,,,,,False,Adequado (≥ 0),2,0.0,True
2023,RA-1239,8.0,8,0.0,20,Feminino,2021,Privada / bolsa,,,10.0,,,,,,,,,,,,,,False,Adequado (≥ 0),2,0.0,True
2023,RA-1240,8.0,8,0.0,20,Masculino,2021,Privada / bolsa,,,10.0,,,,,,,,,,,,,,False,Adequado (≥ 0),2,0.0,True
2023,RA-1241,8.0,8,0.0,20,Feminino,2021,Privada / bolsa,,,10.0,,,,,,,,,,,,,,False,Adequado (≥ 0),2,0.0,True
2023,RA-1242,8.0,8,0.0,19,Feminino,2021,Privada / bolsa,,,10.0,,,,,,,,,,,,,,False,Adequado (≥ 0),2,0.0,True
2023,RA-1243,8.0,8,0.0,19,Feminino,2021,Privada / bolsa,,,10.0,,,,,,,,,,,,,,False,Adequado (≥ 0),2,0.0,True
2023,RA-1244,8.0,8,0.0,20,Feminino,2021,Privada / bolsa,,,10.0,,,,,,,,,,,,,,False,Adequado (≥ 0),2,0.0,True
2023,RA-1245,8.0,8,0.0,20,Masculino,2021,Privada / bolsa,,,10.0,,,,,,,,,,,,,,False,Adequado (≥ 0),2,0.0,True
2023,RA-1246,8.0,8,0.0,20,Feminino,2021,Privada / bolsa,,,10.0,,,,,,,,,,,,,,False,Adequado (≥ 0),2,0.0,True
2023,RA-1247,8.0,8,0.0,21,Feminino,2021,Privada / bolsa,,,10.0,,,,,,,,,,,,,,False,Adequado (≥ 0),2,0.0,True
2023,RA-1248,8.0,8,0.0,20,Masculino,2021,Privada / bolsa,,,10.0,,,,,,,,,,,,,,False,Adequado (≥ 0),2,0.0,True
2023,RA-1249,8.0,8,0.0,26,Masculino,2021,Privada / bolsa,,,10.0,,,,,,,,,,,,,,False,Adequado (≥ 0),2,0.0,True
2023,RA-1250,8.0,8,0.0,20,Masculino,2021,Privada / bolsa,,,10.0,,,,,,,,,,,,,,False,Adequado (≥ 0),2,0.0,True
2023,RA-1251,8.0,8,0.0,20,Feminino,2021,Privada / bolsa,,,10.0,,,,,,,,,,,,,,False,Adequado (≥ 0),2,0.0,True
2023,RA-1252,8.0,8,0.0,21,Feminino,2021,Privada / bolsa,,,10.0,,,,,,,,,,,,,,False,Adequado (≥ 0),2,0.0,True
2023,RA-1253,8.0,8,0.0,23,Feminino,2021,Privada / bolsa,,,10.0,,,,,,,,,,,,,,False,Adequado (≥ 0),2,0.0,True
2023,RA-1254,8.0,8,0.0,19,Masculino,2021,Privada / bolsa,,,10.0,,,,,,,,,,,,,,False,Adequado (≥ 0),2,0.0,True
2023,RA-1255,8.0,8,0.0,19,Masculino,2021,Privada / bolsa,,,10.0,,,,,,,,,,,,,,False,Adequado (≥ 0),2,0.0,True
2023,RA-1256,8.0,8,0.0,18,Feminino,2021,Privada / bolsa,,,10.0,,,,,,,,,,,,,,False,Adequado (≥ 0),2,0.0,True
2023,RA-1257,8.0,8,0.0,18,Masculino,2021,Privada / bolsa,,,10.0,,,,,,,,,,,,,,False,Adequado (≥ 0),2,0.0,True
2023,RA-1258,8.0,8,0.0,24,Masculino,2021,Privada / bolsa,,,10.0,,,,,,,,,,,,,,False,Adequado (≥ 0),2,0.0,True
2023,RA-1259,8.0,8,0.0,19,Feminino,2021,Privada / bolsa,,,10.0,,,,,,,,,,,,,,False,Adequado (≥ 0),2,0.0,True
2023,RA-1260,8.0,8,0.0,19,Masculino,2021,Privada / bolsa,,,10.0,,,,,,,,,,,,,,False,Adequado (≥ 0),2,0.0,True
2023,RA-1261,8.0,8,0.0,19,Feminino,2021,Privada / bolsa,,,10.0,,,,,,,,,,,,,,False,Adequado (≥ 0),2,0.0,True
2023,RA-1262,8.0,8,0.0,19,Feminino,2021,Privada / bolsa,,,10.0,,,,,,,,,,,,,,False,Adequado (≥ 0),2,0.0,True
2023,RA-1263,8.0,8,0.0,20,Feminino,2021,Privada / bolsa,,,10.0,,,,,,,,,,,,,,False,Adequado (≥ 0),2,0.0,True
2023,RA-1264,8.0,8,0.0,20,Feminino,2021,Privada / bolsa,,,10.0,,,,,,,,,,,,,,False,Adequado (≥ 0),2,0.0,True
2023,RA-1265,8.0,8,0.0,20,Masculino,2022,Privada / bolsa,,,10.0,,,,,,,,,,,,,,False,Adequado (≥ 0),1,0.0,True
2023,RA-1266,8.0,8,0.0,19,Feminino,2021,Privada / bolsa,,,10.0,,,,,,,,,,,,,,False,Adequado (≥ 0),2,0.0,True
2023,RA-1267,8.0,8,0.0,22,Feminino,2021,Privada / bolsa,,,10.0,,,,,,,,,,,,,,False,Adequado (≥ 0),2,0.0,True
2023,RA-1268,8.0,8,0.0,19,Masculino,2021,Privada / bolsa,,,10.0,,,,,,,,,,,,,,False,Adequado (≥ 0),2,0.0,True
2023,RA-14,8.0,8,0.0,21,Masculino,2022,Privada / bolsa,,,10.0,,,,,,,,,,,,,Ágata,False,Adequado (≥ 0),1,0.0,True
2023,RA-13,8.0,8,0.0,18,Masculino,2016,Privada / bolsa,,,10.0,,,,,,,,,,,,,Ágata,False,Adequado (≥ 0),7,0.0,True
2023,RA-12,8.0,8,0.0,18,Feminino,2020,Privada / bolsa,,,10.0,,,,,,,,,,,,,Quartzo,False,Adequado (≥ 0),3,0.0,True
2023,RA-7,8.0,8,0.0,19,Masculino,2017,Privada / bolsa,,,10.0,,,,,,,,,,,,,Ágata,False,Adequado (≥ 0),6,0.0,True
2023,RA-6,8.0,8,0.0,19,Feminino,2021,Privada / bolsa,,,10.0,,,,,,,,,,,,,Quartzo,False,Adequado (≥ 0),2,0.0,True
2023,RA-5,8.0,8,0.0,18,Feminino,2016,Privada / bolsa,,,10.0,,,,,,,,,,,,,Ametista,False,Adequado (≥ 0),7,0.0,True
2023,RA-1,8.0,8,0.0,20,Feminino,2016,Privada / bolsa,,,10.0,,,,,,,,,,,,,Quartzo,False,Adequado (≥ 0),7,0.0,True
2023,RA-36,8.0,8,0.0,18,Feminino,2019,Privada / bolsa,,,10.0,,,,,,,,,,,,,Ametista,False,Adequado (≥ 0),4,0.0,True
2023,RA-35,8.0,8,0.0,18,Feminino,2019,Privada / bolsa,,,10.0,,,,,,,,,,,,,Topázio,False,Adequado (≥ 0),4,0.0,True
2023,RA-34,8.0,8,0.0,18,Masculino,2016,Privada / bolsa,,,10.0,,,,,,,,,,,,,Ágata,False,Adequado (≥ 0),7,0.0,True
2023,RA-31,8.0,8,0.0,18,Feminino,2019,Privada / bolsa,,,10.0,,,,,,,,,,,,,Topázio,False,Adequado (≥ 0),4,0.0,True
2023,RA-23,8.0,7,1.0,17,Masculino,2021,Privada / bolsa,,,10.0,,,,,,,,,,,,,Ametista,False,Adequado (≥ 0),2,0.0,True
2023,RA-88,8.0,8,0.0,18,Masculino,2021,Privada / bolsa,,,10.0,,,,,,,,,,,,,Ametista,False,Adequado (≥ 0),2,0.0,True
2023,RA-1269,8.0,8,0.0,18,Feminino,2021,Privada / bolsa,,,10.0,,,,,,,,,,,,,,False,Adequado (≥ 0),2,0.0,True
2023,RA-49,8.0,8,0.0,18,Feminino,2022,Privada / bolsa,,,10.0,,,,,,,,,,,,,Ágata,False,Adequado (≥ 0),1,0.0,True
2023,RA-1270,8.0,8,0.0,19,Feminino,2021,Privada / bolsa,,,10.0,,,,,,,,,,,,,,False,Adequado (≥ 0),2,0.0,True
2023,RA-29,8.0,8,0.0,18,Masculino,2022,Privada / bolsa,,,10.0,,,,,,,,,,,,,Quartzo,False,Adequado (≥ 0),1,0.0,True
2023,RA-17,8.0,8,0.0,21,Masculino,2022,Privada / bolsa,,,10.0,,,,,,,,,,,,,Topázio,False,Adequado (≥ 0),1,0.0,True
2023,RA-21,8.0,8,0.0,19,Masculino,2022,Privada / bolsa,,,10.0,,,,,,,,,,,,,Ágata,False,Adequado (≥ 0),1,0.0,True
2023,RA-25,8.0,8,0.0,18,Feminino,2021,Privada / bolsa,,,10.0,,,,,,,,,,,,,Ametista,False,Adequado (≥ 0),2,0.0,True
2023,RA-2,8.0,8,0.0,18,Feminino,2017,Privada / bolsa,,,10.0,,,,,,,,,,,,,Ametista,False,Adequado (≥ 0),6,0.0,True
2023,RA-1271,8.0,8,0.0,18,Feminino,2021,Privada / bolsa,,,10.0,,,,,,,,,,,,,,False,Adequado (≥ 0),2,0.0,True
2023,RA-1272,8.0,8,0.0,18,Feminino,2021,Privada / bolsa,,,10.0,,,,,,,,,,,,,,False,Adequado (≥ 0),2,0.0,True
2023,RA-1273,8.0,7,1.0,17,Feminino,2023,Privada / bolsa,,,10.0,,,,,,,,,,,,,,False,Adequado (≥ 0),0,0.0,True
2023,RA-1274,8.0,8,0.0,18,Feminino,2021,Privada / bolsa,,,10.0,,,,,,,,,,,,,,False,Adequado (≥ 0),2,0.0,True
2024,RA-1275,0.0,0,0.0,8,Masculino,2024,Pública,Ametista,7.611366666700001,10.0,8.0,8.6666666665,10.002,6.26,5.625,5.446666667,10.0,6.0,,,,,,False,Adequado (≥ 0),0,0.0,False
2024,RA-1276,0.0,0,0.0,8,Feminino,2024,Pública,Topázio,8.002866666700001,10.0,8.0,9.3333333335,10.002,3.76,7.5,7.05,10.0,6.0,,,,,,False,Adequado (≥ 0),0,0.0,False
2024,RA-1277,0.0,0,0.0,8,Masculino,2024,Pública,Ametista,7.952200000100001,10.0,8.0,9.0833333335,10.002,3.76,7.5,7.046666667,10.0,6.0,,,,,,False,Adequado (≥ 0),0,0.0,False
2024,RA-868,0.0,1,-1.0,8,Masculino,2023,Pública,Ametista,7.156366666600001,5.0,7.0,9.75,8.002,3.76,6.875,7.213333333,8.0,6.0,,,,,Topázio,False,Moderada (-1 a -2),1,1.0,False
2024,RA-1278,0.0,1,-1.0,9,Masculino,2024,Pública,Quartzo,5.444199999900001,5.0,7.5,4.1666666665,9.002,3.76,5.0,4.173333333,8.0,7.0,,,,,,False,Moderada (-1 a -2),0,1.0,False
2024,RA-1279,0.0,1,-1.0,9,Feminino,2024,Pública,Topázio,8.0822,5.0,8.25,10.0,10.002,6.26,7.5,7.78,9.0,7.5,,,,,,False,Moderada (-1 a -2),0,1.0,False
2024,RA-861,0.0,1,-1.0,9,Feminino,2023,Pública,Topázio,8.959700000000002,5.0,10.0,10.0,9.502,7.51,8.125,9.73,10.0,10.0,,,,,Topázio,False,Moderada (-1 a -2),1,1.0,False
2024,RA-862,0.0,2,-2.0,10,Masculino,2023,Pública,Ametista,7.346677272700001,5.0,7.5,8.6136363635,9.002,7.51,7.1875,6.27,10.0,5.0,,,,,Topázio,False,Moderada (-1 a -2),1,1.0,False
2024,RA-1280,0.0,1,-1.0,9,Masculino,2024,Pública,Topázio,8.152624242500002,5.0,8.5,9.5454545455,10.002,6.26,7.5,8.336666667,10.0,7.0,,,,,,False,Moderada (-1 a -2),0,1.0,False
2024,RA-1281,0.0,1,-1.0,9,Feminino,2024,Pública,Ametista,7.982890909100001,5.0,9.25,9.5454545455,7.918,6.26,7.5,7.78,10.0,8.5,,,,,,False,Moderada (-1 a -2),0,1.0,False
2024,RA-895,0.0,1,-1.0,9,Feminino,2023,Pública,Topázio,8.2579575757,5.0,9.5,9.5454545455,9.502,6.26,7.5,8.113333333,10.0,9.0,,,,,Topázio,False,Moderada (-1 a -2),1,1.0,False
2024,RA-884,0.0,1,-1.0,8,Feminino,2023,Pública,Topázio,8.0345030302,5.0,8.75,8.818181818,10.002,6.26,7.5,8.223333333,10.0,7.5,,,,,Topázio,False,Moderada (-1 a -2),1,1.0,False
2024,RA-1282,0.0,1,-1.0,9,Feminino,2024,Pública,Ametista,7.8769272727000015,5.0,9.25,8.1136363635,9.502,6.26,7.5,7.89,10.0,8.5,,,,,,False,Moderada (-1 a -2),0,1.0,False
2024,RA-889,0.0,1,-1.0,9,Masculino,2023,Pública,Topázio,8.191290909100001,5.0,9.75,9.2954545455,8.502,6.26,7.5,8.28,10.0,9.5,,,,,Topázio,False,Moderada (-1 a -2),1,1.0,False
2024,RA-867,0.0,1,-1.0,9,Masculino,2023,Pública,Ametista,7.583018181800001,5.0,8.5,7.409090909,9.002,7.51,7.5,7.5,10.0,7.0,,,,,Topázio,False,Moderada (-1 a -2),1,1.0,False
2024,RA-1283,0.0,2,-2.0,10,Masculino,2024,Pública,Topázio,8.3033538462,5.0,9.0,9.230769231,10.002,7.51,7.5,8.28,10.0,8.0,,,,,,False,Moderada (-1 a -2),0,1.0,False
2024,RA-891,0.0,1,-1.0,10,Feminino,2023,Pública,Topázio,8.035957575700001,5.0,8.75,9.0454545455,10.002,6.26,7.5,8.003333333,10.0,7.5,,,,,Ametista,False,Moderada (-1 a -2),1,1.0,False
2024,RA-1284,0.0,0,0.0,8,Feminino,2024,Pública,Topázio,8.3800152174,10.0,10.0,9.347826087,9.002,2.51,7.8125,7.89,10.0,10.0,,,,,,False,Adequado (≥ 0),0,0.0,False
2024,RA-1012,0.0,1,-1.0,9,Feminino,2023,Pública,Topázio,8.057128571400002,5.0,9.75,9.523809524,9.502,2.51,8.125,8.443333333,10.0,9.5,,,,,Ametista,False,Moderada (-1 a -2),1,1.0,False
2024,RA-1285,0.0,0,0.0,7,Feminino,2024,Pública,Topázio,8.156578882000002,10.0,8.0,8.830227742999998,10.002,2.51,7.5,8.946666667,8.0,8.0,,,,,,False,Adequado (≥ 0),0,0.0,False
2024,RA-1286,0.0,0,0.0,7,Masculino,2024,Pública,Quartzo,5.914801966800001,10.0,7.0,5.051759834,8.002,2.51,5.3125,4.61,8.0,6.0,,,,,,False,Adequado (≥ 0),0,0.0,False
2024,RA-1287,0.0,1,-1.0,8,Feminino,2024,Pública,Ametista,7.619650310500001,5.0,7.75,9.3064182195,10.002,2.51,8.125,8.223333333,8.0,7.5,,,,,,False,Moderada (-1 a -2),0,1.0,False
2024,RA-1288,0.0,0,0.0,7,Feminino,2024,Pública,Ametista,7.9208899585,10.0,10.0,7.9813664595,9.002,2.51,7.1875,7.273333333,10.0,10.0,,,,,,False,Adequado (≥ 0),0,0.0,False
2024,RA-1289,0.0,1,-1.0,10,Feminino,2024,Pública,Ametista,7.2171722223,5.0,7.75,9.4444444445,7.002,7.51,5.9375,6.166666667,9.0,6.5,,,,,,False,Moderada (-1 a -2),0,1.0,False
2024,RA-1290,0.0,1,-1.0,9,Masculino,2024,Pública,Topázio,8.407200000000001,5.0,8.75,10.0,10.002,7.51,7.5,8.28,10.0,7.5,,,,,,False,Moderada (-1 a -2),0,1.0,False
2024,RA-1291,0.0,1,-1.0,9,Masculino,2024,Pública,Topázio,8.079200000000002,5.0,8.25,9.5,9.502,7.51,7.5,7.89,10.0,6.5,,,,,,False,Moderada (-1 a -2),0,1.0,False
2024,RA-885,0.0,1,-1.0,9,Masculino,2023,Pública,Topázio,8.2072,5.0,8.5,10.0,8.502,7.51,7.5,8.28,10.0,7.0,,,,,Topázio,False,Moderada (-1 a -2),1,1.0,False
2024,RA-1292,0.0,1,-1.0,9,Feminino,2024,Pública,Ágata,6.9031621211,5.0,8.25,4.7727272725,7.502,7.51,7.1875,7.893333333,10.0,6.5,,,,,,False,Moderada (-1 a -2),0,1.0,False
2024,RA-1293,0.0,1,-1.0,9,Feminino,2024,Pública,Topázio,8.005023232300001,5.0,8.5,9.4949494945,8.002,7.51,6.875,8.336666667,8.5,8.5,,,,,,False,Moderada (-1 a -2),0,1.0,False
2024,RA-888,0.0,1,-1.0,8,Masculino,2023,Pública,Topázio,8.1942,5.0,8.5,10.0,9.002,6.88,7.5,8.28,9.0,8.0,,,,,Topázio,False,Moderada (-1 a -2),1,1.0,False
2024,RA-1294,0.0,2,-2.0,10,Masculino,2024,Pública,Ametista,7.9493666666,5.0,7.75,10.0,9.502,7.51,6.875,7.553333333,9.0,6.5,,,,,,False,Moderada (-1 a -2),0,1.0,False
2024,RA-1009,0.0,1,-1.0,9,Masculino,2023,Pública,Ágata,6.395389393900001,5.0,7.5,6.8863636365000005,8.002,2.51,6.5625,6.553333333,10.0,5.0,,,,,Ametista,False,Moderada (-1 a -2),1,1.0,False
2024,RA-1013,0.0,1,-1.0,8,Masculino,2023,Pública,Quartzo,5.7839559808,5.0,7.75,5.6937799039999994,9.002,2.51,5.0,4.72,8.0,7.5,,,,,Ametista,False,Moderada (-1 a -2),1,1.0,False
2024,RA-1295,0.0,0,0.0,8,Feminino,2024,Pública,Topázio,8.0617454545,10.0,7.5,9.5227272725,10.002,2.51,7.5,8.28,7.0,8.0,,,,,,False,Adequado (≥ 0),0,0.0,False
2024,RA-1296,0.0,1,-1.0,9,Feminino,2024,Pública,Ametista,7.0574222223000005,5.0,6.5,8.4444444445,9.002,2.51,7.5,8.336666667,7.5,5.5,,,,,,False,Moderada (-1 a -2),0,1.0,False
2024,RA-863,0.0,1,-1.0,8,Masculino,2023,Pública,Quartzo,4.6684348484000004,5.0,5.5,3.159090909,8.502,2.51,4.6875,4.333333333,10.0,1.0,,,,,Quartzo,False,Moderada (-1 a -2),1,1.0,False
2024,RA-1297,0.0,1,-1.0,8,Masculino,2024,Pública,Ametista,7.620247619000001,5.0,9.25,9.761904762,9.502,2.51,7.5,6.833333333,10.0,8.5,,,,,,False,Moderada (-1 a -2),0,1.0,False
2024,RA-1014,0.0,1,-1.0,8,Feminino,2023,Pública,Ágata,6.315972727300001,5.0,5.25,7.8863636365000005,8.502,2.51,6.875,7.0,6.5,4.0,,,,,Topázio,False,Moderada (-1 a -2),1,1.0,False
2024,RA-880,0.0,1,-1.0,8,Feminino,2023,Pública,Ágata,6.853080434800001,5.0,6.5,8.445652174,9.502,2.51,7.1875,7.22,7.5,5.5,,,,,Ágata,False,Moderada (-1 a -2),1,1.0,False
2024,RA-886,0.0,1,-1.0,8,Feminino,2023,Pública,Topázio,8.419200000000002,5.0,8.75,10.0,9.502,8.13,7.5,8.28,9.0,8.5,,,,,Topázio,False,Moderada (-1 a -2),1,1.0,False
2024,RA-1298,0.0,0,0.0,8,Masculino,2024,Pública,Ametista,7.577287995300001,10.0,6.75,6.643356643500001,9.502,7.51,7.1875,7.393333333,7.0,6.5,,,,,,False,Adequado (≥ 0),0,0.0,False
2024,RA-1299,0.0,2,-2.0,10,Masculino,2024,Pública,Ametista,7.069727777800001,5.0,6.5,7.638888889,8.502,7.51,7.1875,7.11,7.0,6.0,,,,,,False,Moderada (-1 a -2),0,1.0,False
2024,RA-904,0.0,1,-1.0,8,Feminino,2023,Pública,Ametista,7.6352,5.0,6.0,8.75,9.502,7.51,7.5,8.67,6.0,6.0,,,,,Topázio,False,Moderada (-1 a -2),1,1.0,False
2024,RA-1300,0.0,1,-1.0,8,Feminino,2024,Pública,Ametista,7.623866666600001,5.0,9.0,8.75,8.502,2.51,7.5,8.613333333,10.0,8.0,,,,,,False,Moderada (-1 a -2),0,1.0,False
2024,RA-1301,0.0,1,-1.0,8,Masculino,2024,Pública,Quartzo,5.6345333333,5.0,7.0,2.9166666665000003,9.502,2.51,7.5,6.0,10.0,4.0,,,,,,False,Moderada (-1 a -2),0,1.0,False
2024,RA-1302,0.0,0,0.0,8,Masculino,2024,Pública,Quartzo,5.758866666800001,10.0,4.0,5.416666667,10.002,2.51,6.25,4.996666667,4.0,4.0,,,,,,False,Adequado (≥ 0),0,0.0,False
2024,RA-1303,0.0,0,0.0,8,Feminino,2024,Pública,Topázio,8.8352,10.0,10.0,10.0,10.002,2.51,7.5,9.17,10.0,10.0,,,,,,False,Adequado (≥ 0),0,0.0,False
2024,RA-1304,0.0,2,-2.0,10,Feminino,2024,Pública,Ametista,7.085119934500001,5.0,6.0,7.9575163395,9.002,8.135,7.8125,6.493333333,6.0,6.0,,,,,,False,Moderada (-1 a -2),0,1.0,False
2024,RA-1305,0.0,1,-1.0,10,Feminino,2024,Pública,Ágata,6.685221929800001,5.0,4.75,8.710526316,8.502,2.51,7.8125,8.053333333,2.0,7.5,,,,,,False,Moderada (-1 a -2),0,1.0,False
2024,RA-1306,0.0,1,-1.0,8,Feminino,2024,Pública,Topázio,8.503033333400001,5.0,9.75,10.0,9.002,8.135,7.5,7.946666667,10.0,9.5,,,,,,False,Moderada (-1 a -2),0,1.0,False
2024,RA-702,0.0,2,-2.0,10,Feminino,2022,Pública,Ametista,7.665116666600001,5.0,9.25,9.75,9.002,2.51,7.8125,7.163333333,10.0,8.5,,,,,Topázio,False,Moderada (-1 a -2),2,1.0,False
2024,RA-725,0.0,1,-1.0,10,Masculino,2022,Pública,Ametista,7.0900771929,5.0,7.25,7.6710526315,7.502,7.51,7.5,6.773333333,7.0,7.5,,,,,Topázio,False,Moderada (-1 a -2),2,1.0,False
2024,RA-912,0.0,2,-2.0,10,Feminino,2023,Pública,Ametista,7.697103508700001,5.0,7.25,9.4736842105,9.002,7.51,8.125,6.943333333,7.0,7.5,,,,,Ametista,False,Moderada (-1 a -2),1,1.0,False
2024,RA-918,0.0,1,-1.0,8,Feminino,2023,Pública,Quartzo,5.657357017600001,5.0,2.75,8.697368421,7.918,2.51,5.9375,6.156666667,1.0,4.5,,,,,Ametista,False,Moderada (-1 a -2),1,1.0,False
2024,RA-920,0.0,1,-1.0,9,Feminino,2023,Pública,Ametista,7.7494938597,5.0,8.25,7.6710526315,9.502,7.51,7.1875,8.226666667,9.0,7.5,,,,,Ágata,False,Moderada (-1 a -2),1,1.0,False
2024,RA-1307,0.0,0,0.0,8,Masculino,2024,Pública,Ágata,6.5940333333000005,10.0,5.5,5.833333333500001,10.002,6.255,6.25,5.383333333,7.0,4.0,,,,,,False,Adequado (≥ 0),0,0.0,False
2024,RA-1308,0.0,1,-1.0,9,Feminino,2024,Pública,Ágata,6.876997101400001,5.0,6.0,7.445652174,10.002,7.51,7.5,5.933333333,8.0,4.0,,,,,,False,Moderada (-1 a -2),0,1.0,False
2024,RA-1309,0.0,0,0.0,7,Feminino,2024,Pública,Topázio,8.379199999899999,10.0,7.5,9.1666666665,9.002,7.51,7.5,8.223333333,8.0,7.0,,,,,,False,Adequado (≥ 0),0,0.0,False
2024,RA-1310,0.0,0,0.0,7,Feminino,2024,Pública,Topázio,8.3907833334,10.0,10.0,9.375,8.502,2.51,7.8125,8.166666667,10.0,10.0,,,,,,False,Adequado (≥ 0),0,0.0,False
2024,RA-1311,0.0,0,0.0,8,Masculino,2024,Pública,Ágata,6.4118666668,10.0,0.0,9.166666667,9.002,2.51,7.5,8.386666667,0.0,0.0,,,,,,False,Adequado (≥ 0),0,0.0,False
2024,RA-1312,0.0,1,-1.0,9,Masculino,2024,Pública,Ametista,7.510200000000001,5.0,6.5,8.333333333,10.002,7.51,6.25,8.336666667,8.0,5.0,,,,,,False,Moderada (-1 a -2),0,1.0,False
2024,RA-1313,0.0,0,0.0,8,Masculino,2024,Pública,Topázio,8.0155333334,10.0,6.25,8.125,9.502,7.51,7.5,8.446666667,4.0,8.5,,,,,,False,Adequado (≥ 0),0,0.0,False
2024,RA-1314,0.0,0,0.0,7,Feminino,2024,Pública,Topázio,8.239799999999999,10.0,9.0,8.541666667,7.418,7.51,7.5,7.443333333,8.0,10.0,,,,,,False,Adequado (≥ 0),0,0.0,False
2024,RA-1315,0.0,0,0.0,7,Masculino,2024,Pública,Topázio,8.3510666667,10.0,9.0,8.3333333335,6.834,7.51,7.5,8.5,10.0,8.0,,,,,,False,Adequado (≥ 0),0,0.0,False
2024,RA-921,0.0,1,-1.0,8,Feminino,2023,Pública,Ametista,7.2838203209,5.0,6.0,8.6631016045,8.502,7.51,7.5,7.5,5.0,7.0,,,,,Ametista,False,Moderada (-1 a -2),1,1.0,False
2024,RA-1316,0.0,1,-1.0,9,Feminino,2024,Pública,Ametista,7.59291123,5.0,7.75,8.20855615,9.002,7.51,7.5,7.5,9.0,6.5,,,,,,False,Moderada (-1 a -2),0,1.0,False
2024,RA-1317,0.0,1,-1.0,9,Feminino,2024,Pública,Ametista,7.665638502700001,5.0,10.0,7.0721925135,7.502,7.51,7.5,7.5,10.0,10.0,,,,,,False,Moderada (-1 a -2),0,1.0,False
2024,RA-897,0.0,1,-1.0,10,Masculino,2023,Pública,Quartzo,5.2212050505,5.0,6.0,2.7525252525,7.002,2.51,6.875,6.66,5.5,6.5,,,,,Quartzo,False,Moderada (-1 a -2),1,1.0,False
2024,RA-908,0.0,1,-1.0,9,Feminino,2023,Pública,Ágata,6.764292246,5.0,4.75,8.14171123,8.502,7.51,7.1875,6.83,3.0,6.5,,,,,Topázio,False,Moderada (-1 a -2),1,1.0,False
2024,RA-916,0.0,2,-2.0,10,Feminino,2023,Pública,Quartzo,5.5058531621,5.0,2.75,7.3320158105,8.502,2.51,6.5625,6.16,3.5,2.0,,,,,Ametista,False,Moderada (-1 a -2),1,1.0,False
2024,RA-924,0.0,1,-1.0,9,Masculino,2023,Pública,Ágata,6.4727360962,5.0,7.0,4.598930481,7.002,7.51,7.1875,7.415,7.5,6.5,,,,,Ágata,False,Moderada (-1 a -2),1,1.0,False
2024,RA-925,0.0,1,-1.0,8,Masculino,2023,Pública,Ágata,6.587019518800001,5.0,4.75,7.005347594,8.002,7.51,7.1875,7.33,3.0,6.5,,,,,Ametista,False,Moderada (-1 a -2),1,1.0,False
2024,RA-1008,0.0,1,-1.0,9,Masculino,2023,Pública,Ágata,6.8667414438000005,5.0,7.0,6.483957219,7.002,7.51,7.1875,7.5,6.5,7.5,,,,,Topázio,False,Moderada (-1 a -2),1,1.0,False
2024,RA-919,0.0,2,-2.0,10,Masculino,2023,Pública,Quartzo,5.799702673800001,5.0,5.25,4.692513369,7.002,6.255,6.875,6.49,6.5,4.0,,,,,Ágata,False,Moderada (-1 a -2),1,1.0,False
2024,RA-1318,0.0,1,-1.0,8,Feminino,2024,Pública,Ágata,6.823383155100001,5.0,5.0,7.6871657755000005,8.502,7.51,7.1875,7.33,4.0,6.0,,,,,,False,Moderada (-1 a -2),0,1.0,False
2024,RA-1003,0.0,1,-1.0,9,Masculino,2023,Pública,Ametista,7.627588888900001,5.0,8.25,8.6944444445,8.002,7.51,6.875,7.5,10.0,6.5,,,,,Ametista,False,Moderada (-1 a -2),1,1.0,False
2024,RA-1004,0.0,1,-1.0,9,Feminino,2023,Pública,Ametista,7.801200000000001,5.0,7.5,9.25,9.502,7.51,7.5,7.5,7.5,7.5,,,,,Topázio,False,Moderada (-1 a -2),1,1.0,False
2024,RA-1006,0.0,1,-1.0,9,Feminino,2023,Pública,Ametista,7.040088888900001,5.0,5.0,8.4444444445,8.502,7.51,7.5,7.5,5.0,5.0,,,,,Topázio,False,Moderada (-1 a -2),1,1.0,False
2024,RA-1319,0.0,1,-1.0,9,Masculino,2024,Pública,Ametista,7.201526797300001,5.0,8.5,5.7516339865,8.502,7.51,7.5,7.5,10.0,7.0,,,,,,False,Moderada (-1 a -2),0,1.0,False
2024,RA-858,0.0,1,-1.0,9,Masculino,2022,Pública,Ágata,6.917866666700001,5.0,8.25,6.833333333500001,9.002,2.51,7.5,7.5,10.0,6.5,,,,,Ametista,False,Moderada (-1 a -2),2,1.0,False
2024,RA-905,0.0,2,-2.0,10,Masculino,2023,Pública,Ágata,6.3925823529,5.0,3.0,7.7794117645,9.002,7.51,6.875,6.99,2.0,4.0,,,,,Ametista,False,Moderada (-1 a -2),1,1.0,False
2024,RA-907,0.0,1,-1.0,9,Feminino,2023,Privada / bolsa,Ametista,7.9400888889,5.0,8.75,8.9444444445,9.002,7.51,7.5,7.5,10.0,7.5,,,,,Topázio,False,Moderada (-1 a -2),1,1.0,False
2024,RA-1320,0.0,1,-1.0,10,Masculino,2024,Pública,Ametista,7.8845333333,5.0,8.25,9.1666666665,9.002,7.51,7.5,7.5,9.0,7.5,,,,,,False,Moderada (-1 a -2),0,1.0,False
2024,RA-909,0.0,2,-2.0,11,Feminino,2023,Pública,Ametista,7.722033333300001,5.0,8.25,8.1666666665,10.002,7.51,6.875,7.5,10.0,6.5,,,,,Topázio,False,Moderada (-1 a -2),1,1.0,False
2024,RA-729,0.0,1,-1.0,10,Feminino,2022,Pública,Ágata,6.684533333300001,5.0,6.0,8.4166666665,8.002,2.51,7.5,7.5,6.0,6.0,,,,,Ametista,False,Moderada (-1 a -2),2,1.0,False
2024,RA-1321,0.0,0,0.0,7,Masculino,2024,Pública,Ametista,7.95295,10.0,8.75,8.875,9.002,6.885,6.5625,5.915,10.0,7.5,,,,,,False,Adequado (≥ 0),0,0.0,False
2024,RA-1322,0.0,0,0.0,8,Feminino,2024,Pública,Topázio,8.47795,10.0,7.5,9.0,9.502,7.51,8.4375,8.165,8.5,6.5,,,,,,False,Adequado (≥ 0),0,0.0,False
2024,RA-1323,0.0,1,-1.0,9,Masculino,2024,Pública,Ametista,7.487366666700001,5.0,7.0,9.0833333335,10.002,7.51,6.875,6.66,10.0,4.0,,,,,,False,Moderada (-1 a -2),0,1.0,False
2024,RA-1324,0.0,1,-1.0,9,Masculino,2024,Pública,Topázio,8.332450000000001,5.0,8.5,10.0,10.002,7.51,7.8125,8.0,10.0,7.0,,,,,,False,Moderada (-1 a -2),0,1.0,False
2024,RA-931,0.0,1,-1.0,9,Masculino,2023,Pública,Ametista,7.075466666700001,5.0,8.5,8.5833333335,7.918,2.51,7.5,6.83,8.0,9.0,,,,,Ametista,False,Moderada (-1 a -2),1,1.0,False
2024,RA-1325,0.0,0,0.0,8,Masculino,2024,Pública,Topázio,8.9824954545,10.0,10.0,9.5227272725,9.002,7.51,8.4375,7.915,10.0,10.0,,,,,,False,Adequado (≥ 0),0,0.0,False
2024,RA-1326,0.0,0,0.0,8,Feminino,2024,Pública,Ametista,7.6397833333000005,10.0,4.5,9.2916666665,9.002,7.51,7.8125,7.245,0.0,9.0,,,,,,False,Adequado (≥ 0),0,0.0,False
2024,RA-1327,0.0,0,0.0,7,Feminino,2024,Pública,Topázio,8.264116666700001,10.0,7.5,9.3333333335,9.002,7.51,7.8125,7.325,10.0,5.0,,,,,,False,Adequado (≥ 0),0,0.0,False
2024,RA-1328,0.0,1,-1.0,8,Feminino,2024,Pública,Topázio,8.0588666667,5.0,10.0,8.2083333335,8.502,7.51,7.5,7.83,10.0,10.0,,,,,,False,Moderada (-1 a -2),0,1.0,False
2024,RA-1329,0.0,0,0.0,8,Masculino,2024,Pública,Ametista,7.98945,10.0,6.5,10.0,9.502,7.51,6.5625,6.66,10.0,3.0,,,,,,False,Adequado (≥ 0),0,0.0,False
2024,RA-1330,0.0,0,0.0,8,Feminino,2024,Pública,Topázio,8.944616666700002,10.0,9.5,9.3333333335,10.002,7.51,8.4375,7.915,10.0,9.0,,,,,,False,Adequado (≥ 0),0,0.0,False
2024,RA-1331,0.0,0,0.0,7,Feminino,2024,Pública,Ametista,7.8522833333,10.0,7.25,7.291666666499999,9.002,7.51,8.4375,7.245,8.0,6.5,,,,,,False,Adequado (≥ 0),0,0.0,False
2024,RA-944,0.0,2,-2.0,10,Feminino,2023,Pública,Ametista,7.8262,5.0,9.0,7.25,9.002,7.51,8.75,7.75,10.0,8.0,,,,,Ametista,False,Moderada (-1 a -2),1,1.0,False
2024,RA-1332,0.0,2,-2.0,10,Masculino,2024,Pública,Topázio,8.1040529412,5.0,8.25,9.411764706,8.502,7.51,9.375,7.665,10.0,6.5,,,,,,False,Moderada (-1 a -2),0,1.0,False
2024,RA-754,0.0,2,-2.0,11,Masculino,2022,Pública,Quartzo,5.6127,5.0,6.25,6.25,8.502,5.625,2.5,4.75,6.0,6.5,,,,,Ágata,False,Moderada (-1 a -2),2,1.0,False
2024,RA-1333,0.0,1,-1.0,9,Masculino,2024,Pública,Topázio,8.213199999999999,5.0,9.25,10.0,7.502,6.255,9.375,7.75,10.0,8.5,,,,,,False,Moderada (-1 a -2),0,1.0,False
2024,RA-934,0.0,1,-1.0,9,Feminino,2023,Pública,Topázio,8.338700000000001,5.0,8.5,9.75,9.502,7.51,9.375,7.75,10.0,7.0,,,,,Topázio,False,Moderada (-1 a -2),1,1.0,False
2024,RA-1334,0.0,1,-1.0,9,Masculino,2024,Pública,Topázio,8.350200000000001,5.0,9.0,10.0,10.002,5.625,9.375,7.75,10.0,8.0,,,,,,False,Moderada (-1 a -2),0,1.0,False
2024,RA-941,0.0,1,-1.0,9,Feminino,2023,Pública,Ametista,7.746700000000001,5.0,8.75,9.25,8.002,5.01,8.125,7.665,10.0,7.5,,,,,Ametista,False,Moderada (-1 a -2),1,1.0,False
2024,RA-756,0.0,2,-2.0,11,Masculino,2022,Pública,Ametista,7.361700000000001,5.0,5.5,8.75,10.002,7.51,8.125,7.24,10.0,1.0,,,,,Ametista,False,Moderada (-1 a -2),2,1.0,False
2024,RA-1335,0.0,2,-2.0,10,Masculino,2024,Pública,Topázio,8.3217,5.0,8.75,9.75,9.002,7.51,9.375,7.665,10.0,7.5,,,,,,False,Moderada (-1 a -2),0,1.0,False
2024,RA-773,0.0,2,-2.0,10,Feminino,2022,Pública,Ágata,6.566200000000001,5.0,5.0,8.75,10.002,2.51,7.5,6.575,8.0,2.0,,,,,Ágata,False,Moderada (-1 a -2),2,1.0,False
2024,RA-938,0.0,1,-1.0,10,Masculino,2023,Pública,Topázio,8.0056026915,5.0,7.75,9.544513457499999,9.502,7.51,8.125,7.665,10.0,5.5,,,,,Ágata,False,Moderada (-1 a -2),1,1.0,False
2024,RA-1336,0.0,1,-1.0,8,Feminino,2024,Pública,Ametista,7.141365631500001,5.0,9.5,6.2008281575,9.502,2.51,7.5,7.75,10.0,9.0,,,,,,False,Moderada (-1 a -2),0,1.0,False
2024,RA-1337,0.0,2,-2.0,10,Masculino,2024,Pública,Ágata,6.015144444400001,5.0,6.0,4.722222222,8.002,7.51,6.875,5.66,6.0,6.0,,,,,,False,Moderada (-1 a -2),0,1.0,False
2024,RA-1338,0.0,1,-1.0,8,Masculino,2024,Pública,Ágata,6.1368428571,5.0,3.0,8.6607142855,8.002,7.51,6.875,5.33,2.0,4.0,,,,,,False,Moderada (-1 a -2),0,1.0,False
2024,RA-1339,0.0,1,-1.0,8,Feminino,2024,Pública,Ametista,7.3547,5.0,8.75,10.0,8.502,6.885,5.0,5.33,10.0,7.5,,,,,,False,Moderada (-1 a -2),0,1.0,False
2024,RA-1340,0.0,0,0.0,8,Feminino,2024,Pública,Topázio,8.3422714286,10.0,10.0,8.392857143,9.502,7.51,5.625,7.0,10.0,10.0,,,,,,False,Adequado (≥ 0),0,0.0,False
2024,RA-1341,0.0,1,-1.0,9,Masculino,2024,Pública,Ametista,7.862906349200001,5.0,10.0,9.246031746,10.002,7.51,5.625,6.0,10.0,10.0,,,,,,False,Moderada (-1 a -2),0,1.0,False
2024,RA-947,0.0,1,-1.0,9,Masculino,2023,Pública,Ágata,6.053509523800001,5.0,4.5,7.619047619,9.002,7.51,5.625,4.58,4.0,5.0,,,,,Ágata,False,Moderada (-1 a -2),1,1.0,False
2024,RA-1342,0.0,1,-1.0,8,Masculino,2024,Pública,Ametista,7.8185809524000005,5.0,9.0,9.761904762,9.502,7.51,7.5,5.575,10.0,8.0,,,,,,False,Moderada (-1 a -2),0,1.0,False
2024,RA-1343,0.0,0,0.0,7,Feminino,2024,Pública,Topázio,8.8262,10.0,9.75,10.0,8.002,7.51,6.25,8.5,10.0,9.5,,,,,,False,Adequado (≥ 0),0,0.0,False
2024,RA-1344,0.0,0,0.0,8,Feminino,2024,Pública,Topázio,9.3612,10.0,10.0,10.0,8.502,7.51,8.75,9.425,10.0,10.0,,,,,,False,Adequado (≥ 0),0,0.0,False
2024,RA-945,0.0,1,-1.0,9,Masculino,2023,Pública,Ametista,7.4195809524000005,5.0,8.75,9.511904762,9.002,2.51,7.5,6.83,10.0,7.5,,,,,Topázio,False,Moderada (-1 a -2),1,1.0,False
2024,RA-946,0.0,1,-1.0,8,Masculino,2023,Pública,Ágata,6.677723809500001,5.0,4.5,8.7976190475,9.502,2.51,7.5,7.835,3.0,6.0,,,,,Topázio,False,Moderada (-1 a -2),1,1.0,False
2024,RA-1345,0.0,1,-1.0,9,Masculino,2023,Pública,Ametista,7.2340128655000004,5.0,6.25,9.4590643275,8.502,7.51,6.25,6.83,6.0,6.5,,,,,,False,Moderada (-1 a -2),1,1.0,False
2024,RA-771,0.0,1,-1.0,9,Feminino,2022,Pública,Ágata,6.066009523800001,5.0,6.5,6.619047619,8.502,3.135,5.625,6.08,6.5,6.5,,,,,Ametista,False,Moderada (-1 a -2),2,1.0,False
2024,RA-1346,0.0,0,0.0,8,Masculino,2024,Pública,Ametista,7.3701047619,10.0,5.5,8.0595238095,9.502,7.51,6.25,6.66,5.0,6.0,,,,,,False,Adequado (≥ 0),0,0.0,False
2024,RA-1347,0.0,1,-1.0,9,Masculino,2024,Pública,Ágata,6.153842857100001,5.0,5.0,8.7857142855,8.502,2.51,5.625,6.165,5.0,5.0,,,,,,False,Moderada (-1 a -2),0,1.0,False
2024,RA-949,0.0,1,-1.0,9,Feminino,2023,Pública,Ametista,7.1323428571,5.0,6.5,8.7857142855,9.002,7.51,6.25,6.495,6.0,7.0,,,,,Topázio,False,Moderada (-1 a -2),1,1.0,False
2024,RA-950,0.0,1,-1.0,9,Feminino,2023,Pública,Ametista,7.693461904800001,5.0,7.0,9.023809524,9.502,7.51,6.875,8.0,7.5,6.5,,,,,Topázio,False,Moderada (-1 a -2),1,1.0,False
2024,RA-951,0.0,1,-1.0,8,Feminino,2023,Privada / bolsa,Ágata,6.4483428571,5.0,4.0,9.0357142855,10.002,2.51,6.25,7.325,5.0,3.0,,,,,Topázio,False,Moderada (-1 a -2),1,1.0,False
2024,RA-1002,0.0,1,-1.0,10,Feminino,2023,Pública,Ametista,7.967866666700001,5.0,9.25,7.833333333500001,9.002,7.51,7.5,8.25,10.0,8.5,,,,,Ametista,False,Moderada (-1 a -2),1,1.0,False
2024,RA-774,0.0,1,-1.0,10,Feminino,2022,Pública,Quartzo,5.685771428600001,5.0,3.75,6.3928571430000005,10.002,2.51,6.25,6.405,2.0,5.5,,,,,Quartzo,False,Moderada (-1 a -2),2,1.0,False
2024,RA-749,0.0,2,-2.0,10,Masculino,2022,Pública,Topázio,8.3373184211,5.0,8.75,9.7368421055,9.502,8.13,8.4375,7.665,10.0,7.5,,,,,Ametista,False,Moderada (-1 a -2),2,1.0,False
2024,RA-929,0.0,1,-1.0,9,Feminino,2023,Pública,Ametista,7.7244368421,5.0,6.75,9.4736842105,9.002,7.51,8.125,7.58,7.0,6.5,,,,,Topázio,False,Moderada (-1 a -2),1,1.0,False
2024,RA-930,0.0,1,-1.0,9,Masculino,2023,Pública,Ametista,7.9298184211,5.0,8.0,9.7368421055,8.502,7.51,7.8125,7.5,8.0,8.0,,,,,Topázio,False,Moderada (-1 a -2),1,1.0,False
2024,RA-787,0.0,1,-1.0,10,Masculino,2022,Pública,Ametista,7.73495,5.0,7.25,9.75,9.002,7.51,7.1875,7.325,10.0,4.5,,,,,Ametista,False,Moderada (-1 a -2),2,1.0,False
2024,RA-1348,0.0,1,-1.0,8,Masculino,2024,Pública,Ametista,7.9604662539,5.0,9.0,8.5913312695,7.502,7.51,8.75,7.83,10.0,8.0,,,,,,False,Moderada (-1 a -2),0,1.0,False
2024,RA-935,0.0,1,-1.0,10,Masculino,2023,Pública,Topázio,8.3422,5.0,8.5,10.0,9.502,7.51,8.75,7.83,10.0,7.0,,,,,Ametista,False,Moderada (-1 a -2),1,1.0,False
2024,RA-1349,0.0,1,-1.0,10,Masculino,2024,Pública,Ametista,7.855727777800001,5.0,8.5,8.388888889,8.002,7.51,8.4375,7.915,10.0,7.0,,,,,,False,Moderada (-1 a -2),0,1.0,False
2024,RA-937,0.0,1,-1.0,9,Feminino,2023,Pública,Topázio,8.3792,5.0,7.5,10.0,10.002,9.38,8.75,7.83,8.0,7.0,,,,,Topázio,False,Moderada (-1 a -2),1,1.0,False
2024,RA-1350,0.0,2,-2.0,10,Feminino,2024,Pública,Topázio,8.335450000000002,5.0,8.5,10.0,8.502,8.755,8.4375,7.83,10.0,7.0,,,,,,False,Moderada (-1 a -2),0,1.0,False
2024,RA-1351,0.0,1,-1.0,9,Masculino,2024,Pública,Topázio,8.1861038462,5.0,8.75,9.230769231,9.002,8.13,8.4375,7.665,10.0,7.5,,,,,,False,Moderada (-1 a -2),0,1.0,False
2024,RA-959,0.0,1,-1.0,9,Masculino,2023,Pública,Topázio,8.379818421100001,5.0,9.5,9.7368421055,10.002,7.51,7.8125,7.5,10.0,9.0,,,,,Topázio,False,Moderada (-1 a -2),1,1.0,False
2024,RA-1352,0.0,1,-1.0,9,Masculino,2024,Pública,Topázio,8.289950000000001,5.0,8.5,9.5,10.002,8.13,8.4375,7.665,8.0,9.0,,,,,,False,Moderada (-1 a -2),0,1.0,False
2024,RA-1353,0.0,1,-1.0,10,Feminino,2024,Pública,Ágata,6.454700000000001,5.0,3.0,9.5,8.002,7.51,6.875,6.08,3.5,2.5,,,,,,False,Moderada (-1 a -2),0,1.0,False
2024,RA-1354,0.0,1,-1.0,10,Feminino,2024,Pública,Ametista,7.353427272700001,5.0,6.0,8.3636363635,9.502,7.51,8.125,7.335,6.5,5.5,,,,,,False,Moderada (-1 a -2),0,1.0,False
2024,RA-979,0.0,1,-1.0,9,Masculino,2023,Pública,Topázio,8.0352454545,5.0,8.25,9.5227272725,9.502,7.51,8.125,7.335,9.5,7.0,,,,,Topázio,False,Moderada (-1 a -2),1,1.0,False
2024,RA-1355,0.0,1,-1.0,10,Masculino,2024,Pública,Ametista,7.202245454500001,5.0,7.0,6.5227272725,10.002,7.51,8.125,7.17,8.0,6.0,,,,,,False,Moderada (-1 a -2),0,1.0,False
2024,RA-971,0.0,1,-1.0,9,Masculino,2023,Pública,Ágata,6.8916181818,5.0,6.75,7.909090909,7.418,7.51,7.5,6.085,8.5,5.0,,,,,Ametista,False,Moderada (-1 a -2),1,1.0,False
2024,RA-972,0.0,1,-1.0,9,Masculino,2023,Pública,Ametista,7.537472727300001,5.0,6.75,8.3863636365,9.502,7.51,8.75,7.17,8.0,5.5,,,,,Ametista,False,Moderada (-1 a -2),1,1.0,False
2024,RA-965,0.0,2,-2.0,10,Feminino,2023,Pública,Ágata,6.1376545455,5.0,2.25,6.4772727275,9.002,7.51,8.75,6.83,2.0,2.5,,,,,Ágata,False,Moderada (-1 a -2),1,1.0,False
2024,RA-973,0.0,2,-2.0,10,Masculino,2023,Pública,Ágata,6.9318363636,5.0,3.75,9.318181818,10.002,7.51,7.5,6.585,6.5,1.0,,,,,Quartzo,False,Moderada (-1 a -2),1,1.0,False
2024,RA-1356,0.0,0,0.0,8,Feminino,2024,Pública,Ametista,7.8695888889,10.0,5.5,9.4444444445,9.002,7.51,8.125,7.085,5.5,5.5,,,,,,False,Adequado (≥ 0),0,0.0,False
2024,RA-966,0.0,2,-2.0,10,Masculino,2023,Pública,Ametista,7.9943363636,5.0,9.0,8.568181818,9.502,7.51,8.125,7.335,9.5,8.5,,,,,Ametista,False,Moderada (-1 a -2),1,1.0,False
2024,RA-1357,0.0,1,-1.0,9,Masculino,2024,Pública,Ametista,7.1807,5.0,6.75,7.5,8.002,7.51,8.125,7.335,8.0,5.5,,,,,,False,Moderada (-1 a -2),0,1.0,False
2024,RA-969,0.0,1,-1.0,9,Masculino,2023,Pública,Ametista,7.453427272700001,5.0,7.25,7.8636363634999995,9.002,7.51,8.125,7.335,9.0,5.5,,,,,Ametista,False,Moderada (-1 a -2),1,1.0,False
2024,RA-1358,0.0,0,0.0,7,Feminino,2024,Pública,Ágata,6.552990476200001,10.0,4.0,7.380952381,9.168,5.01,6.25,6.17,4.0,4.0,,,,,,False,Adequado (≥ 0),0,0.0,False
2024,RA-1359,0.0,0,0.0,7,Feminino,2024,Pública,Ametista,7.2102,10.0,6.0,9.0,8.502,5.635,5.625,6.17,4.0,8.0,,,,,,False,Adequado (≥ 0),0,0.0,False
2024,RA-1360,0.0,0,0.0,8,Masculino,2024,Pública,Ágata,6.8480623189,10.0,5.0,7.0018115945,8.502,7.51,5.625,6.42,0.0,10.0,,,,,,False,Adequado (≥ 0),0,0.0,False
2024,RA-1361,0.0,0,0.0,8,Feminino,2024,Pública,Topázio,8.738700000000001,10.0,10.0,9.375,9.502,5.635,7.5,8.0,10.0,10.0,,,,,,False,Adequado (≥ 0),0,0.0,False
2024,RA-975,0.0,1,-1.0,8,Feminino,2023,Pública,Ametista,7.1463666667000005,5.0,8.0,7.708333333500001,8.502,5.01,6.875,7.33,8.0,8.0,,,,,Ametista,False,Moderada (-1 a -2),1,1.0,False
2024,RA-1362,0.0,0,0.0,7,Masculino,2024,Pública,Ametista,7.709200000000001,10.0,8.5,6.875,10.002,5.635,6.875,6.915,8.0,9.0,,,,,,False,Adequado (≥ 0),0,0.0,False
2024,RA-977,0.0,1,-1.0,8,Feminino,2023,Pública,Ametista,7.188033333300001,5.0,7.0,7.291666666499999,10.002,6.26,6.875,7.58,5.0,9.0,,,,,Ametista,False,Moderada (-1 a -2),1,1.0,False
2024,RA-1363,0.0,0,0.0,7,Feminino,2024,Pública,Ametista,7.690800000000001,10.0,6.5,10.0,7.418,5.635,6.875,6.99,6.5,6.5,,,,,,False,Adequado (≥ 0),0,0.0,False
2024,RA-981,0.0,1,-1.0,8,Feminino,2023,Pública,Ágata,6.6513739130000005,5.0,6.0,7.010869565,9.002,6.26,6.25,6.99,6.0,6.0,,,,,Ametista,False,Moderada (-1 a -2),1,1.0,False
2024,RA-1364,0.0,1,-1.0,9,Masculino,2024,Pública,Ametista,7.570033333300001,5.0,8.75,8.4166666665,8.002,7.51,6.875,6.99,9.5,8.0,,,,,,False,Moderada (-1 a -2),0,1.0,False
2024,RA-1365,0.0,1,-1.0,9,Masculino,2024,Pública,Ametista,7.3700333333,5.0,6.5,9.7916666665,9.002,6.26,6.875,6.99,5.5,7.5,,,,,,False,Moderada (-1 a -2),0,1.0,False
2024,RA-1366,0.0,1,-1.0,8,Feminino,2024,Pública,Ágata,6.919852173900001,5.0,6.5,6.6032608695,9.002,7.51,7.5,6.99,6.5,6.5,,,,,,False,Moderada (-1 a -2),0,1.0,False
2024,RA-974,0.0,1,-1.0,8,Masculino,2023,Pública,Ametista,7.6077217391,5.0,6.5,9.282608695499999,9.502,7.51,7.5,7.5,6.0,7.0,,,,,Topázio,False,Moderada (-1 a -2),1,1.0,False
2024,RA-1367,0.0,0,0.0,8,Feminino,2024,Pública,Topázio,8.427286956500001,10.0,8.75,8.3804347825,10.002,7.51,7.5,7.5,9.0,8.5,,,,,,False,Adequado (≥ 0),0,0.0,False
2024,RA-1368,0.0,0,0.0,8,Masculino,2024,Pública,Topázio,8.6012,10.0,9.5,10.0,7.002,7.51,7.5,7.5,10.0,9.0,,,,,,False,Adequado (≥ 0),0,0.0,False
2024,RA-1369,0.0,0,0.0,7,Feminino,2024,Pública,Topázio,8.052286956500001,10.0,8.0,8.6304347825,8.502,6.26,7.5,7.5,8.0,8.0,,,,,,False,Adequado (≥ 0),0,0.0,False
2024,RA-978,0.0,1,-1.0,8,Feminino,2023,Pública,Ametista,7.4637,5.0,6.5,9.5,9.502,6.26,6.875,7.5,6.0,7.0,,,,,Topázio,False,Moderada (-1 a -2),1,1.0,False
2024,RA-1370,0.0,1,-1.0,9,Masculino,2024,Pública,Topázio,8.0456444444,5.0,9.0,8.722222222,10.002,7.51,7.5,7.5,10.0,8.0,,,,,,False,Moderada (-1 a -2),0,1.0,False
2024,RA-1371,0.0,1,-1.0,11,Feminino,2024,Pública,Ágata,6.4843521739,5.0,4.5,6.9782608695,7.502,7.51,6.875,7.5,3.0,6.0,,,,,,False,Moderada (-1 a -2),0,1.0,False
2024,RA-1372,0.0,0,0.0,8,Feminino,2024,Pública,Ametista,7.9632000000000005,10.0,4.75,10.0,9.502,8.13,7.5,7.5,3.0,6.5,,,,,,False,Adequado (≥ 0),0,0.0,False
2024,RA-1373,0.0,1,-1.0,9,Feminino,2024,Pública,Ametista,7.577286956500001,5.0,6.75,8.8804347825,9.502,7.51,7.5,7.5,6.0,7.5,,,,,,False,Moderada (-1 a -2),0,1.0,False
2024,RA-1374,0.0,1,-1.0,9,Masculino,2024,Pública,Ametista,7.3707652174,5.0,5.25,9.347826087,9.502,7.51,7.5,7.5,5.0,5.5,,,,,,False,Moderada (-1 a -2),0,1.0,False
2024,RA-1375,0.0,1,-1.0,9,Masculino,2024,Pública,Topázio,8.101200000000002,5.0,8.25,10.0,9.502,7.51,7.5,7.5,10.0,6.5,,,,,,False,Moderada (-1 a -2),0,1.0,False
2024,RA-1376,0.0,1,-1.0,9,Masculino,2024,Pública,Topázio,8.2742769231,5.0,9.75,9.6153846155,9.002,7.51,7.5,7.5,10.0,9.5,,,,,,False,Moderada (-1 a -2),0,1.0,False
2024,RA-994,0.0,1,-1.0,9,Feminino,2023,Pública,Ametista,7.7982217391,5.0,8.25,9.532608695499999,9.002,6.88,6.875,7.33,10.0,6.5,,,,,Ametista,False,Moderada (-1 a -2),1,1.0,False
2024,RA-1377,0.0,0,0.0,8,Masculino,2024,Pública,Ametista,7.8987,10.0,5.5,10.0,9.002,8.13,6.875,6.99,5.0,6.0,,,,,,False,Adequado (≥ 0),0,0.0,False
2024,RA-1378,0.0,1,-1.0,10,Feminino,2024,Pública,Ametista,7.6703428571,5.0,6.75,9.2857142855,9.002,8.13,7.5,7.5,7.5,6.0,,,,,,False,Moderada (-1 a -2),0,1.0,False
2024,RA-1379,0.0,1,-1.0,8,Masculino,2024,Pública,Ágata,6.638292105300001,5.0,7.25,8.6842105265,9.502,3.755,5.9375,5.16,8.5,6.0,,,,,,False,Moderada (-1 a -2),0,1.0,False
2024,RA-1380,0.0,0,0.0,8,Masculino,2024,Pública,Ametista,7.964342230600001,10.0,8.0,8.784461152999999,9.502,4.385,7.1875,7.5,10.0,6.0,,,,,,False,Adequado (≥ 0),0,0.0,False
2024,RA-770,0.0,1,-1.0,9,Masculino,2022,Pública,Ametista,7.3057112782,5.0,5.0,9.022556391,10.002,7.51,7.5,7.5,4.0,6.0,,,,,Ágata,False,Moderada (-1 a -2),2,1.0,False
2024,RA-1381,0.0,0,0.0,8,Feminino,2024,Pública,Topázio,9.038200000000002,10.0,9.5,10.0,9.502,8.13,8.75,7.5,10.0,9.0,,,,,,False,Adequado (≥ 0),0,0.0,False
2024,RA-1382,0.0,1,-1.0,9,Feminino,2024,Pública,Ametista,7.834830952400001,5.0,7.5,9.761904762,8.502,7.51,7.8125,7.5,8.0,7.0,,,,,,False,Moderada (-1 a -2),0,1.0,False
2024,RA-1383,0.0,0,0.0,8,Feminino,2024,Pública,Topázio,8.3720803259,10.0,8.5,9.2606516295,8.502,7.51,7.1875,7.5,10.0,7.0,,,,,,False,Adequado (≥ 0),0,0.0,False
2024,RA-1384,0.0,2,-2.0,10,Masculino,2024,Pública,Ágata,6.221984461100001,5.0,5.0,7.5689223055,8.002,7.51,6.25,5.16,5.0,5.0,,,,,,False,Moderada (-1 a -2),0,1.0,False
2024,RA-1385,0.0,1,-1.0,8,Masculino,2024,Pública,Ametista,7.7262,5.0,8.0,10.0,10.002,4.385,6.875,7.5,9.0,7.0,,,,,,False,Moderada (-1 a -2),0,1.0,False
2024,RA-1386,0.0,1,-1.0,8,Feminino,2024,Pública,Ametista,7.803580952400001,5.0,7.25,9.761904762,9.002,7.51,7.5,7.5,8.5,6.0,,,,,,False,Moderada (-1 a -2),0,1.0,False
2024,RA-1387,0.0,1,-1.0,8,Feminino,2024,Pública,Ametista,7.8030796992,5.0,8.0,8.759398496,9.502,7.51,7.5,7.5,9.0,7.0,,,,,,False,Moderada (-1 a -2),0,1.0,False
2024,RA-1388,0.0,1,-1.0,8,Feminino,2024,Pública,Ametista,7.015057142799999,5.0,5.0,8.214285713999999,9.002,6.88,7.5,7.67,4.0,6.0,,,,,,False,Moderada (-1 a -2),0,1.0,False
2024,RA-1389,0.0,0,0.0,7,Feminino,2024,Pública,Topázio,8.980533333299999,10.0,10.0,9.7916666665,9.002,6.88,7.5,8.42,10.0,10.0,,,,,,False,Adequado (≥ 0),0,0.0,False
2024,RA-1390,0.0,0,0.0,7,Feminino,2024,Pública,Topázio,8.4930333333,10.0,8.25,9.7916666665,9.502,5.005,7.5,8.42,8.0,8.5,,,,,,False,Adequado (≥ 0),0,0.0,False
2024,RA-1391,0.0,0,0.0,7,Masculino,2024,Pública,Topázio,8.8435333333,10.0,10.0,9.2916666665,8.502,7.51,7.5,8.17,10.0,10.0,,,,,,False,Adequado (≥ 0),0,0.0,False
2024,RA-1392,0.0,1,-1.0,9,Masculino,2024,Pública,Quartzo,5.4262,5.0,0.0,5.625,9.002,7.51,7.5,7.0,0.0,0.0,,,,,,False,Moderada (-1 a -2),0,1.0,False
2024,RA-1393,0.0,0,0.0,7,Feminino,2024,Pública,Ametista,7.2597000000000005,10.0,5.0,7.5,9.502,3.755,7.5,8.42,10.0,0.0,,,,,,False,Adequado (≥ 0),0,0.0,False
2024,RA-990,1.0,2,-1.0,10,Masculino,2023,Pública,Ametista,7.812283333400001,5.0,8.0,7.5,9.502,7.51,8.4375,8.336666667,9.5,6.5,,,,,Ametista,False,Moderada (-1 a -2),1,1.0,False
2024,RA-1394,1.0,2,-1.0,10,Feminino,2024,Pública,Ametista,7.503255555500002,5.0,5.75,8.6944444445,9.502,7.51,8.125,8.003333333,5.5,6.0,,,,,,False,Moderada (-1 a -2),0,1.0,False
2024,RA-991,1.0,2,-1.0,10,Feminino,2023,Pública,Ametista,7.057230303000001,5.0,6.5,8.181818182,9.002,6.26,7.5,6.723333333,7.0,6.0,,,,,Ametista,False,Moderada (-1 a -2),1,1.0,False
2024,RA-1018,1.0,2,-1.0,10,Masculino,2023,Pública,Ametista,7.7054045454,5.0,8.25,7.727272727,8.502,6.26,8.4375,8.45,8.5,8.0,,,,,Ágata,False,Moderada (-1 a -2),1,1.0,False
2024,RA-1395,1.0,1,0.0,9,Feminino,2024,Pública,Topázio,8.5997833334,10.0,7.75,10.0,9.502,7.51,7.8125,7.836666667,7.5,8.0,,,,,,False,Adequado (≥ 0),0,0.0,False
2024,RA-1396,1.0,2,-1.0,11,Feminino,2024,Pública,Ametista,7.8477,5.0,6.5,10.0,9.502,7.51,8.125,7.67,6.0,7.0,,,,,,False,Moderada (-1 a -2),0,1.0,False
2024,RA-1025,1.0,2,-1.0,10,Masculino,2023,Pública,Ametista,7.897071212,5.0,9.0,7.727272727,9.002,7.51,8.4375,7.783333333,10.0,8.0,,,,,Topázio,False,Moderada (-1 a -2),1,1.0,False
2024,RA-1019,1.0,1,0.0,9,Feminino,2023,Pública,Topázio,8.692255194900001,10.0,8.75,9.3073593075,9.502,6.26,7.8125,8.616666667,9.5,8.0,,,,,Ametista,False,Adequado (≥ 0),1,0.0,False
2024,RA-879,1.0,2,-1.0,10,Feminino,2023,Pública,Topázio,8.1096318182,5.0,8.5,9.090909091,9.502,6.26,7.8125,8.67,8.0,9.0,,,,,Ágata,False,Moderada (-1 a -2),1,1.0,False
2024,RA-1020,1.0,1,0.0,10,Feminino,2023,Pública,Topázio,8.9544954545,10.0,9.0,9.7727272725,9.002,6.88,8.4375,8.84,10.0,8.0,,,,,Ametista,False,Adequado (≥ 0),1,0.0,False
2024,RA-1021,1.0,2,-1.0,10,Masculino,2023,Pública,Topázio,8.0985863636,5.0,8.0,9.318181818,9.502,7.51,8.4375,7.95,9.0,7.0,,,,,Ágata,False,Moderada (-1 a -2),1,1.0,False
2024,RA-1022,1.0,2,-1.0,10,Masculino,2023,Pública,Ametista,7.613169697000002,5.0,6.5,9.318181818,9.502,6.26,7.5,8.116666667,5.5,7.5,,,,,Ametista,False,Moderada (-1 a -2),1,1.0,False
2024,RA-1397,1.0,2,-1.0,10,Feminino,2024,Pública,Ametista,7.8280333334000005,5.0,7.0,10.0,9.002,6.26,8.125,7.946666667,7.0,7.0,,,,,,False,Moderada (-1 a -2),0,1.0,False
2024,RA-699,1.0,2,-1.0,11,Masculino,2022,Pública,Ágata,6.427771212000001,5.0,6.5,7.727272727000001,6.334,6.26,6.5625,5.833333333,7.0,6.0,,,,,Ágata,False,Moderada (-1 a -2),2,1.0,False
2024,RA-1398,1.0,2,-1.0,11,Feminino,2024,Pública,Ametista,7.989700527000001,5.0,8.0,9.555335968,6.918,7.51,8.125,8.616666667,8.0,8.0,,,,,,False,Moderada (-1 a -2),0,1.0,False
2024,RA-871,1.0,1,0.0,10,Masculino,2023,Pública,Ametista,7.2917293147999995,10.0,7.25,9.328063240999999,8.502,4.38,5.3125,5.783333333,6.0,8.5,,,,,Ágata,False,Adequado (≥ 0),1,0.0,False
2024,RA-1399,1.0,2,-1.0,11,Feminino,2024,Pública,Ametista,7.438578787899999,5.0,6.0,9.7727272725,9.002,5.005,7.5,8.166666667,6.0,6.0,,,,,,False,Moderada (-1 a -2),0,1.0,False
2024,RA-873,1.0,3,-2.0,12,Feminino,2023,Pública,Ametista,7.61095,5.0,6.75,10.0,8.002,6.88,7.1875,7.77,7.0,6.5,,,,,Ametista,False,Moderada (-1 a -2),1,1.0,False
2024,RA-898,1.0,2,-1.0,10,Masculino,2023,Pública,Ametista,7.8661333334000005,5.0,7.5,10.0,6.418,7.51,7.5,8.616666667,9.0,6.0,,,,,Topázio,False,Moderada (-1 a -2),1,1.0,False
2024,RA-750,1.0,3,-2.0,12,Masculino,2021,Pública,Quartzo,4.542230369,5.0,3.75,5.938735178,6.249,4.38,4.0625,3.176666667,0.5,7.0,,,,,Quartzo,False,Moderada (-1 a -2),3,1.0,False
2024,RA-899,1.0,1,0.0,9,Masculino,2023,Pública,Topázio,8.425024769300002,10.0,8.25,9.1007905135,10.002,5.635,8.125,7.893333333,8.0,8.5,,,,,Topázio,False,Adequado (≥ 0),1,0.0,False
2024,RA-878,1.0,2,-1.0,11,Masculino,2023,Pública,Ágata,6.5335560606000005,5.0,6.75,6.1363636360000005,9.002,4.38,7.1875,6.996666667,6.0,7.5,,,,,Ágata,False,Moderada (-1 a -2),1,1.0,False
2024,RA-893,1.0,1,0.0,10,Masculino,2023,Pública,Topázio,8.8910333334,10.0,9.25,10.0,9.002,7.51,8.125,7.886666667,10.0,8.5,,,,,Topázio,False,Adequado (≥ 0),1,0.0,False
2024,RA-1024,1.0,2,-1.0,11,Feminino,2023,Pública,Topázio,8.6516166666,5.0,10.0,10.0,8.002,7.51,8.4375,8.783333333,10.0,10.0,,,,,Ametista,False,Moderada (-1 a -2),1,1.0,False
2024,RA-900,1.0,1,0.0,9,Feminino,2023,Pública,Topázio,8.802003030200002,10.0,8.5,9.318181818,9.002,8.13,8.125,8.563333333,8.0,9.0,,,,,Topázio,False,Adequado (≥ 0),1,0.0,False
2024,RA-903,1.0,1,0.0,9,Feminino,2023,Pública,Topázio,8.0758287879,10.0,5.0,9.7727272725,10.002,7.505,7.8125,7.946666667,6.0,4.0,,,,,Topázio,False,Adequado (≥ 0),1,0.0,False
2024,RA-1400,1.0,1,0.0,9,Masculino,2024,Pública,Ametista,7.622839525700001,10.0,7.25,6.6501976285,8.418,7.51,7.5,7.5,6.5,8.0,,,,,,False,Adequado (≥ 0),0,0.0,False
2024,RA-851,1.0,2,-1.0,10,Masculino,2022,Pública,Ágata,6.2114602109,5.0,6.0,7.3221343875,9.002,5.63,5.625,5.106666667,5.0,7.0,,,,,Ágata,False,Moderada (-1 a -2),2,1.0,False
2024,RA-1028,1.0,3,-2.0,12,Masculino,2023,Pública,Ametista,7.1404338602,5.0,7.5,7.055335968,8.002,5.63,6.875,8.393333333,6.0,9.0,,,,,Ágata,False,Moderada (-1 a -2),1,1.0,False
2024,RA-922,1.0,1,0.0,9,Feminino,2023,Pública,Topázio,8.5209954545,10.0,7.75,9.5227272725,9.002,7.51,7.8125,8.17,7.5,8.0,,,,,Topázio,False,Adequado (≥ 0),1,0.0,False
2024,RA-684,1.0,1,0.0,9,Masculino,2022,Privada / bolsa,Ametista,7.769381818200001,10.0,4.25,9.090909091,10.002,7.51,7.5,8.0,2.5,6.0,,,,,Ametista,False,Adequado (≥ 0),2,0.0,False
2024,RA-1031,1.0,2,-1.0,11,Masculino,2023,Pública,Ágata,6.8757227273,5.0,6.25,8.6363636365,9.502,7.51,5.3125,5.83,5.5,7.0,,,,,Ametista,False,Moderada (-1 a -2),1,1.0,False
2024,RA-892,1.0,1,0.0,9,Masculino,2023,Pública,Topázio,8.697700000000001,10.0,8.75,10.0,8.002,7.51,8.125,7.92,10.0,7.5,,,,,Topázio,False,Adequado (≥ 0),1,0.0,False
2024,RA-1029,1.0,2,-1.0,10,Feminino,2023,Pública,Ametista,7.797790909100001,5.0,8.75,8.7954545455,9.002,6.885,7.5,7.25,8.0,9.5,,,,,Ametista,False,Moderada (-1 a -2),1,1.0,False
2024,RA-1032,1.0,2,-1.0,11,Masculino,2023,Pública,Topázio,8.01645,5.0,8.0,9.75,8.502,7.51,7.8125,7.92,9.0,7.0,,,,,Ametista,False,Moderada (-1 a -2),1,1.0,False
2024,RA-894,1.0,2,-1.0,10,Feminino,2023,Pública,Topázio,8.67895,5.0,9.5,10.0,10.002,7.51,8.4375,8.42,9.0,10.0,,,,,Topázio,False,Moderada (-1 a -2),1,1.0,False
2024,RA-1401,1.0,3,-2.0,13,Masculino,2024,Pública,Topázio,8.1188277778,5.0,10.0,8.888888889,6.918,7.51,7.8125,8.085,10.0,10.0,,,,,,False,Moderada (-1 a -2),0,1.0,False
2024,RA-896,1.0,1,0.0,8,Masculino,2023,Pública,Topázio,8.2852454545,10.0,6.5,9.7727272725,8.502,7.51,8.125,8.085,6.5,6.5,,,,,Topázio,False,Adequado (≥ 0),1,0.0,False
2024,RA-693,1.0,1,0.0,9,Feminino,2022,Pública,Topázio,8.9079954545,10.0,8.0,9.5227272725,10.002,9.38,7.8125,8.42,8.0,8.0,,,,,Topázio,False,Adequado (≥ 0),2,0.0,False
2024,RA-743,1.0,2,-1.0,11,Feminino,2022,Pública,Ametista,7.655745454500001,5.0,7.0,9.2727272725,9.002,7.51,7.5,7.5,6.5,7.5,,,,,Ágata,False,Moderada (-1 a -2),2,1.0,False
2024,RA-681,1.0,2,-1.0,11,Masculino,2022,Privada / bolsa,Ágata,6.0398818182000005,5.0,2.5,7.840909091,9.502,6.26,5.625,6.665,5.0,0.0,,,,,Ágata,False,Moderada (-1 a -2),2,1.0,False
2024,RA-1035,1.0,2,-1.0,10,Masculino,2023,Pública,Ametista,7.833495454500001,5.0,7.0,9.0227272725,9.502,7.51,8.4375,7.92,6.5,7.5,,,,,Ágata,False,Moderada (-1 a -2),1,1.0,False
2024,RA-850,1.0,2,-1.0,10,Masculino,2022,Pública,Ametista,7.864245454500001,5.0,7.75,9.2727272725,10.002,6.255,7.5,7.92,6.0,9.5,,,,,Ágata,False,Moderada (-1 a -2),2,1.0,False
2024,RA-1402,1.0,1,0.0,10,Feminino,2024,Pública,Topázio,8.588040909100002,10.0,7.25,9.5454545455,10.002,7.51,8.4375,8.17,7.0,7.5,,,,,,False,Adequado (≥ 0),0,0.0,False
2024,RA-1403,1.0,2,-1.0,11,Feminino,2024,Pública,Topázio,8.257421861500001,5.0,8.75,9.3073593075,9.002,7.51,8.4375,8.255,7.5,10.0,,,,,,False,Moderada (-1 a -2),0,1.0,False
2024,RA-1404,1.0,1,0.0,9,Feminino,2024,Pública,Topázio,8.3971318182,10.0,7.5,9.090909091,8.502,7.51,8.4375,8.17,6.0,9.0,,,,,,False,Adequado (≥ 0),0,0.0,False
2024,RA-923,1.0,1,0.0,9,Feminino,2023,Pública,Ametista,7.688609090900001,10.0,5.5,7.9545454545,8.002,7.51,8.125,8.17,5.0,6.0,,,,,Topázio,False,Adequado (≥ 0),1,0.0,False
2024,RA-847,1.0,2,-1.0,11,Masculino,2022,Pública,Quartzo,5.009290909100001,5.0,1.0,4.5454545455,9.002,5.01,7.5,6.245,0.0,2.0,,,,,Ágata,False,Moderada (-1 a -2),2,1.0,False
2024,RA-1405,1.0,1,0.0,10,Feminino,2024,Pública,Topázio,8.4749727273,10.0,8.75,8.6363636365,8.002,7.51,8.125,8.17,8.0,9.5,,,,,,False,Adequado (≥ 0),0,0.0,False
2024,RA-1406,1.0,2,-1.0,10,Feminino,2024,Pública,Ametista,7.8186772727000005,5.0,7.5,8.8636363635,8.002,7.51,8.4375,8.255,5.5,9.5,,,,,,False,Moderada (-1 a -2),0,1.0,False
2024,RA-1407,1.0,2,-1.0,10,Masculino,2024,Pública,Ametista,7.546086363600001,5.0,5.75,9.318181818,10.002,7.51,7.8125,7.5,5.5,6.0,,,,,,False,Moderada (-1 a -2),0,1.0,False
2024,RA-1408,1.0,2,-1.0,11,Masculino,2024,Pública,Ametista,7.626768181800001,5.0,6.75,8.409090909,10.002,7.51,8.4375,7.5,5.5,8.0,,,,,,False,Moderada (-1 a -2),0,1.0,False
2024,RA-1409,1.0,2,-1.0,10,Masculino,2024,Pública,Ametista,7.863131818100001,5.0,7.25,9.0909090905,10.002,7.51,8.4375,7.5,7.5,7.0,,,,,,False,Moderada (-1 a -2),0,1.0,False
2024,RA-1410,1.0,2,-1.0,11,Masculino,2024,Pública,Ametista,7.5319272727,5.0,6.25,8.1136363635,9.002,7.51,8.75,8.165,6.5,6.0,,,,,,False,Moderada (-1 a -2),0,1.0,False
2024,RA-874,1.0,2,-1.0,10,Masculino,2023,Pública,Ametista,7.0235939394,5.0,7.75,4.696969697,9.502,6.26,8.75,7.915,6.0,9.5,,,,,Quartzo,False,Moderada (-1 a -2),1,1.0,False
2024,RA-1411,1.0,2,-1.0,11,Masculino,2024,Pública,Ágata,6.886950000000001,5.0,2.75,9.5,9.002,6.26,8.4375,7.835,5.5,0.0,,,,,,False,Moderada (-1 a -2),0,1.0,False
2024,RA-1412,1.0,1,0.0,10,Masculino,2024,Pública,Topázio,9.204671861500001,10.0,9.75,9.3073593075,10.002,7.51,8.75,8.835,10.0,9.5,,,,,,False,Adequado (≥ 0),0,0.0,False
2024,RA-690,1.0,2,-1.0,11,Feminino,2022,Pública,Ametista,7.3853681818000005,5.0,6.25,8.409090909,7.918,7.51,8.4375,7.835,7.5,5.0,,,,,Topázio,False,Moderada (-1 a -2),2,1.0,False
2024,RA-1413,1.0,3,-2.0,12,Masculino,2024,Pública,Ametista,7.747564718600001,5.0,7.25,8.593073593,9.002,7.51,8.4375,7.92,7.5,7.0,,,,,,False,Moderada (-1 a -2),0,1.0,False
2024,RA-1414,1.0,1,0.0,10,Feminino,2024,Pública,Topázio,8.840007359300001,10.0,8.5,9.2965367965,9.502,6.885,8.75,8.835,10.0,7.0,,,,,,False,Adequado (≥ 0),0,0.0,False
2024,RA-995,1.0,3,-2.0,12,Feminino,2023,Pública,Quartzo,5.110372077899999,5.0,2.0,5.3896103895,10.002,5.635,7.1875,4.25,0.0,4.0,,,,,Ágata,False,Moderada (-1 a -2),1,1.0,False
2024,RA-853,1.0,1,0.0,10,Feminino,2022,Pública,Ametista,7.986866666600001,10.0,6.25,9.5833333335,8.502,6.26,8.333333333,7.553333333,6.5,6.0,,,,,Ametista,False,Adequado (≥ 0),2,0.0,False
2024,RA-854,1.0,1,0.0,9,Feminino,2022,Pública,Ametista,7.826199999900001,10.0,7.0,10.0,9.502,6.26,5.833333333,6.333333333,7.0,7.0,,,,,Ágata,False,Adequado (≥ 0),2,0.0,False
2024,RA-1415,1.0,2,-1.0,10,Feminino,2024,Pública,Ametista,7.3712454546,5.0,6.75,9.7727272725,8.002,6.26,7.291666667,7.056666667,6.5,7.0,,,,,,False,Moderada (-1 a -2),0,1.0,False
2024,RA-842,1.0,2,-1.0,10,Feminino,2022,Pública,Ametista,7.072914756400001,5.0,7.5,7.549407115,8.502,6.26,6.875,6.996666667,6.0,9.0,,,,,Ametista,False,Moderada (-1 a -2),2,1.0,False
2024,RA-700,1.0,2,-1.0,11,Feminino,2022,Pública,Ametista,7.005745454500001,5.0,5.25,9.564393939,8.502,5.635,7.291666667,7.0,5.0,5.5,,,,,Topázio,False,Moderada (-1 a -2),2,1.0,False
2024,RA-1416,1.0,2,-1.0,12,Feminino,2024,Pública,Ametista,7.375503030400001,5.0,7.75,8.2765151515,8.502,7.51,7.916666667,6.386666667,6.5,9.0,,,,,,False,Moderada (-1 a -2),0,1.0,False
2024,RA-911,1.0,3,-2.0,12,Masculino,2023,Pública,Quartzo,5.4552454547,5.0,4.5,4.772727273,8.002,7.51,6.041666667,4.726666667,5.0,4.0,,,,,Quartzo,False,Moderada (-1 a -2),1,1.0,False
2024,RA-859,1.0,1,0.0,9,Feminino,2022,Pública,Topázio,8.5817909091,10.0,8.0,9.337121212,8.002,7.51,8.958333333,8.336666667,8.0,8.0,,,,,Topázio,False,Adequado (≥ 0),2,0.0,False
2024,RA-860,1.0,1,0.0,9,Masculino,2022,Pública,Topázio,8.7738666667,10.0,8.5,9.7916666665,9.002,7.51,8.75,7.946666667,8.0,9.0,,,,,Topázio,False,Adequado (≥ 0),2,0.0,False
2024,RA-727,1.0,1,0.0,10,Masculino,2022,Pública,Topázio,8.447003030300001,10.0,8.5,8.4848484845,10.002,6.26,8.125,8.056666667,10.0,7.0,,,,,Ametista,False,Adequado (≥ 0),2,0.0,False
2024,RA-1417,1.0,2,-1.0,10,Masculino,2024,Pública,Ametista,7.7436242424,5.0,9.0,9.337121212,9.002,7.51,6.25,6.5,10.0,8.0,,,,,,False,Moderada (-1 a -2),0,1.0,False
2024,RA-910,1.0,1,0.0,9,Masculino,2023,Pública,Topázio,8.1163818182,10.0,7.5,8.674242424500001,8.502,7.51,7.916666667,7.443333333,9.0,6.0,,,,,Ametista,False,Adequado (≥ 0),1,0.0,False
2024,RA-840,1.0,1,0.0,10,Masculino,2022,Pública,Topázio,8.5912909091,10.0,8.0,9.337121212,9.502,7.51,8.333333333,7.946666667,7.0,9.0,,,,,Ametista,False,Adequado (≥ 0),2,0.0,False
2024,RA-926,1.0,2,-1.0,10,Feminino,2023,Pública,Ametista,7.7830787878,5.0,7.0,9.7727272725,9.002,7.51,8.333333333,7.22,7.0,7.0,,,,,Ametista,False,Moderada (-1 a -2),1,1.0,False
2024,RA-1418,1.0,2,-1.0,11,Masculino,2024,Pública,Ametista,7.7352909091000015,5.0,8.25,9.128787879,8.502,7.51,7.916666667,6.833333333,8.5,8.0,,,,,,False,Moderada (-1 a -2),0,1.0,False
2024,RA-927,1.0,1,0.0,10,Feminino,2023,Pública,Ametista,7.9921696969000005,10.0,6.5,9.318181818,8.002,7.51,8.333333333,7.22,7.0,6.0,,,,,Ametista,False,Adequado (≥ 0),1,0.0,False
2024,RA-672,1.0,2,-1.0,11,Feminino,2021,Pública,Quartzo,4.2118138341,5.0,0.0,3.9525691700000003,7.918,6.26,6.041666667,4.496666667,0.0,0.0,,,,,Ágata,False,Moderada (-1 a -2),3,1.0,False
2024,RA-1043,1.0,2,-1.0,11,Masculino,2023,Pública,Ametista,7.539847562500002,5.0,8.25,7.994071146,10.002,7.51,7.291666667,6.553333333,8.5,8.0,,,,,Ágata,False,Moderada (-1 a -2),1,1.0,False
2024,RA-738,1.0,2,-1.0,10,Feminino,2022,Pública,Ametista,7.2626980238000005,5.0,7.25,7.292490119,10.002,6.885,6.875,7.39,7.5,7.0,,,,,Topázio,False,Moderada (-1 a -2),2,1.0,False
2024,RA-1419,1.0,1,0.0,10,Feminino,2024,Pública,Topázio,8.7536999999,10.0,7.5,10.0,8.502,7.51,8.958333333,8.783333333,6.0,9.0,,,,,,False,Adequado (≥ 0),0,0.0,False
2024,RA-704,1.0,2,-1.0,12,Masculino,2022,Pública,Ágata,6.8121156785000005,5.0,6.5,8.646245059,7.502,5.635,6.458333333,6.616666667,6.0,7.0,,,,,Ágata,False,Moderada (-1 a -2),2,1.0,False
2024,RA-705,1.0,2,-1.0,12,Masculino,2022,Pública,Quartzo,5.294247619100001,5.0,3.5,6.4285714285,9.002,5.005,5.625,4.226666667,2.0,5.0,,,,,Ágata,False,Moderada (-1 a -2),2,1.0,False
2024,RA-822,1.0,3,-2.0,12,Masculino,2022,Pública,Quartzo,5.2645678524,5.0,6.75,4.6245059285,0.0,5.01,6.666666667,6.61,7.5,6.0,,,,,Ágata,False,Moderada (-1 a -2),2,1.0,False
2024,RA-740,1.0,2,-1.0,11,Feminino,2022,Privada / bolsa,Topázio,8.1611005269,5.0,8.0,9.555335968,9.002,7.51,8.541666667,8.223333333,8.0,8.0,,,,,Ametista,False,Moderada (-1 a -2),2,1.0,False
2024,RA-741,1.0,2,-1.0,12,Feminino,2022,Pública,Quartzo,5.0795885374,5.0,3.75,5.2964426875,8.418,5.005,5.833333333,4.223333333,3.5,4.0,,,,,Ágata,False,Moderada (-1 a -2),2,1.0,False
2024,RA-1420,1.0,3,-2.0,12,Masculino,2024,Pública,Quartzo,5.6558,5.0,4.5,5.520833333500001,7.918,6.26,6.458333333,5.44,5.0,4.0,,,,,,False,Moderada (-1 a -2),0,1.0,False
2024,RA-709,1.0,2,-1.0,12,Feminino,2022,Pública,Ágata,6.833780895800001,5.0,6.0,7.994071146,7.418,7.51,6.875,6.773333333,6.0,6.0,,,,,Ágata,False,Moderada (-1 a -2),2,1.0,False
2024,RA-1421,1.0,2,-1.0,11,Masculino,2024,Pública,Ametista,7.126922222200001,5.0,7.5,6.777777778,9.002,7.51,6.875,7.163333333,8.0,7.0,,,,,,False,Moderada (-1 a -2),0,1.0,False
2024,RA-1422,1.0,2,-1.0,11,Feminino,2024,Pública,Ametista,7.0132,5.0,4.75,7.5,9.502,7.51,8.125,7.7475,0.0,9.5,,,,,,False,Moderada (-1 a -2),0,1.0,False
2024,RA-1423,1.0,2,-1.0,11,Masculino,2024,Pública,Ágata,6.403450000000001,5.0,5.75,5.3125,8.502,7.51,7.8125,6.5425,4.0,7.5,,,,,,False,Moderada (-1 a -2),0,1.0,False
2024,RA-733,1.0,2,-1.0,10,Feminino,2022,Pública,Topázio,8.808825,5.0,9.25,10.0,10.002,7.51,8.90625,9.085,9.0,9.5,,,,,Topázio,False,Moderada (-1 a -2),2,1.0,False
2024,RA-836,1.0,2,-1.0,11,Masculino,2022,Pública,Ágata,6.0234537878,5.0,2.75,6.439393939,9.502,7.51,7.34375,6.25,5.5,0.0,,,,,Ametista,False,Moderada (-1 a -2),2,1.0,False
2024,RA-1424,1.0,2,-1.0,12,Feminino,2024,Pública,Ametista,7.5543388889,5.0,7.25,8.9444444445,9.002,7.51,7.8125,6.915,7.5,7.0,,,,,,False,Moderada (-1 a -2),0,1.0,False
2024,RA-1425,1.0,2,-1.0,12,Masculino,2024,Pública,Ágata,6.8290988095000005,5.0,7.0,6.7976190475,9.002,7.51,7.34375,5.92,6.0,8.0,,,,,,False,Moderada (-1 a -2),0,1.0,False
2024,RA-1426,1.0,2,-1.0,11,Feminino,2023,Pública,Quartzo,5.8367476190000005,5.0,2.75,5.845238095,9.502,7.51,7.5,5.8325,5.5,0.0,,,,,,False,Moderada (-1 a -2),1,1.0,False
2024,RA-716,1.0,2,-1.0,11,Masculino,2022,Pública,Ágata,6.2372943675000005,5.0,5.75,5.5335968375,9.002,7.51,6.71875,5.7875,5.5,6.0,,,,,Ágata,False,Moderada (-1 a -2),2,1.0,False
2024,RA-1049,1.0,2,-1.0,11,Masculino,2023,Pública,Ágata,6.821885606,5.0,4.5,8.03030303,9.502,7.51,7.65625,6.745,4.0,5.0,,,,,Ametista,False,Moderada (-1 a -2),1,1.0,False
2024,RA-1427,1.0,2,-1.0,11,Feminino,2024,Pública,Topázio,8.425325,5.0,8.0,10.0,9.502,7.51,8.90625,8.6675,6.5,9.5,,,,,,False,Moderada (-1 a -2),0,1.0,False
2024,RA-1052,1.0,2,-1.0,10,Masculino,2023,Pública,Ametista,7.744032575800001,5.0,8.25,9.128787879,5.834,6.26,8.59375,8.4975,8.5,8.0,,,,,Ágata,False,Moderada (-1 a -2),1,1.0,False
2024,RA-719,1.0,2,-1.0,12,Masculino,2021,Pública,Ametista,7.1193969697,5.0,6.5,7.3484848485,10.002,7.51,7.5,6.7425,5.0,8.0,,,,,Ágata,False,Moderada (-1 a -2),3,1.0,False
2024,RA-1055,1.0,3,-2.0,12,Masculino,2023,Pública,Ágata,6.403040909100001,5.0,5.5,5.7954545455,10.002,7.51,7.1875,5.87,4.0,7.0,,,,,Quartzo,False,Moderada (-1 a -2),1,1.0,False
2024,RA-747,1.0,3,-2.0,12,Feminino,2022,Pública,Quartzo,5.8450809523,5.0,2.25,8.095238095,10.002,5.005,7.083333333,5.335,4.5,0.0,,,,,Ágata,False,Moderada (-1 a -2),2,1.0,False
2024,RA-928,1.0,1,0.0,9,Feminino,2023,Pública,Topázio,8.8733666667,10.0,8.75,10.0,8.002,7.51,8.541666667,8.59,8.5,9.0,,,,,Topázio,False,Adequado (≥ 0),1,0.0,False
2024,RA-748,1.0,2,-1.0,11,Masculino,2021,Pública,Topázio,8.2272,5.0,7.75,10.0,9.502,7.51,8.75,8.005,7.5,8.0,,,,,Topázio,False,Moderada (-1 a -2),3,1.0,False
2024,RA-769,1.0,2,-1.0,11,Feminino,2022,Pública,Ametista,7.099342857200002,5.0,6.0,5.9523809525,10.002,7.51,7.916666667,8.33,6.0,6.0,,,,,Ametista,False,Moderada (-1 a -2),2,1.0,False
2024,RA-876,1.0,1,0.0,9,Masculino,2023,Pública,Ametista,7.612057142800001,10.0,3.75,9.0476190475,8.502,7.51,8.333333333,8.09,7.5,0.0,,,,,Topázio,False,Adequado (≥ 0),1,0.0,False
2024,RA-776,1.0,2,-1.0,11,Feminino,2022,Pública,Quartzo,5.178509523800001,5.0,0.0,5.9523809525,7.917,5.63,8.333333333,6.5,0.0,0.0,,,,,Quartzo,False,Moderada (-1 a -2),2,1.0,False
2024,RA-753,1.0,2,-1.0,10,Feminino,2022,Pública,Topázio,8.2450571429,5.0,8.5,9.047619048,10.002,7.51,8.333333333,8.255,9.0,8.0,,,,,Topázio,False,Moderada (-1 a -2),2,1.0,False
2024,RA-601,1.0,2,-1.0,10,Masculino,2021,Pública,Topázio,8.5107,5.0,8.75,10.0,9.502,7.505,8.75,8.425,9.5,8.0,,,,,Topázio,False,Moderada (-1 a -2),3,1.0,False
2024,RA-955,1.0,2,-1.0,11,Feminino,2023,Pública,Ágata,6.245452381,5.0,5.75,6.904761905,0.0,7.51,8.125,8.255,6.5,5.0,,,,,Ametista,False,Moderada (-1 a -2),1,1.0,False
2024,RA-831,1.0,2,-1.0,10,Masculino,2022,Pública,Topázio,8.0066285715,5.0,7.75,9.523809524,10.002,6.26,7.916666667,8.17,6.5,9.0,,,,,Ametista,False,Moderada (-1 a -2),2,1.0,False
2024,RA-1067,1.0,2,-1.0,11,Masculino,2023,Pública,Ametista,7.840033333300001,5.0,6.75,8.333333332999999,10.002,7.51,8.541666667,8.59,6.5,7.0,,,,,Ágata,False,Moderada (-1 a -2),1,1.0,False
2024,RA-1058,1.0,2,-1.0,10,Feminino,2023,Pública,Ametista,7.703347619,5.0,7.75,8.095238095,9.168,6.88,8.125,8.085,7.5,8.0,,,,,Ametista,False,Moderada (-1 a -2),1,1.0,False
2024,RA-757,1.0,2,-1.0,11,Feminino,2022,Pública,Ametista,7.938842857200001,5.0,7.0,9.285714286000001,9.502,7.51,8.125,8.34,6.5,7.5,,,,,Topázio,False,Moderada (-1 a -2),2,1.0,False
2024,RA-794,1.0,1,0.0,10,Feminino,2022,Pública,Ametista,7.145652380900001,10.0,3.0,6.9047619045,9.502,7.51,8.125,8.255,6.0,0.0,,,,,Ametista,False,Adequado (≥ 0),2,0.0,False
2024,RA-960,1.0,2,-1.0,11,Masculino,2023,Pública,Quartzo,5.286047619,5.0,3.0,8.095238095,0.0,7.51,7.5,5.33,6.0,0.0,,,,,Ametista,False,Moderada (-1 a -2),1,1.0,False
2024,RA-587,1.0,3,-2.0,12,Masculino,2022,Pública,Ágata,6.817057142900001,5.0,6.25,7.380952381,9.002,7.51,7.916666667,5.74,6.5,6.0,,,,,Ágata,False,Moderada (-1 a -2),2,1.0,False
2024,RA-826,1.0,2,-1.0,10,Masculino,2022,Pública,Ametista,7.9442,5.0,6.75,10.0,10.002,6.26,7.5,8.59,5.5,8.0,,,,,Ametista,False,Moderada (-1 a -2),2,1.0,False
2024,RA-789,1.0,1,0.0,9,Feminino,2022,Pública,Topázio,8.0443904763,10.0,5.25,9.047619048,9.002,7.51,9.166666667,8.085,5.5,5.0,,,,,Ametista,False,Adequado (≥ 0),2,0.0,False
2024,RA-1056,1.0,2,-1.0,10,Masculino,2023,Pública,Topázio,8.192009523800001,5.0,8.25,9.2857142855,8.502,7.51,9.166666667,8.335,8.5,8.0,,,,,Topázio,False,Moderada (-1 a -2),1,1.0,False
2024,RA-1428,1.0,2,-1.0,10,Masculino,2024,Pública,Topázio,8.006108496800001,5.0,8.0,8.8562091505,8.502,7.51,9.166666667,8.085,7.0,9.0,,,,,,False,Moderada (-1 a -2),0,1.0,False
2024,RA-830,1.0,2,-1.0,11,Feminino,2022,Pública,Ametista,7.1373428571,5.0,6.75,7.619047619,9.002,5.63,8.333333333,7.335,6.5,7.0,,,,,Ágata,False,Moderada (-1 a -2),2,1.0,False
2024,RA-780,1.0,2,-1.0,11,Feminino,2022,Pública,Ametista,7.7430333333,5.0,6.0,10.0,9.502,5.63,8.958333333,8.17,6.0,6.0,,,,,Ametista,False,Moderada (-1 a -2),2,1.0,False
2024,RA-1057,1.0,2,-1.0,10,Feminino,2023,Pública,Topázio,8.2352,5.0,8.0,10.0,10.002,6.26,8.75,8.17,8.0,8.0,,,,,Topázio,False,Moderada (-1 a -2),1,1.0,False
2024,RA-1062,1.0,2,-1.0,10,Masculino,2023,Pública,Ametista,7.6147238096,5.0,7.25,9.047619048,8.002,5.63,8.75,8.085,6.5,8.0,,,,,Ametista,False,Moderada (-1 a -2),1,1.0,False
2024,RA-1429,1.0,2,-1.0,11,Masculino,2024,Pública,Topázio,8.041811111100001,5.0,7.75,8.888888889,9.502,7.51,8.958333333,8.085,8.5,7.0,,,,,,False,Moderada (-1 a -2),0,1.0,False
2024,RA-1430,1.0,2,-1.0,11,Masculino,2024,Pública,Ametista,7.864033333300001,5.0,6.25,10.0,8.502,7.51,8.958333333,8.085,6.0,6.5,,,,,,False,Moderada (-1 a -2),0,1.0,False
2024,RA-767,1.0,3,-2.0,12,Masculino,2021,Pública,Topázio,8.131890476200002,5.0,8.25,9.0476190475,9.502,7.51,8.541666667,8.085,8.5,8.0,,,,,Ametista,False,Moderada (-1 a -2),3,1.0,False
2024,RA-943,1.0,1,0.0,9,Feminino,2023,Pública,Topázio,8.965033333300001,10.0,8.0,10.0,10.002,7.51,8.958333333,8.59,7.0,9.0,,,,,Topázio,False,Adequado (≥ 0),1,0.0,False
2024,RA-782,1.0,1,0.0,10,Masculino,2022,Pública,Topázio,8.1896285714,10.0,7.75,7.8571428569999995,9.502,7.51,7.5,8.085,7.5,8.0,,,,,Ametista,False,Adequado (≥ 0),2,0.0,False
2024,RA-795,1.0,2,-1.0,10,Feminino,2022,Pública,Topázio,8.441414285700002,5.0,9.5,9.761904762,9.502,6.26,8.958333333,8.085,10.0,9.0,,,,,Topázio,False,Moderada (-1 a -2),2,1.0,False
2024,RA-1431,1.0,2,-1.0,11,Feminino,2024,Pública,Ametista,7.9147292443,5.0,8.0,7.7432712215,9.002,7.51,7.96875,9.09,8.0,8.0,,,,,,False,Moderada (-1 a -2),0,1.0,False
2024,RA-1432,1.0,2,-1.0,10,Feminino,2024,Pública,Topázio,8.774075000000002,5.0,9.5,10.0,10.002,7.51,9.21875,8.505,10.0,9.0,,,,,,False,Moderada (-1 a -2),0,1.0,False
2024,RA-1433,1.0,2,-1.0,10,Feminino,2024,Pública,Topázio,8.1939895962,5.0,8.75,9.068322981,8.502,7.51,8.28125,8.505,8.0,9.5,,,,,,False,Moderada (-1 a -2),0,1.0,False
2024,RA-1434,1.0,2,-1.0,10,Masculino,2024,Pública,Topázio,8.2775982919,5.0,9.0,7.9813664595,8.502,6.26,9.53125,9.76,10.0,8.0,,,,,,False,Moderada (-1 a -2),0,1.0,False
2024,RA-958,1.0,1,0.0,9,Feminino,2023,Pública,Topázio,9.531325,10.0,10.0,10.0,10.002,6.26,9.53125,9.76,10.0,10.0,,,,,Topázio,False,Adequado (≥ 0),1,0.0,False
2024,RA-961,1.0,2,-1.0,10,Masculino,2023,Pública,Ágata,6.529417908900001,5.0,5.5,8.8923395445,9.002,6.26,5.9375,5.155,6.0,5.0,,,,,Quartzo,False,Moderada (-1 a -2),1,1.0,False
2024,RA-1435,1.0,1,0.0,10,Masculino,2024,Pública,Ametista,7.7196166667,10.0,7.5,7.833333333500001,9.502,7.51,7.1875,6.165,7.5,7.5,,,,,,False,Adequado (≥ 0),0,0.0,False
2024,RA-755,1.0,2,-1.0,10,Masculino,2022,Pública,Topázio,8.925450000000001,5.0,9.75,10.0,10.002,7.51,9.0625,9.09,10.0,9.5,,,,,Topázio,False,Moderada (-1 a -2),2,1.0,False
2024,RA-1436,1.0,2,-1.0,11,Feminino,2024,Pública,Ametista,7.589914648100001,5.0,8.0,8.674948240500001,7.418,7.51,8.28125,7.17,8.0,8.0,,,,,,False,Moderada (-1 a -2),0,1.0,False
2024,RA-1437,1.0,2,-1.0,11,Feminino,2024,Pública,Ametista,7.982890217400001,5.0,8.0,9.347826087,8.502,7.51,8.28125,7.92,8.0,8.0,,,,,,False,Moderada (-1 a -2),0,1.0,False
2024,RA-1438,1.0,2,-1.0,10,Feminino,2024,Pública,Topázio,8.176825000000001,5.0,7.0,9.0,10.002,7.51,8.90625,9.175,6.0,8.0,,,,,,False,Moderada (-1 a -2),0,1.0,False
2024,RA-1439,1.0,2,-1.0,11,Feminino,2024,Pública,Topázio,8.507700000000002,5.0,8.5,10.0,7.502,7.51,9.375,9.345,9.0,8.0,,,,,,False,Moderada (-1 a -2),0,1.0,False
2024,RA-1440,1.0,2,-1.0,10,Feminino,2024,Pública,Ametista,7.469102691500001,5.0,4.5,9.544513457499999,9.002,7.51,8.75,8.17,9.0,0.0,,,,,,False,Moderada (-1 a -2),0,1.0,False
2024,RA-1441,1.0,1,0.0,9,Masculino,2024,Pública,Topázio,8.961646169800002,10.0,8.5,9.109730849,9.502,7.51,9.375,9.005,9.0,8.0,,,,,,False,Adequado (≥ 0),0,0.0,False
2024,RA-1442,1.0,3,-2.0,13,Masculino,2024,Pública,Ametista,7.135189648100001,5.0,7.25,8.674948240500001,8.002,7.51,7.5,5.745,8.5,6.0,,,,,,False,Moderada (-1 a -2),0,1.0,False
2024,RA-1443,1.0,3,-2.0,13,Feminino,2024,Pública,Ágata,6.921633333300001,5.0,6.75,7.5,6.918,6.26,7.708333333,7.415,6.5,7.0,,,,,,False,Moderada (-1 a -2),0,1.0,False
2024,RA-1444,1.0,2,-1.0,11,Masculino,2024,Pública,Ágata,6.610588888900001,5.0,6.0,5.277777778,8.502,7.51,7.708333333,7.415,8.0,4.0,,,,,,False,Moderada (-1 a -2),0,1.0,False
2024,RA-956,1.0,2,-1.0,12,Masculino,2023,Pública,Ágata,6.1175906455,5.0,3.25,6.017786561,9.502,6.885,7.083333333,7.085,6.5,0.0,,,,,Ametista,False,Moderada (-1 a -2),1,1.0,False
2024,RA-952,1.0,1,0.0,9,Masculino,2023,Pública,Topázio,8.853624242300002,10.0,8.5,9.545454545,9.502,6.26,8.333333333,9.175,8.0,9.0,,,,,Topázio,False,Adequado (≥ 0),1,0.0,False
2024,RA-939,1.0,2,-1.0,12,Feminino,2023,Pública,Ametista,7.051379841899999,5.0,5.0,8.8833992095,9.002,5.63,8.125,7.495,6.0,4.0,,,,,Ametista,False,Moderada (-1 a -2),1,1.0,False
2024,RA-953,1.0,1,0.0,9,Feminino,2023,Pública,Ametista,7.961241502000001,10.0,8.5,6.85770751,9.002,6.26,8.125,7.755,8.0,9.0,,,,,Ametista,False,Adequado (≥ 0),1,0.0,False
2024,RA-954,1.0,1,0.0,9,Feminino,2023,Pública,Topázio,8.2823798419,10.0,7.75,8.8833992095,9.502,6.26,8.125,7.835,6.5,9.0,,,,,Ágata,False,Adequado (≥ 0),1,0.0,False
2024,RA-792,1.0,2,-1.0,11,Feminino,2022,Pública,Ágata,6.036012253,5.0,3.25,5.2865612650000005,8.502,7.51,8.125,7.075,6.5,0.0,,,,,Ametista,False,Moderada (-1 a -2),2,1.0,False
2024,RA-1000,1.0,1,0.0,9,Feminino,2023,Pública,Topázio,8.364790909100002,10.0,7.75,9.5454545455,9.002,6.26,8.125,7.835,7.5,8.0,,,,,Ametista,False,Adequado (≥ 0),1,0.0,False
2024,RA-763,1.0,2,-1.0,11,Feminino,2021,Pública,Ágata,6.984760606,5.0,5.25,8.8636363635,9.002,6.26,7.708333333,6.825,6.5,4.0,,,,,Ágata,False,Moderada (-1 a -2),3,1.0,False
2024,RA-1001,1.0,2,-1.0,10,Feminino,2023,Pública,Ametista,7.7964318841,5.0,7.75,9.347826087,7.502,7.51,7.916666667,7.92,6.5,9.0,,,,,Topázio,False,Moderada (-1 a -2),1,1.0,False
2024,RA-1445,1.0,2,-1.0,10,Feminino,2024,Pública,Ametista,7.842866666700001,5.0,7.25,9.5,9.502,7.51,7.916666667,7.5,6.5,8.0,,,,,,False,Moderada (-1 a -2),0,1.0,False
2024,RA-1446,1.0,1,0.0,9,Masculino,2024,Pública,Quartzo,5.9004061924,10.0,0.0,6.6501976285,8.002,6.26,7.291666667,7.075,0.0,0.0,,,,,,False,Adequado (≥ 0),0,0.0,False
2024,RA-768,1.0,2,-1.0,12,Feminino,2021,Pública,Ametista,7.0345379447,5.0,5.5,7.9841897235,9.002,6.26,8.125,7.495,6.0,5.0,,,,,Topázio,False,Moderada (-1 a -2),3,1.0,False
2024,RA-1447,1.0,2,-1.0,11,Feminino,2024,Pública,Ametista,7.5402350878,5.0,5.25,9.7368421055,9.502,7.51,7.916666667,7.75,6.5,4.0,,,,,,False,Moderada (-1 a -2),0,1.0,False
2024,RA-980,1.0,1,0.0,9,Feminino,2023,Pública,Ametista,7.946388311600001,10.0,6.25,9.058441558,9.002,7.51,7.5,7.4175,6.5,6.0,,,,,Ametista,False,Adequado (≥ 0),1,0.0,False
2024,RA-982,1.0,1,0.0,8,Masculino,2023,Pública,Topázio,8.119860173100001,10.0,8.25,8.365800865499999,10.002,7.51,6.875,6.79,6.5,10.0,,,,,Ametista,False,Adequado (≥ 0),1,0.0,False
2024,RA-1448,1.0,3,-2.0,13,Feminino,2024,Pública,Ametista,7.466126406900001,5.0,6.0,9.5346320345,9.002,7.51,7.5,7.29,6.0,6.0,,,,,,False,Moderada (-1 a -2),0,1.0,False
2024,RA-1070,1.0,2,-1.0,12,Masculino,2023,Pública,Ágata,6.287171861500001,5.0,2.25,9.3073593075,9.002,5.635,6.875,6.6225,4.5,0.0,,,,,Ágata,False,Moderada (-1 a -2),1,1.0,False
2024,RA-985,1.0,1,0.0,9,Masculino,2023,Pública,Topázio,8.2432,10.0,7.5,10.0,8.502,6.26,7.5,7.585,8.0,7.0,,,,,Ametista,False,Adequado (≥ 0),1,0.0,False
2024,RA-986,1.0,1,0.0,9,Feminino,2023,Pública,Topázio,8.2603406926,10.0,8.5,9.2965367965,10.002,6.26,7.083333333,6.8325,7.5,9.5,,,,,Topázio,False,Adequado (≥ 0),1,0.0,False
2024,RA-810,1.0,2,-1.0,10,Masculino,2021,Pública,Ametista,7.704770175400001,5.0,9.0,9.4736842105,7.502,5.635,6.458333333,7.7525,8.0,10.0,,,,,Ametista,False,Moderada (-1 a -2),3,1.0,False
2024,RA-987,1.0,1,0.0,9,Masculino,2023,Pública,Topázio,8.3028861472,10.0,7.5,9.0692640695,9.002,7.51,7.708333333,7.835,8.0,7.0,,,,,Ametista,False,Adequado (≥ 0),1,0.0,False
2024,RA-988,1.0,2,-1.0,10,Feminino,2023,Pública,Topázio,8.1765333333,5.0,7.75,10.0,9.502,7.51,8.333333333,7.96,6.5,9.0,,,,,Ametista,False,Moderada (-1 a -2),1,1.0,False
2024,RA-805,1.0,2,-1.0,10,Masculino,2021,Pública,Ágata,6.9375869048,5.0,6.0,9.523809524,8.502,4.38,7.03125,6.7075,7.0,5.0,,,,,Ágata,False,Moderada (-1 a -2),3,1.0,False
2024,RA-806,1.0,2,-1.0,10,Masculino,2022,Pública,Ágata,6.972777380900001,5.0,6.75,6.9047619045,8.502,7.51,7.65625,6.875,6.5,7.0,,,,,Ametista,False,Moderada (-1 a -2),2,1.0,False
2024,RA-807,1.0,1,0.0,10,Masculino,2022,Pública,Ametista,7.797628571400001,10.0,7.0,7.8571428569999995,9.002,7.51,7.5,7.125,6.0,8.0,,,,,Ametista,False,Adequado (≥ 0),2,0.0,False
2024,RA-808,1.0,1,0.0,10,Masculino,2022,Pública,Topázio,8.7897,10.0,8.75,10.0,9.002,7.51,8.125,7.88,7.5,10.0,,,,,Topázio,False,Adequado (≥ 0),2,0.0,False
2024,RA-963,1.0,1,0.0,10,Feminino,2023,Pública,Topázio,8.375080952400001,10.0,7.5,9.761904762,7.502,7.51,8.125,8.045,5.0,10.0,,,,,Topázio,False,Adequado (≥ 0),1,0.0,False
2024,RA-989,1.0,1,0.0,10,Masculino,2023,Pública,Ametista,7.3743785714,10.0,6.0,7.8571428569999995,9.502,6.26,7.1875,6.54,6.0,6.0,,,,,Ametista,False,Adequado (≥ 0),1,0.0,False
2024,RA-964,1.0,2,-1.0,10,Masculino,2023,Pública,Ametista,7.548241666600001,5.0,7.25,8.333333332999999,9.502,7.51,7.96875,7.1675,7.5,7.0,,,,,Ametista,False,Moderada (-1 a -2),1,1.0,False
2024,RA-1449,1.0,2,-1.0,10,Feminino,2024,Pública,Ametista,7.214341666700001,5.0,6.75,8.3333333335,7.418,7.51,7.96875,7.04,6.5,7.0,,,,,,False,Moderada (-1 a -2),0,1.0,False
2024,RA-801,1.0,2,-1.0,10,Masculino,2022,Pública,Ágata,6.6752,5.0,8.0,5.75,9.002,7.51,6.25,5.745,7.0,9.0,,,,,Ágata,False,Moderada (-1 a -2),2,1.0,False
2024,RA-1450,1.0,1,0.0,9,Masculino,2024,Pública,Ametista,7.405235714200002,10.0,3.5,8.571428571,9.502,7.51,7.8125,7.5425,0.0,7.0,,,,,,False,Adequado (≥ 0),0,0.0,False
2024,RA-984,1.0,1,0.0,9,Feminino,2023,Pública,Topázio,8.475080952400003,10.0,7.0,9.761904762,9.502,7.51,8.125,8.045,7.5,6.5,,,,,Topázio,False,Adequado (≥ 0),1,0.0,False
2024,RA-1451,1.0,2,-1.0,11,Feminino,2024,Pública,Ametista,7.560479761900002,5.0,6.0,8.8095238095,10.002,7.51,7.96875,7.7525,6.0,6.0,,,,,,False,Moderada (-1 a -2),0,1.0,False
2024,RA-967,1.0,2,-1.0,11,Masculino,2023,Pública,Quartzo,5.442610714300001,5.0,4.75,3.5714285715,9.502,7.51,5.78125,4.995,3.5,6.0,,,,,Ametista,False,Moderada (-1 a -2),1,1.0,False
2024,RA-968,1.0,2,-1.0,10,Feminino,2023,Pública,Ametista,7.8403547619000005,5.0,7.75,8.8095238095,9.002,7.51,8.4375,7.6675,8.5,7.0,,,,,Topázio,False,Moderada (-1 a -2),1,1.0,False
2024,RA-521,2.0,2,0.0,11,Masculino,2022,Privada / bolsa,Ametista,7.4798428571999995,10.0,6.25,9.0357142855,8.002,5.005,6.666666667,7.276666667,7.0,5.5,,,,,Ágata,False,Adequado (≥ 0),2,0.0,False
2024,RA-821,2.0,2,0.0,11,Masculino,2022,Pública,Ágata,6.643866666600001,10.0,4.25,5.9166666665,8.502,7.51,6.666666667,6.713333333,4.5,4.0,,,,,,False,Adequado (≥ 0),2,0.0,False
2024,RA-1075,2.0,3,-1.0,13,Feminino,2023,Pública,Ágata,6.8100812324,5.0,6.0,8.5154061625,7.5,3.755,7.708333333,7.553333333,5.0,7.0,,,,,Ágata,False,Moderada (-1 a -2),1,1.0,False
2024,RA-1048,2.0,1,1.0,11,Feminino,2023,Privada / bolsa,Ametista,7.5198666666000005,10.0,6.25,6.833333333500001,8.502,6.255,7.708333333,8.283333333,6.5,6.0,,,,,Ametista,False,Adequado (≥ 0),1,0.0,False
2024,RA-1082,2.0,3,-1.0,13,Feminino,2023,Pública,Ágata,6.6114857142,5.0,3.75,7.5714285715,7.502,10.0,7.083333333,6.943333333,2.0,5.5,,,,,Ametista,False,Moderada (-1 a -2),1,1.0,False
2024,RA-680,2.0,3,-1.0,12,Feminino,2021,Pública,Quartzo,4.9800714287000005,5.0,3.0,6.6428571430000005,0.0,5.635,6.666666667,6.606666667,2.5,3.5,,,,,Ágata,False,Moderada (-1 a -2),3,1.0,False
2024,RA-698,2.0,2,0.0,10,Masculino,2021,Pública,Ametista,7.3363190476,10.0,4.5,8.3214285715,9.002,6.88,7.291666667,7.273333333,3.0,6.0,,,,,Ametista,False,Adequado (≥ 0),3,0.0,False
2024,RA-1452,2.0,2,0.0,12,Masculino,2024,Pública,Topázio,8.6268666667,10.0,7.75,10.0,9.002,7.51,7.916666667,8.17,7.0,8.5,,,,,,False,Adequado (≥ 0),0,0.0,False
2024,RA-1453,2.0,3,-1.0,12,Feminino,2021,Pública,Ametista,7.1234857143,5.0,6.5,7.8214285715,8.502,6.25,7.5,7.67,4.5,8.5,,,,,,False,Moderada (-1 a -2),3,1.0,False
2024,RA-1454,2.0,2,0.0,10,Feminino,2023,Pública,Ametista,7.7042238095,10.0,7.75,5.880952381,8.002,7.51,7.708333333,8.28,7.5,8.0,,,,,,False,Adequado (≥ 0),1,0.0,False
2024,RA-1455,2.0,3,-1.0,12,Feminino,2024,Pública,Ágata,6.6442555555,5.0,3.5,7.777777778,8.002,7.51,7.708333333,7.833333333,,3.5,,,,,,False,Moderada (-1 a -2),0,1.0,False
2024,RA-529,2.0,3,-1.0,14,Masculino,2021,Pública,Quartzo,5.2661285715,5.0,4.25,6.6071428569999995,7.002,4.38,4.791666667,4.886666667,2.5,6.0,,,,,Ametista,False,Moderada (-1 a -2),3,1.0,False
2024,RA-1456,2.0,2,0.0,11,Masculino,2024,Pública,Topázio,8.492914285800001,10.0,7.75,9.511904762,9.502,7.51,7.5,7.946666667,5.5,10.0,,,,,,False,Adequado (≥ 0),0,0.0,False
2024,RA-1015,2.0,2,0.0,11,Feminino,2023,Pública,Ágata,6.643252381000002,10.0,4.0,7.8214285715,7.918,7.51,6.041666667,5.66,2.0,6.0,,,,,Ametista,False,Adequado (≥ 0),1,0.0,False
2024,RA-483,2.0,3,-1.0,13,Feminino,2021,Pública,Ágata,6.578604762,5.0,5.25,5.6428571430000005,8.502,6.26,8.125,8.056666667,2.0,8.5,,,,,Ágata,False,Moderada (-1 a -2),3,1.0,False
2024,RA-497,2.0,3,-1.0,15,Feminino,2021,Privada / bolsa,Quartzo,4.4960809524,5.0,1.0,6.095238095,7.502,5.63,5.625,3.506666667,0.0,2.0,,,,,Quartzo,False,Moderada (-1 a -2),3,1.0,False
2024,RA-1457,2.0,3,-1.0,12,Feminino,2024,Pública,Ágata,6.0197761904,5.0,2.75,8.0357142855,3.498,7.51,7.291666667,7.663333333,2.5,3.0,,,,,,False,Moderada (-1 a -2),0,1.0,False
2024,RA-688,2.0,2,0.0,11,Masculino,2022,Pública,Topázio,8.986533333300002,10.0,7.5,10.0,9.502,8.13,8.333333333,9.45,6.0,9.0,,,,,Topázio,False,Adequado (≥ 0),2,0.0,False
2024,RA-696,2.0,2,0.0,10,Feminino,2021,Pública,Ametista,7.482680952299999,10.0,5.25,7.845238095,7.418,7.51,7.708333333,8.0,5.0,5.5,,,,,Ametista,False,Adequado (≥ 0),3,0.0,False
2024,RA-1458,2.0,3,-1.0,12,Feminino,2024,Pública,Quartzo,5.879073684200001,5.0,3.25,7.280701754500001,8.751,7.51,6.041666667,5.213333333,0.5,6.0,,,,,,False,Moderada (-1 a -2),0,1.0,False
2024,RA-1034,2.0,2,0.0,11,Masculino,2023,Pública,Topázio,8.0333666666,10.0,7.5,8.0833333335,7.502,7.51,7.708333333,8.223333333,7.5,7.5,,,,,Ametista,False,Adequado (≥ 0),1,0.0,False
2024,RA-491,2.0,3,-1.0,12,Masculino,2022,Pública,Ágata,6.995247619100001,5.0,5.25,9.011904762,7.502,7.51,7.083333333,7.166666667,1.5,9.0,,,,,Ametista,False,Moderada (-1 a -2),2,1.0,False
2024,RA-1027,2.0,2,0.0,11,Feminino,2023,Pública,Topázio,8.220866666700001,10.0,5.25,10.0,9.502,7.51,7.916666667,8.39,6.0,4.5,,,,,Ametista,False,Adequado (≥ 0),1,0.0,False
2024,RA-1023,2.0,2,0.0,10,Feminino,2023,Pública,Topázio,9.498580952300001,10.0,9.5,9.511904762,9.502,9.375,8.958333333,9.563333333,9.0,10.0,,,,,Topázio,False,Adequado (≥ 0),1,0.0,False
2024,RA-686,2.0,2,0.0,11,Feminino,2022,Pública,Topázio,8.040259523700001,10.0,7.25,8.7857142855,8.002,6.885,8.4375,7.503333333,5.0,9.5,,,,,Ametista,False,Adequado (≥ 0),2,0.0,False
2024,RA-480,2.0,2,0.0,12,Feminino,2021,Pública,Ametista,7.260202380900001,10.0,5.0,8.0714285715,6.25,7.51,7.8125,7.443333333,2.5,7.5,,,,,Topázio,False,Adequado (≥ 0),3,0.0,False
2024,RA-1459,2.0,3,-1.0,12,Masculino,2024,Pública,Ágata,6.665390476100001,5.0,3.75,8.2976190475,8.002,7.51,7.5,7.273333333,2.0,5.5,,,,,,False,Moderada (-1 a -2),0,1.0,False
2024,RA-1460,2.0,2,0.0,12,Masculino,2024,Pública,Ágata,6.784805263200001,10.0,3.25,7.460526316,9.502,7.51,6.875,6.27,2.5,4.0,,,,,,False,Adequado (≥ 0),0,0.0,False
2024,RA-1017,2.0,2,0.0,12,Masculino,2023,Pública,Ametista,7.345521428500001,10.0,5.0,7.8095238095,9.502,6.26,7.1875,7.443333333,2.5,7.5,,,,,Ágata,False,Adequado (≥ 0),1,0.0,False
2024,RA-499,2.0,2,0.0,12,Masculino,2021,Pública,Ametista,7.5794738095000005,10.0,4.75,9.0476190475,8.502,7.51,7.1875,7.5,2.0,7.5,,,,,Ametista,False,Adequado (≥ 0),3,0.0,False
2024,RA-514,2.0,2,0.0,11,Feminino,2022,Pública,Ágata,6.219580952400001,10.0,3.0,7.595238095,9.002,4.385,5.625,5.996666667,3.0,3.0,,,,,Quartzo,False,Adequado (≥ 0),2,0.0,False
2024,RA-1461,2.0,3,-1.0,12,Feminino,2024,Pública,Ágata,6.871961904800001,5.0,2.75,9.273809524,10.002,7.51,7.5,7.33,0.5,5.0,,,,,,False,Moderada (-1 a -2),0,1.0,False
2024,RA-1462,2.0,3,-1.0,13,Feminino,2024,Pública,Ametista,7.6243666666,5.0,6.5,10.0,8.502,7.51,8.125,7.053333333,6.0,7.0,,,,,,False,Moderada (-1 a -2),0,1.0,False
2024,RA-1463,2.0,2,0.0,12,Masculino,2024,Pública,Topázio,9.074561111000001,10.0,10.0,9.722222222,8.502,7.51,9.0625,8.113333333,10.0,10.0,,,,,,False,Adequado (≥ 0),0,0.0,False
2024,RA-1464,2.0,3,-1.0,13,Feminino,2024,Pública,Ametista,7.288424359,5.0,6.25,7.794871795,8.002,7.51,9.0625,7.61,4.0,8.5,,,,,,False,Moderada (-1 a -2),0,1.0,False
2024,RA-687,2.0,2,0.0,11,Masculino,2022,Pública,Topázio,8.2739844611,10.0,7.25,9.2355889725,7.502,7.51,8.75,8.003333333,6.5,8.0,,,,,Ametista,False,Adequado (≥ 0),2,0.0,False
2024,RA-1030,2.0,2,0.0,12,Masculino,2023,Pública,Ametista,7.7401916040000005,10.0,8.0,8.28320802,7.418,4.385,7.8125,7.61,10.0,6.0,,,,,Ametista,False,Adequado (≥ 0),1,0.0,False
2024,RA-1465,2.0,3,-1.0,12,Masculino,2024,Pública,Ametista,7.3344666666,5.0,5.75,8.75,7.418,7.51,8.75,7.833333333,5.0,6.5,,,,,,False,Moderada (-1 a -2),0,1.0,False
2024,RA-522,2.0,2,0.0,11,Masculino,2021,Pública,Topázio,8.6777119048,10.0,9.0,9.523809524,8.002,7.51,8.4375,7.89,9.5,8.5,,,,,Ametista,False,Adequado (≥ 0),3,0.0,False
2024,RA-501,2.0,2,0.0,11,Masculino,2021,Privada / bolsa,Topázio,8.2779474937,10.0,8.75,7.9949874685,7.002,7.51,8.4375,8.17,8.5,9.0,,,,,Topázio,False,Adequado (≥ 0),3,0.0,False
2024,RA-1466,2.0,2,0.0,12,Masculino,2024,Pública,Topázio,8.213723809600001,10.0,7.5,7.380952381,10.002,7.51,8.75,8.056666667,7.0,8.0,,,,,,False,Adequado (≥ 0),0,0.0,False
2024,RA-502,2.0,2,0.0,10,Feminino,2021,Privada / bolsa,Topázio,8.5023309524,10.0,8.0,9.761904762,9.002,3.755,9.0625,8.84,6.0,10.0,,,,,Topázio,False,Adequado (≥ 0),3,0.0,False
2024,RA-1467,2.0,2,0.0,12,Masculino,2024,Pública,Topázio,8.836711278200001,10.0,9.25,9.022556391,9.002,7.51,8.75,8.28,9.0,9.5,,,,,,False,Adequado (≥ 0),0,0.0,False
2024,RA-1468,2.0,2,0.0,12,Feminino,2024,Pública,Topázio,8.1281028822,10.0,7.0,8.972431078,8.502,7.51,8.4375,7.443333333,4.5,9.5,,,,,,False,Adequado (≥ 0),0,0.0,False
2024,RA-527,2.0,2,0.0,11,Feminino,2022,Pública,Topázio,8.1403666666,10.0,6.0,10.0,9.002,7.51,8.125,7.383333333,6.5,5.5,,,,,Ametista,False,Adequado (≥ 0),2,0.0,False
2024,RA-1469,2.0,3,-1.0,13,Masculino,2024,Pública,Ametista,7.459755555500001,5.0,4.75,9.4444444445,8.502,7.51,8.75,8.223333333,6.0,3.5,,,,,,False,Moderada (-1 a -2),0,1.0,False
2024,RA-1470,2.0,3,-1.0,12,Feminino,2024,Pública,Quartzo,5.967421532000001,5.0,5.0,6.35610766,8.002,6.26,6.875,5.4125,5.0,5.0,,,,,,False,Moderada (-1 a -2),0,1.0,False
2024,RA-1471,2.0,3,-1.0,13,Masculino,2024,Pública,Ametista,7.404455434800001,5.0,7.5,7.195652174,10.002,7.51,7.65625,7.2425,8.0,7.0,,,,,,False,Moderada (-1 a -2),0,1.0,False
2024,RA-710,2.0,3,-1.0,12,Masculino,2021,Pública,Ametista,7.0366241342,5.0,6.75,8.170995671,9.168,5.625,7.65625,6.5375,8.0,5.5,,,,,Ametista,False,Moderada (-1 a -2),3,1.0,False
2024,RA-1472,2.0,2,0.0,11,Masculino,2022,Pública,Topázio,8.773575000000001,10.0,8.75,10.0,8.502,7.51,7.96875,8.1275,9.0,8.5,,,,,,False,Adequado (≥ 0),2,0.0,False
2024,RA-837,2.0,2,0.0,10,Masculino,2022,Pública,Ametista,7.9648467391,10.0,6.75,9.782608695499999,7.502,6.885,7.03125,7.5825,6.0,7.5,,,,,Topázio,False,Adequado (≥ 0),2,0.0,False
2024,RA-549,2.0,3,-1.0,12,Masculino,2021,Pública,Ágata,6.5398187888,5.0,5.75,7.204968943999999,10.002,6.255,6.40625,5.9125,5.0,6.5,,,,,Ametista,False,Moderada (-1 a -2),3,1.0,False
2024,RA-571,2.0,3,-1.0,13,Feminino,2021,Pública,Ágata,6.2964554347999995,5.0,5.25,8.695652174,7.002,4.375,7.03125,5.8325,5.0,5.5,,,,,Ágata,False,Moderada (-1 a -2),3,1.0,False
2024,RA-731,2.0,3,-1.0,12,Feminino,2021,Pública,Quartzo,4.7704873377000006,5.0,2.5,4.188311688500001,9.502,4.375,5.78125,4.835,0.0,5.0,,,,,Ágata,False,Moderada (-1 a -2),3,1.0,False
2024,RA-706,2.0,2,0.0,11,Feminino,2021,Pública,Quartzo,5.8701964286,10.0,3.25,7.1428571430000005,0.0,6.26,7.65625,7.0,3.0,3.5,,,,,Ametista,False,Adequado (≥ 0),3,0.0,False
2024,RA-707,2.0,3,-1.0,12,Feminino,2021,Pública,Ágata,6.4975618421000005,5.0,6.5,7.7236842105,7.917,4.375,6.40625,6.415,7.0,6.0,,,,,Ágata,False,Moderada (-1 a -2),3,1.0,False
2024,RA-1044,2.0,2,0.0,11,Feminino,2023,Pública,Ametista,7.966711904800001,10.0,7.0,9.523809524,7.502,7.51,7.1875,7.21,7.0,7.0,,,,,Ametista,False,Adequado (≥ 0),1,0.0,False
2024,RA-1054,2.0,3,-1.0,13,Masculino,2023,Pública,Ágata,6.985788509300001,5.0,6.25,7.3291925465,9.502,7.51,7.1875,6.75,6.0,6.5,,,,,Ametista,False,Moderada (-1 a -2),1,1.0,False
2024,RA-721,2.0,2,0.0,10,Feminino,2021,Pública,Topázio,8.8986026915,10.0,8.25,9.544513457499999,9.002,8.135,8.75,8.755,9.0,7.5,,,,,Topázio,False,Adequado (≥ 0),3,0.0,False
2024,RA-1473,2.0,3,-1.0,13,Masculino,2024,Pública,Ágata,6.689320600500001,5.0,5.25,8.4368530025,9.502,5.625,6.5625,6.415,6.0,4.5,,,,,,False,Moderada (-1 a -2),0,1.0,False
2024,RA-735,2.0,3,-1.0,12,Feminino,2021,Pública,Ametista,7.7888467391,5.0,8.0,9.782608695499999,8.002,6.255,7.65625,7.705,8.0,8.0,,,,,Ametista,False,Moderada (-1 a -2),3,1.0,False
2024,RA-712,2.0,3,-1.0,13,Masculino,2021,Pública,Ágata,6.2236373706000006,5.0,6.75,5.983436853,7.502,5.625,6.5625,6.04,7.0,6.5,,,,,Ágata,False,Moderada (-1 a -2),3,1.0,False
2024,RA-1103,2.0,2,0.0,11,Masculino,2023,Pública,Ametista,7.861995031000001,10.0,7.25,7.763975155000001,8.502,7.51,7.5,7.54,6.0,8.5,,,,,Ametista,False,Adequado (≥ 0),1,0.0,False
2024,RA-570,2.0,3,-1.0,12,Feminino,2021,Pública,Ágata,6.8133640787,5.0,6.75,8.0020703935,8.002,5.625,7.1875,6.4075,6.0,7.5,,,,,Ágata,False,Moderada (-1 a -2),3,1.0,False
2024,RA-713,2.0,2,0.0,11,Masculino,2021,Pública,Ametista,7.467500983400001,10.0,6.75,7.525879916999999,8.002,7.51,7.03125,6.79,6.0,7.5,,,,,Ametista,False,Adequado (≥ 0),3,0.0,False
2024,RA-714,2.0,3,-1.0,13,Masculino,2021,Pública,Quartzo,5.4653662008,5.0,4.0,6.873706004,0.0,6.255,7.65625,6.9975,8.0,0.0,,,,,Ágata,False,Moderada (-1 a -2),3,1.0,False
2024,RA-737,2.0,2,0.0,11,Feminino,2022,Pública,Topázio,8.4695488613,10.0,9.25,8.6542443065,8.502,6.885,7.5,8.0,9.0,9.5,,,,,Topázio,False,Adequado (≥ 0),2,0.0,False
2024,RA-1474,2.0,2,0.0,11,Feminino,2024,Pública,Ametista,7.384207505200001,10.0,7.5,7.960662526,8.002,5.625,6.71875,6.2875,7.0,8.0,,,,,,False,Adequado (≥ 0),0,0.0,False
2024,RA-1036,2.0,2,0.0,12,Feminino,2023,Pública,Topázio,8.2841303831,10.0,7.0,9.0890269155,10.002,7.51,7.65625,7.7475,7.0,7.0,,,,,Ágata,False,Adequado (≥ 0),1,0.0,False
2024,RA-576,2.0,2,0.0,12,Feminino,2022,Pública,Topázio,8.93195,10.0,9.25,10.0,8.502,7.51,7.8125,8.4975,9.0,9.5,,,,,Ametista,False,Adequado (≥ 0),2,0.0,False
2024,RA-577,2.0,3,-1.0,12,Feminino,2022,Pública,Ágata,6.629159109700001,5.0,8.0,5.7660455485,8.502,5.625,6.5625,6.535,7.0,9.0,,,,,Ametista,False,Moderada (-1 a -2),2,1.0,False
2024,RA-580,2.0,3,-1.0,12,Feminino,2021,Pública,Ametista,7.9281521222,5.0,9.25,8.871635610999999,9.002,7.51,7.03125,7.2475,10.0,8.5,,,,,Topázio,False,Moderada (-1 a -2),3,1.0,False
2024,RA-581,2.0,3,-1.0,12,Masculino,2021,Pública,Ametista,7.0833015528,5.0,8.75,8.198757764,7.418,5.625,6.5625,6.165,8.0,9.5,,,,,Ametista,False,Moderada (-1 a -2),3,1.0,False
2024,RA-841,2.0,3,-1.0,12,Masculino,2022,Pública,Ágata,6.035771224300001,5.0,3.25,6.3272311215000006,10.002,7.51,7.03125,5.83,4.0,2.5,,,,,Ágata,False,Moderada (-1 a -2),2,1.0,False
2024,RA-730,2.0,2,0.0,11,Feminino,2021,Pública,Topázio,8.469255555700002,10.0,9.5,7.152777778,8.002,6.885,9.166666667,8.666666667,10.0,9.0,,,,,Ametista,False,Adequado (≥ 0),3,0.0,False
2024,RA-855,2.0,2,0.0,10,Feminino,2022,Pública,Topázio,8.578533333400001,10.0,8.5,10.0,9.002,7.51,7.5,7.386666667,9.0,8.0,,,,,Topázio,False,Adequado (≥ 0),2,0.0,False
2024,RA-820,2.0,2,0.0,11,Masculino,2022,Pública,Ametista,7.426572549100001,10.0,6.25,6.573529412,10.002,7.51,8.333333333,6.386666667,6.0,6.5,,,,,Ametista,False,Adequado (≥ 0),2,0.0,False
2024,RA-715,2.0,2,0.0,11,Feminino,2022,Pública,Quartzo,5.3098253133,10.0,2.75,5.250626566499999,9.002,3.755,5.0,4.67,2.0,3.5,,,,,Quartzo,False,Adequado (≥ 0),2,0.0,False
2024,RA-1038,2.0,2,0.0,11,Feminino,2023,Pública,Ametista,7.9646385965,10.0,8.5,7.5438596495,8.002,7.51,7.5,7.273333333,10.0,7.0,,,,,Ametista,False,Adequado (≥ 0),1,0.0,False
2024,RA-1475,2.0,2,0.0,10,Feminino,2024,Pública,Ametista,7.413901754400001,10.0,5.0,8.070175439,9.002,7.51,7.5,6.993333333,7.0,3.0,,,,,,False,Adequado (≥ 0),0,0.0,False
2024,RA-1039,2.0,3,-1.0,13,Masculino,2023,Pública,Ametista,7.549644444400001,5.0,7.25,9.722222222,8.002,7.51,7.5,6.77,8.0,6.5,,,,,Ametista,False,Moderada (-1 a -2),1,1.0,False
2024,RA-745,2.0,2,0.0,11,Masculino,2021,Privada / bolsa,Topázio,8.6102,10.0,8.5,10.0,9.002,6.26,7.5,8.17,8.0,9.0,,,,,Ametista,False,Adequado (≥ 0),3,0.0,False
2024,RA-718,2.0,1,1.0,10,Feminino,2022,Pública,Topázio,8.705811111100001,10.0,9.5,9.5138888885,10.002,5.635,7.5,7.946666667,9.0,10.0,,,,,Topázio,False,Adequado (≥ 0),2,0.0,False
2024,RA-1040,2.0,3,-1.0,12,Masculino,2023,Pública,Ametista,7.764199999900001,5.0,8.25,8.5416666665,9.502,7.51,7.5,7.273333333,8.0,8.5,,,,,Ametista,False,Moderada (-1 a -2),1,1.0,False
2024,RA-746,2.0,2,0.0,10,Masculino,2022,Pública,Ametista,7.903311111100001,10.0,8.0,7.4305555555,8.502,7.51,7.5,7.33,8.0,8.0,,,,,Ágata,False,Adequado (≥ 0),2,0.0,False
2024,RA-1069,2.0,2,0.0,12,Masculino,2023,Pública,Ametista,7.678917391300001,10.0,6.25,7.0760869565,9.002,7.51,8.125,7.75,7.0,5.5,,,,,Ametista,False,Adequado (≥ 0),1,0.0,False
2024,RA-1476,2.0,2,0.0,11,Feminino,2024,Pública,Topázio,8.80795,10.0,8.5,10.0,9.502,5.635,8.4375,8.7525,8.0,9.0,,,,,,False,Adequado (≥ 0),0,0.0,False
2024,RA-827,2.0,2,0.0,12,Feminino,2022,Pública,Topázio,8.2483467391,10.0,7.25,9.782608695499999,10.002,5.01,7.65625,7.875,6.0,8.5,,,,,Ametista,False,Adequado (≥ 0),2,0.0,False
2024,RA-1477,2.0,2,0.0,11,Masculino,2024,Pública,Ametista,7.0514989130000005,10.0,5.0,8.010869565,8.002,7.51,6.40625,6.2875,5.0,5.0,,,,,,False,Adequado (≥ 0),0,0.0,False
2024,RA-762,2.0,4,-2.0,14,Masculino,2022,Pública,Quartzo,5.9677326087,5.0,3.75,6.4239130435,10.002,6.26,6.5625,5.7525,4.0,3.5,,,,,Ametista,False,Moderada (-1 a -2),2,1.0,False
2024,RA-778,2.0,2,0.0,11,Feminino,2021,Pública,Topázio,8.0754139589,10.0,7.0,8.1235697945,10.002,7.51,7.5,7.7475,5.0,9.0,,,,,Ametista,False,Adequado (≥ 0),3,0.0,False
2024,RA-591,2.0,3,-1.0,13,Masculino,2021,Pública,Ágata,6.8360336957,5.0,7.5,7.913043478500001,7.418,6.255,5.78125,6.54,6.0,9.0,,,,,Ametista,False,Moderada (-1 a -2),3,1.0,False
2024,RA-1478,2.0,2,0.0,11,Masculino,2024,Pública,Ágata,6.7210333334,10.0,4.25,6.666666667,8.002,6.255,6.875,7.1225,4.0,4.5,,,,,,False,Adequado (≥ 0),0,0.0,False
2024,RA-829,2.0,1,1.0,10,Feminino,2022,Privada / bolsa,Topázio,9.171825000000002,10.0,8.0,9.75,9.502,9.38,8.90625,9.215,6.0,10.0,,,,,Topázio,False,Adequado (≥ 0),2,0.0,False
2024,RA-1479,2.0,2,0.0,12,Masculino,2024,Pública,Ágata,6.615766239300001,10.0,4.25,6.1965811965,8.502,7.51,7.1875,6.0325,4.0,4.5,,,,,,False,Adequado (≥ 0),0,0.0,False
2024,RA-1480,2.0,3,-1.0,12,Masculino,2024,Pública,Ametista,7.09445,5.0,5.5,8.875,8.502,7.51,7.1875,6.9975,,5.5,,,,,,False,Moderada (-1 a -2),0,1.0,False
2024,RA-438,2.0,3,-1.0,12,Masculino,2022,Pública,Ametista,7.930283695700001,5.0,8.25,8.6630434785,9.168,7.51,7.96875,7.915,7.0,9.5,,,,,Ágata,False,Moderada (-1 a -2),2,1.0,False
2024,RA-607,2.0,2,0.0,12,Masculino,2022,Pública,Ametista,7.6486021739000005,10.0,7.0,7.4782608695,8.502,7.51,7.1875,7.165,7.0,7.0,,,,,Ametista,False,Adequado (≥ 0),2,0.0,False
2024,RA-1481,2.0,3,-1.0,12,Feminino,2024,Pública,Ágata,6.860721739100001,5.0,4.75,8.782608695499999,8.502,7.51,6.875,6.8275,4.0,5.5,,,,,,False,Moderada (-1 a -2),0,1.0,False
2024,RA-1482,2.0,3,-1.0,14,Masculino,2024,Pública,Quartzo,5.2257,5.0,0.0,5.0,8.502,7.51,7.5,6.8725,0.0,0.0,,,,,,False,Moderada (-1 a -2),0,1.0,False
2024,RA-1483,2.0,2,0.0,11,Masculino,2024,Pública,Ametista,7.311433695700001,10.0,6.5,7.913043478500001,9.502,7.51,5.78125,5.7475,6.0,7.0,,,,,,False,Adequado (≥ 0),0,0.0,False
2024,RA-1484,2.0,3,-1.0,14,Feminino,2024,Pública,Ametista,7.754200000000001,5.0,7.0,10.0,9.002,6.26,7.5,7.89,5.0,9.0,,,,,,False,Moderada (-1 a -2),0,1.0,False
2024,RA-1485,2.0,3,-1.0,13,Masculino,2024,Pública,Ágata,6.7386875776999995,5.0,5.0,7.7432712215,9.002,5.625,7.5,7.386666667,5.0,5.0,,,,,,False,Moderada (-1 a -2),0,1.0,False
2024,RA-1486,2.0,2,0.0,11,Masculino,2024,Pública,Ágata,6.865474509900001,10.0,5.75,5.431372549,8.002,6.26,7.916666667,7.056666667,6.0,5.5,,,,,,False,Adequado (≥ 0),0,0.0,False
2024,RA-597,2.0,2,0.0,11,Masculino,2022,Pública,Ametista,7.843291097300001,10.0,6.0,9.3271221535,9.002,7.51,7.5,6.883333333,5.0,7.0,,,,,Topázio,False,Adequado (≥ 0),2,0.0,False
2024,RA-624,2.0,2,0.0,12,Masculino,2022,Pública,Ametista,7.229425672900001,10.0,4.0,8.219461698,8.002,7.51,7.916666667,7.213333333,8.0,0.0,,,,,Topázio,False,Adequado (≥ 0),2,0.0,False
2024,RA-1487,2.0,3,-1.0,13,Feminino,2024,Pública,Topázio,8.0267434782,5.0,8.25,9.5652173915,10.002,6.26,7.708333333,7.833333333,7.0,9.5,,,,,,False,Moderada (-1 a -2),0,1.0,False
2024,RA-1488,2.0,2,0.0,11,Feminino,2024,Pública,Ágata,6.7668935818000016,10.0,3.5,7.111801242,8.002,7.51,7.5,6.716666667,7.0,0.0,,,,,,False,Adequado (≥ 0),0,0.0,False
2024,RA-1489,2.0,3,-1.0,12,Masculino,2024,Pública,Quartzo,5.9842289855000015,5.0,5.0,5.793478261000001,9.002,6.26,6.666666667,5.663333333,5.0,5.0,,,,,,False,Moderada (-1 a -2),0,1.0,False
2024,RA-600,2.0,2,0.0,11,Feminino,2021,Pública,Ametista,7.847373913,10.0,7.5,8.010869565,8.002,7.51,7.5,7.22,8.0,7.0,,,,,Ametista,False,Adequado (≥ 0),3,0.0,False
2024,RA-663,2.0,3,-1.0,12,Masculino,2022,Pública,Ágata,6.696419461700001,5.0,6.5,7.0910973085,8.502,5.625,6.875,6.89,6.0,7.0,,,,,Ágata,False,Moderada (-1 a -2),2,1.0,False
2024,RA-1490,2.0,3,-1.0,12,Feminino,2024,Privada / bolsa,Ametista,7.3725768116,5.0,7.75,9.5652173915,8.502,6.26,6.666666667,6.333333333,8.0,7.5,,,,,,False,Moderada (-1 a -2),0,1.0,False
2024,RA-1491,2.0,2,0.0,12,Masculino,2024,Pública,Ametista,7.5072,10.0,6.5,6.25,9.002,7.51,7.5,7.78,6.0,7.0,,,,,,False,Adequado (≥ 0),0,0.0,False
2024,RA-1066,2.0,2,0.0,11,Feminino,2023,Pública,Ametista,7.9326223603,10.0,7.25,8.3954451345,9.502,6.26,7.5,7.386666667,7.0,7.5,,,,,Ametista,False,Adequado (≥ 0),1,0.0,False
2024,RA-630,2.0,2,0.0,11,Masculino,2022,Pública,Ágata,6.879985507300001,10.0,5.75,8.4782608695,0.0,7.51,7.5,7.666666667,6.0,5.5,,,,,Ametista,False,Adequado (≥ 0),2,0.0,False
2024,RA-1492,2.0,1,1.0,9,Masculino,2024,Pública,Topázio,8.479020512900002,10.0,8.0,8.8141025645,8.002,7.51,8.75,8.45,6.0,10.0,,,,,,False,Adequado (≥ 0),0,0.0,False
2024,RA-834,2.0,2,0.0,11,Masculino,2022,Pública,Topázio,8.513646169700001,10.0,8.75,9.109730849,8.002,6.26,7.708333333,8.723333333,9.0,8.5,,,,,Topázio,False,Adequado (≥ 0),2,0.0,False
2024,RA-784,2.0,2,0.0,11,Feminino,2022,Privada / bolsa,Topázio,8.8857454545,10.0,8.75,9.7727272725,8.002,5.635,9.375,9.4,8.0,9.5,,,,,Topázio,False,Adequado (≥ 0),2,0.0,False
2024,RA-1059,2.0,2,0.0,11,Masculino,2023,Pública,Topázio,8.678450000000002,10.0,7.5,10.0,8.002,6.26,9.0625,9.23,7.5,7.5,,,,,Ametista,False,Adequado (≥ 0),1,0.0,False
2024,RA-612,2.0,2,0.0,12,Feminino,2021,Privada / bolsa,Topázio,9.134040909100001,10.0,9.75,9.5454545455,8.002,6.26,9.6875,9.4,9.5,10.0,,,,,Topázio,False,Adequado (≥ 0),3,0.0,False
2024,RA-1060,2.0,2,0.0,12,Masculino,2023,Pública,Ágata,6.448416666600001,10.0,3.25,6.0,9.585,6.26,7.8125,6.163333333,3.5,3.0,,,,,Ametista,False,Adequado (≥ 0),1,0.0,False
2024,RA-761,2.0,2,0.0,11,Masculino,2022,Pública,Topázio,8.174593939300001,10.0,7.25,8.8636363635,8.502,6.26,8.75,8.003333333,8.0,6.5,,,,,Topázio,False,Adequado (≥ 0),2,0.0,False
2024,RA-1493,2.0,3,-1.0,12,Masculino,2024,Pública,Ágata,6.378661323900001,5.0,4.0,7.8468899525,8.502,7.51,7.1875,5.946666667,3.5,4.5,,,,,,False,Moderada (-1 a -2),0,1.0,False
2024,RA-665,2.0,3,-1.0,12,Feminino,2022,Pública,Quartzo,5.698703030200001,5.0,4.75,5.068181818,8.334,5.63,7.5,5.443333333,3.0,6.5,,,,,Ágata,False,Moderada (-1 a -2),2,1.0,False
2024,RA-1115,2.0,2,0.0,12,Feminino,2023,Pública,Ágata,6.570068686900001,10.0,6.25,4.2676767675,8.002,7.51,7.5,5.826666667,6.5,6.0,,,,,Ágata,False,Adequado (≥ 0),1,0.0,False
2024,RA-1061,2.0,2,0.0,11,Masculino,2023,Pública,Topázio,8.76595,10.0,8.5,10.0,8.502,6.26,8.4375,8.73,7.0,10.0,,,,,Topázio,False,Adequado (≥ 0),1,0.0,False
2024,RA-1494,2.0,2,0.0,11,Feminino,2024,Pública,Quartzo,5.8748823529,10.0,4.25,6.7794117645,0.0,7.51,7.5,5.84,8.5,0.0,,,,,,False,Adequado (≥ 0),0,0.0,False
2024,RA-1495,2.0,2,0.0,11,Feminino,2021,Pública,Topázio,8.4845030302,10.0,8.25,8.318181818,9.002,7.51,8.75,8.223333333,8.5,8.0,,,,,,False,Adequado (≥ 0),3,0.0,False
2024,RA-606,2.0,2,0.0,11,Masculino,2022,Pública,Ágata,6.645260606100001,10.0,3.25,7.6136363634999995,8.502,6.885,8.125,5.606666667,3.5,3.0,,,,,Ametista,False,Adequado (≥ 0),2,0.0,False
2024,RA-594,2.0,2,0.0,12,Masculino,2022,Pública,Ágata,6.890966666600001,10.0,7.0,5.75,6.918,6.26,8.125,6.053333333,6.5,7.5,,,,,Ágata,False,Adequado (≥ 0),2,0.0,False
2024,RA-1496,2.0,2,0.0,12,Feminino,2024,Pública,Ágata,6.7799738095,10.0,4.25,5.714285714500001,9.002,7.51,7.8125,6.773333333,2.5,6.0,,,,,,False,Adequado (≥ 0),0,0.0,False
2024,RA-1497,2.0,2,0.0,12,Feminino,2024,Pública,Quartzo,5.2423787879,10.0,2.0,5.0227272725,0.0,7.51,6.875,6.996666667,4.0,0.0,,,,,,False,Adequado (≥ 0),0,0.0,False
2024,RA-1498,2.0,3,-1.0,13,Feminino,2024,Pública,Ametista,7.147881818200001,5.0,7.0,7.840909091,8.502,7.51,8.125,6.33,5.0,9.0,,,,,,False,Moderada (-1 a -2),0,1.0,False
2024,RA-1499,2.0,2,0.0,12,Feminino,2024,Pública,Ametista,7.914800000000001,10.0,6.5,9.25,8.418,6.885,8.125,7.11,6.0,7.0,,,,,,False,Adequado (≥ 0),0,0.0,False
2024,RA-788,2.0,2,0.0,10,Masculino,2021,Privada / bolsa,Ametista,7.9221068268,10.0,5.75,9.519450801,8.418,6.26,8.4375,7.783333333,4.0,7.5,,,,,Ametista,False,Adequado (≥ 0),3,0.0,False
2024,RA-1500,2.0,2,0.0,11,Masculino,2024,Pública,Ametista,7.360450000100002,10.0,3.5,8.3333333335,9.502,6.885,8.4375,7.556666667,2.0,5.0,,,,,,False,Adequado (≥ 0),0,0.0,False
2024,RA-777,2.0,2,0.0,10,Feminino,2022,Pública,Ametista,7.563515408100001,10.0,4.5,8.7757437075,8.002,7.51,8.125,7.723333333,3.5,5.5,,,,,Ametista,False,Adequado (≥ 0),2,0.0,False
2024,RA-1063,2.0,3,-1.0,12,Masculino,2023,Pública,Ametista,7.279250000000001,5.0,7.75,9.75,5.25,7.51,7.8125,6.11,9.0,6.5,,,,,Ametista,False,Moderada (-1 a -2),1,1.0,False
2024,RA-664,2.0,2,0.0,12,Feminino,2022,Pública,Ametista,7.5017244089,10.0,5.75,6.7734553775,9.002,7.51,8.125,7.666666667,3.0,8.5,,,,,Topázio,False,Adequado (≥ 0),2,0.0,False
2024,RA-1501,2.0,2,0.0,11,Feminino,2024,Pública,Topázio,8.04495,10.0,5.0,10.0,9.502,7.51,8.4375,7.5,4.5,5.5,,,,,,False,Adequado (≥ 0),0,0.0,False
2024,RA-764,2.0,2,0.0,10,Masculino,2022,Privada / bolsa,Ametista,7.838370289900001,10.0,6.0,7.8804347825,8.002,7.51,8.4375,8.336666667,3.0,9.0,,,,,Ametista,False,Adequado (≥ 0),2,0.0,False
2024,RA-1064,2.0,2,0.0,11,Masculino,2023,Pública,Topázio,8.9802350877,10.0,8.5,9.7368421055,9.502,7.51,8.75,8.783333333,8.0,9.0,,,,,Topázio,False,Adequado (≥ 0),1,0.0,False
2024,RA-1065,2.0,2,0.0,11,Feminino,2023,Pública,Topázio,8.8634934783,10.0,9.25,8.8152173915,9.502,6.26,9.0625,8.84,9.0,9.5,,,,,Topázio,False,Adequado (≥ 0),1,0.0,False
2024,RA-1502,2.0,3,-1.0,12,Feminino,2024,Pública,Ágata,6.886091025600001,5.0,5.25,7.628205128,8.002,7.51,7.8125,7.39,3.5,7.0,,,,,,False,Moderada (-1 a -2),0,1.0,False
2024,RA-781,2.0,2,0.0,11,Feminino,2021,Pública,Topázio,8.496283333400001,10.0,7.25,9.75,8.002,7.51,8.4375,8.506666667,5.0,9.5,,,,,Topázio,False,Adequado (≥ 0),3,0.0,False
2024,RA-608,2.0,2,0.0,11,Masculino,2022,Pública,Quartzo,5.778986231800001,10.0,4.25,3.054347826,9.002,6.885,7.1875,5.053333333,5.0,3.5,,,,,Ametista,False,Adequado (≥ 0),2,0.0,False
2024,RA-796,2.0,3,-1.0,12,Feminino,2022,Pública,Ametista,7.052457703200001,5.0,5.25,8.2212885155,8.502,7.51,7.916666667,7.326666667,3.0,7.5,,,,,Ametista,False,Moderada (-1 a -2),2,1.0,False
2024,RA-797,2.0,3,-1.0,12,Masculino,2021,Pública,Ágata,6.597315151500001,5.0,7.25,4.840909091,9.168,7.51,6.666666667,6.723333333,8.0,6.5,,,,,Ametista,False,Moderada (-1 a -2),3,1.0,False
2024,RA-636,2.0,2,0.0,12,Masculino,2022,Pública,Ágata,6.3802279106,10.0,5.25,4.9043062200000005,8.002,7.51,6.875,5.553333333,4.0,6.5,,,,,Ágata,False,Adequado (≥ 0),2,0.0,False
2024,RA-1140,2.0,2,0.0,12,Feminino,2023,Pública,Ametista,7.3473880383,10.0,7.0,6.112440191499999,6.834,7.51,8.125,7.39,4.5,9.5,,,,,Ametista,False,Adequado (≥ 0),1,0.0,False
2024,RA-1503,2.0,3,-1.0,13,Feminino,2024,Pública,Ágata,6.991699999900001,5.0,2.75,10.0,7.502,7.51,8.958333333,7.723333333,3.0,2.5,,,,,,False,Moderada (-1 a -2),0,1.0,False
2024,RA-814,2.0,2,0.0,11,Masculino,2022,Pública,Ametista,7.971648484800001,10.0,7.5,9.090909091,7.418,7.51,7.5,7.053333333,8.0,7.0,,,,,Topázio,False,Adequado (≥ 0),2,0.0,False
2024,RA-637,2.0,2,0.0,12,Feminino,2021,Pública,Ametista,7.6853212122,10.0,7.75,6.2272727275,7.502,7.51,8.333333333,7.776666667,6.5,9.0,,,,,Topázio,False,Adequado (≥ 0),3,0.0,False
2024,RA-652,2.0,2,0.0,11,Feminino,2022,Pública,Ametista,7.361896969700001,10.0,5.5,6.931818182000001,8.002,7.51,7.916666667,7.663333333,4.5,6.5,,,,,Ametista,False,Adequado (≥ 0),2,0.0,False
2024,RA-816,2.0,2,0.0,11,Feminino,2022,Privada / bolsa,Topázio,8.929745454599999,10.0,9.25,9.7727272725,7.002,7.51,9.166666667,8.786666667,8.5,10.0,,,,,Topázio,False,Adequado (≥ 0),2,0.0,False
2024,RA-1504,2.0,3,-1.0,12,Feminino,2024,Pública,Ágata,6.057060605999999,5.0,6.75,4.6136363634999995,7.5,5.63,5.833333333,6.94,5.0,8.5,,,,,,False,Moderada (-1 a -2),0,1.0,False
2024,RA-638,2.0,2,0.0,11,Feminino,2021,Pública,Ágata,6.7464878789,10.0,5.0,5.7272727275,8.502,7.51,8.125,5.936666667,4.0,6.0,,,,,Ametista,False,Adequado (≥ 0),3,0.0,False
2024,RA-1505,2.0,3,-1.0,13,Masculino,2024,Pública,Ágata,6.7199171717,5.0,3.75,7.5252525255,9.502,7.51,8.75,6.943333333,3.0,4.5,,,,,,False,Moderada (-1 a -2),0,1.0,False
2024,RA-643,2.0,3,-1.0,12,Masculino,2022,Pública,Ágata,6.402239075100001,5.0,4.5,6.8660287085,9.002,7.51,8.125,5.826666667,3.0,6.0,,,,,Ametista,False,Moderada (-1 a -2),2,1.0,False
2024,RA-645,2.0,2,0.0,12,Feminino,2022,Pública,Ametista,7.502239394,10.0,5.25,8.3863636365,7.418,7.51,7.708333333,7.556666667,3.0,7.5,,,,,Ametista,False,Adequado (≥ 0),2,0.0,False
2024,RA-1068,2.0,2,0.0,11,Masculino,2023,Pública,Topázio,9.0150030303,10.0,9.5,9.068181818,9.502,7.51,8.541666667,8.73,9.0,10.0,,,,,Topázio,False,Adequado (≥ 0),1,0.0,False
2024,RA-798,2.0,3,-1.0,12,Masculino,2022,Pública,Quartzo,4.6743653679,5.0,4.75,3.5064935065,6.834,7.51,5.0,2.943333333,4.0,5.5,,,,,Ametista,False,Moderada (-1 a -2),2,1.0,False
2024,RA-799,2.0,2,0.0,11,Feminino,2022,Pública,Ametista,7.702648484900001,10.0,5.25,9.090909091,7.918,7.51,7.916666667,7.5,5.0,5.5,,,,,Topázio,False,Adequado (≥ 0),2,0.0,False
2024,RA-1506,2.0,2,0.0,11,Feminino,2024,Pública,Ametista,7.151855844200001,10.0,3.5,8.3874458875,8.002,7.51,6.458333333,7.886666667,0.0,7.0,,,,,,False,Adequado (≥ 0),0,0.0,False
2024,RA-802,2.0,2,0.0,11,Masculino,2021,Pública,Ametista,7.8317974024999994,10.0,8.75,7.012987013,7.502,7.51,8.333333333,6.723333333,9.0,8.5,,,,,Topázio,False,Adequado (≥ 0),3,0.0,False
2024,RA-1507,2.0,3,-1.0,12,Masculino,2024,Pública,Quartzo,5.046077056300001,5.0,5.0,4.448051948,6.918,7.51,4.583333333,3.776666667,5.0,5.0,,,,,,False,Moderada (-1 a -2),0,1.0,False
2024,RA-1071,2.0,3,-1.0,12,Masculino,2023,Pública,Quartzo,4.8048623378,5.0,4.5,4.188311688500001,8.002,7.51,4.166666667,2.996666667,4.0,5.0,,,,,Ágata,False,Moderada (-1 a -2),1,1.0,False
2024,RA-1508,2.0,2,0.0,10,Feminino,2024,Pública,Topázio,8.1804207793,10.0,9.25,7.2294372295,7.502,7.51,7.5,8.166666667,10.0,8.5,,,,,,False,Adequado (≥ 0),0,0.0,False
2024,RA-1509,2.0,2,0.0,11,Masculino,2024,Pública,Ametista,7.560230303200001,10.0,7.5,6.5151515155,8.502,7.51,6.666666667,7.446666667,7.0,8.0,,,,,,False,Adequado (≥ 0),0,0.0,False
2024,RA-1510,2.0,2,0.0,11,Feminino,2024,Pública,Topázio,9.464745454400001,10.0,10.0,9.7727272725,10.002,7.51,9.583333333,9.003333333,10.0,10.0,,,,,,False,Adequado (≥ 0),0,0.0,False
2024,RA-785,2.0,2,0.0,11,Feminino,2022,Pública,Topázio,9.1548666666,10.0,9.0,10.0,9.502,7.51,8.75,8.893333333,8.0,10.0,,,,,Topázio,False,Adequado (≥ 0),2,0.0,False
2024,RA-1511,2.0,2,0.0,11,Feminino,2024,Pública,Topázio,8.9217077641,10.0,8.75,9.3271221535,10.002,7.51,8.4375,8.556666667,8.0,9.5,,,,,,False,Adequado (≥ 0),0,0.0,False
2024,RA-752,2.0,3,-1.0,12,Feminino,2022,Pública,Ágata,6.57279265,5.0,5.75,7.525879916999999,9.502,7.51,5.9375,5.613333333,7.0,4.5,,,,,Topázio,False,Moderada (-1 a -2),2,1.0,False
2024,RA-790,2.0,3,-1.0,13,Masculino,2022,Pública,Ágata,6.8089355072,5.0,6.75,6.811594203,7.502,7.51,7.1875,6.883333333,4.0,9.5,,,,,Ágata,False,Moderada (-1 a -2),2,1.0,False
2024,RA-590,2.0,3,-1.0,12,Feminino,2021,Privada / bolsa,Ágata,6.712378053800001,5.0,4.0,8.457556936,8.002,6.26,7.5,7.723333333,8.0,0.0,,,,,Ametista,False,Moderada (-1 a -2),3,1.0,False
2024,RA-1512,2.0,2,0.0,10,Feminino,2024,Pública,Topázio,8.10445,10.0,5.5,10.0,9.502,7.51,7.8125,7.61,7.0,4.0,,,,,,False,Adequado (≥ 0),0,0.0,False
2024,RA-472,2.0,3,-1.0,14,Feminino,2022,Pública,Ágata,6.6397610766,5.0,6.25,7.48447205,7.502,7.51,6.25,6.333333333,4.0,8.5,,,,,Ágata,False,Moderada (-1 a -2),2,1.0,False
2024,RA-628,2.0,3,-1.0,13,Masculino,2022,Pública,Topázio,8.2366166666,5.0,9.0,10.0,9.002,7.51,7.1875,7.833333333,8.0,10.0,,,,,Topázio,False,Moderada (-1 a -2),2,1.0,False
2024,RA-1513,2.0,3,-1.0,12,Feminino,2024,Pública,Ágata,6.5509171717,5.0,3.75,7.5252525255,8.502,7.51,7.5,7.223333333,4.0,3.5,,,,,,False,Moderada (-1 a -2),0,1.0,False
2024,RA-1514,2.0,2,0.0,12,Feminino,2024,Pública,Ametista,7.520576262600001,10.0,5.5,7.979797980000001,9.002,7.51,7.1875,7.273333333,5.0,6.0,,,,,,False,Adequado (≥ 0),0,0.0,False
2024,RA-629,2.0,2,0.0,11,Feminino,2022,Pública,Topázio,8.061295238200001,10.0,6.0,9.523809524,10.002,7.51,7.5,7.276666667,6.0,6.0,,,,,Topázio,False,Adequado (≥ 0),2,0.0,False
2024,RA-832,2.0,2,0.0,11,Masculino,2022,Pública,Topázio,8.2403304348,10.0,8.0,8.695652174,9.002,7.51,7.5,7.5,7.0,9.0,,,,,Topázio,False,Adequado (≥ 0),2,0.0,False
2024,RA-1515,2.0,3,-1.0,12,Feminino,2024,Pública,Quartzo,5.832133333300001,5.0,3.5,6.6666666665,6.418,6.255,6.875,6.72,6.0,1.0,,,,,,False,Moderada (-1 a -2),0,1.0,False
2024,RA-833,2.0,2,0.0,11,Masculino,2022,Pública,Topázio,8.5184577641,10.0,8.0,9.3271221535,9.002,7.51,8.125,7.946666667,9.0,7.0,,,,,Ametista,False,Adequado (≥ 0),2,0.0,False
2024,RA-819,2.0,1,1.0,10,Masculino,2022,Pública,Topázio,8.652552484400001,10.0,9.0,7.784679089,10.002,7.51,8.4375,8.503333333,8.0,10.0,,,,,Ametista,False,Adequado (≥ 0),2,0.0,False
2024,RA-1073,3.0,3,0.0,13,Feminino,2022,Pública,Ametista,7.0859945773333335,10.0,6.5,6.370972886666667,9.168,7.5,6.875,5.7875,6.5,5.0,8.0,,,,Ágata,False,Adequado (≥ 0),2,0.0,False
2024,RA-494,3.0,3,0.0,13,Feminino,2022,Privada / bolsa,Ametista,7.922281328333334,10.0,6.333333333333333,7.329323308333333,7.5,8.755,7.8125,8.915,6.0,5.5,7.5,,,,Ametista,False,Adequado (≥ 0),2,0.0,False
2024,RA-484,3.0,3,0.0,13,Masculino,2022,Pública,Quartzo,3.8354776573333336,10.0,0.0,3.9141382866666667,8.334,2.51,3.4375,3.1225,0.0,0.0,0.0,,,,Quartzo,False,Adequado (≥ 0),2,0.0,False
2024,RA-496,3.0,3,0.0,13,Masculino,2021,Privada / bolsa,Ágata,6.726607507733334,10.0,5.666666666666667,5.315995871999999,10.002,6.255,6.71875,6.1625,5.0,4.5,7.5,,,,Ágata,False,Adequado (≥ 0),3,0.0,False
2024,RA-1516,3.0,3,0.0,13,Feminino,2024,Privada / bolsa,Ametista,7.217066033133334,10.0,4.666666666666667,5.404288499000001,9.585,9.38,7.96875,7.5475,0.0,5.0,9.0,,,,,False,Adequado (≥ 0),0,0.0,False
2024,RA-1143,3.0,6,-3.0,16,Feminino,2021,Pública,Quartzo,5.881225668333334,2.5,3.1666666666666665,5.201336675,9.585,9.38,7.03125,6.79,3.0,6.5,0.0,,,,Ágata,False,Severa (≤ -3),3,1.0,False
2024,RA-1517,3.0,4,-1.0,15,Masculino,2024,Pública,Ágata,6.240744444466667,5.0,4.666666666666667,4.305555555666667,9.168,9.38,7.5,6.7075,5.0,4.5,4.5,,,,,False,Moderada (-1 a -2),0,1.0,False
2024,RA-1518,3.0,4,-1.0,15,Feminino,2022,Pública,Quartzo,5.721382142866666,5.0,1.75,5.714285714333333,7.084,9.38,7.65625,6.5825,0.0,3.5,,,,,,False,Moderada (-1 a -2),2,1.0,False
2024,RA-227,3.0,3,0.0,13,Masculino,2022,Pública,Topázio,8.074015455333335,10.0,6.5,8.097577276666668,9.585,9.38,7.5,7.54,4.0,6.0,9.5,,,,Ametista,False,Adequado (≥ 0),2,0.0,False
2024,RA-487,3.0,3,0.0,12,Feminino,2021,Privada / bolsa,Topázio,9.4171373016,10.0,9.666666666666666,9.441269841333334,9.168,9.38,9.0625,9.1725,10.0,9.0,10.0,,,,Topázio,False,Adequado (≥ 0),3,0.0,False
2024,RA-1076,3.0,3,0.0,13,Feminino,2021,Pública,Ametista,7.479598365200001,10.0,6.333333333333333,7.777033492666668,8.334,8.125,7.03125,6.5425,5.5,6.5,7.0,,,,Ametista,False,Adequado (≥ 0),3,0.0,False
2024,RA-1084,3.0,3,0.0,12,Feminino,2023,Pública,Ágata,6.9071109649333335,10.0,3.6666666666666665,7.705263158,8.751,5.63,7.03125,7.4575,1.0,6.0,4.0,,,,Ametista,False,Adequado (≥ 0),1,0.0,False
2024,RA-1519,3.0,3,0.0,15,Masculino,2024,,Ametista,7.210222117800001,10.0,4.833333333333333,5.560902255666666,9.585,8.755,7.96875,7.5025,0.0,6.5,8.0,,,,,False,Adequado (≥ 0),0,0.0,False
2024,RA-490,3.0,2,1.0,12,Feminino,2022,Privada / bolsa,Ametista,7.368084290266667,10.0,6.166666666666667,5.5110047846666665,9.168,8.755,7.8125,7.295,5.5,6.0,7.0,,,,Ametista,False,Adequado (≥ 0),2,0.0,False
2024,RA-346,3.0,3,0.0,12,Masculino,2022,Pública,Ametista,7.761749603200001,10.0,6.166666666666667,9.149206349333333,10.002,2.51,7.96875,8.2525,6.0,4.5,8.0,,,,Ametista,False,Adequado (≥ 0),2,0.0,False
2024,RA-546,3.0,3,0.0,13,Feminino,2021,Pública,Quartzo,5.702426010066667,10.0,4.666666666666667,3.7838383836666662,5.832,8.135,5.15625,5.5,0.0,4.0,10.0,,,,Ágata,False,Adequado (≥ 0),3,0.0,False
2024,RA-1087,3.0,3,0.0,13,Feminino,2023,Pública,Ágata,6.913936532,10.0,2.6666666666666665,8.393265993333333,7.917,8.755,7.1875,6.58,2.0,5.0,1.0,,,,Ametista,False,Adequado (≥ 0),1,0.0,False
2024,RA-493,3.0,2,1.0,11,Feminino,2021,Pública,Ametista,7.4643250000000005,10.0,3.1666666666666665,8.933333333333334,10.002,10.0,7.03125,6.705,3.0,4.0,2.5,,,,Ametista,False,Adequado (≥ 0),3,0.0,False
2024,RA-1520,3.0,4,-1.0,14,Feminino,2024,Pública,Ametista,7.0026462121333335,5.0,3.75,9.060606060666666,8.334,8.75,7.65625,7.3325,4.0,3.5,,,,,,False,Moderada (-1 a -2),0,1.0,False
2024,RA-1072,3.0,3,0.0,12,Masculino,2023,Pública,Ametista,7.8153856754,10.0,8.166666666666666,5.627886710333333,8.751,8.755,7.96875,7.545,8.0,7.0,9.5,,,,Topázio,False,Adequado (≥ 0),1,0.0,False
2024,RA-1521,3.0,4,-1.0,14,Feminino,2024,Pública,Quartzo,5.065788844333333,5.0,3.1666666666666665,6.157902555,7.5,2.51,6.09375,5.4525,2.0,5.5,2.0,,,,,False,Moderada (-1 a -2),0,1.0,False
2024,RA-536,3.0,2,1.0,11,Feminino,2021,Pública,Ametista,7.7704681818,10.0,5.5,9.109090909,8.334,8.135,7.1875,7.415,6.5,4.5,5.5,,,,Ametista,False,Adequado (≥ 0),3,0.0,False
2024,RA-1079,3.0,3,0.0,13,Masculino,2023,Pública,Quartzo,5.4253413299333335,10.0,6.333333333333333,4.516498316333333,7.5,2.51,4.21875,4.1625,5.0,7.5,6.5,,,,Ágata,False,Adequado (≥ 0),1,0.0,False
2024,RA-331,3.0,4,-1.0,14,Feminino,2021,Pública,Ágata,6.231045707066668,5.0,3.5,7.735353535333334,8.751,8.755,6.09375,5.62,4.0,3.5,3.0,,,,Ametista,False,Moderada (-1 a -2),3,1.0,False
2024,RA-1522,3.0,3,0.0,13,Masculino,2024,Pública,Topázio,8.3261,10.0,7.0,10.0,8.751,9.38,6.875,7.1275,10.0,4.0,,,,,,False,Adequado (≥ 0),0,0.0,False
2024,RA-1096,3.0,2,1.0,11,Feminino,2023,Pública,Topázio,9.189883333333334,10.0,8.5,9.866666666666667,9.168,8.755,9.0625,9.09,8.5,7.0,10.0,,,,Topázio,False,Adequado (≥ 0),1,0.0,False
2024,RA-513,3.0,2,1.0,11,Masculino,2021,Privada / bolsa,Topázio,8.728632539666668,10.0,7.666666666666667,8.831746031666666,10.002,8.135,9.0625,8.545,9.0,5.5,8.5,,,,Topázio,False,Adequado (≥ 0),3,0.0,False
2024,RA-531,3.0,3,0.0,12,Masculino,2022,Pública,Ametista,7.9127926470666665,10.0,6.666666666666667,9.803921568666667,9.168,4.38,7.96875,7.335,6.5,4.5,9.0,,,,Topázio,False,Adequado (≥ 0),2,0.0,False
2024,RA-1523,3.0,2,1.0,11,Masculino,2024,Pública,Topázio,8.67371279,10.0,8.166666666666666,9.283272283333334,6.666,8.755,8.90625,8.755,8.0,6.5,10.0,,,,,False,Adequado (≥ 0),0,0.0,False
2024,RA-1524,3.0,4,-1.0,14,Feminino,2024,Pública,Quartzo,5.5473805555333335,5.0,4.0,2.777777777666667,7.917,7.51,7.65625,6.9175,4.0,,,,,,,False,Moderada (-1 a -2),0,1.0,False
2024,RA-1147,3.0,4,-1.0,15,Feminino,2023,Pública,Quartzo,5.833118518533334,5.0,3.1666666666666665,6.125925926,8.751,8.755,6.25,5.495,2.0,5.0,2.5,,,,Ametista,False,Moderada (-1 a -2),1,1.0,False
2024,RA-479,3.0,2,1.0,12,Masculino,2021,Privada / bolsa,Topázio,8.901966666666668,10.0,9.666666666666666,9.866666666666667,9.168,2.51,9.375,9.45,10.0,9.0,10.0,,,,Topázio,False,Adequado (≥ 0),3,0.0,False
2024,RA-517,3.0,3,0.0,14,Feminino,2021,Pública,Quartzo,5.880466583166668,10.0,5.0,5.266499582333334,7.5,2.51,6.041666667,6.11,4.5,4.0,6.5,,,,Ágata,False,Adequado (≥ 0),3,0.0,False
2024,RA-325,3.0,3,0.0,12,Masculino,2022,Pública,Topázio,8.385133333233336,10.0,7.0,9.866666666666667,9.168,7.51,8.333333333,7.553333333,7.0,5.5,8.5,,,,Ágata,False,Adequado (≥ 0),2,0.0,False
2024,RA-1525,3.0,3,0.0,13,Masculino,2024,Pública,Ametista,7.778263492033334,10.0,7.0,8.293650793666666,7.917,5.63,8.541666667,7.553333333,6.5,5.5,9.0,,,,,False,Adequado (≥ 0),0,0.0,False
2024,RA-518,3.0,3,0.0,12,Masculino,2022,Pública,Ágata,6.3467483709,10.0,4.0,6.8300751879999995,8.334,2.51,7.083333333,6.94,7.5,3.5,1.0,,,,Ametista,False,Adequado (≥ 0),2,0.0,False
2024,RA-1146,3.0,5,-2.0,15,Feminino,2023,Pública,Quartzo,5.3933086048000005,5.0,2.0,5.017209691,10.002,6.88,6.25,5.883333333,2.0,0.0,4.0,,,,Ágata,False,Moderada (-1 a -2),1,1.0,False
2024,RA-530,3.0,3,0.0,12,Masculino,2021,Pública,Ametista,7.214534419433333,10.0,4.5,6.468838763666667,8.751,9.38,7.083333333,7.496666667,4.0,6.0,3.5,,,,Ametista,False,Adequado (≥ 0),3,0.0,False
2024,RA-524,3.0,3,0.0,13,Masculino,2021,Pública,Ametista,7.026322556366667,10.0,8.666666666666666,5.111779448666667,7.083,2.51,8.333333333,7.39,8.5,7.5,10.0,,,,Ametista,False,Adequado (≥ 0),3,0.0,False
2024,RA-578,3.0,2,1.0,12,Masculino,2021,Privada / bolsa,Topázio,9.066199999966669,10.0,9.833333333333334,10.0,10.002,2.51,9.583333333,9.45,10.0,9.5,10.0,,,,Topázio,False,Adequado (≥ 0),3,0.0,False
2024,RA-526,3.0,4,-1.0,14,Masculino,2022,Pública,Ametista,7.843157894833334,5.0,7.333333333333333,9.382456140333334,9.585,8.13,7.291666667,7.496666667,8.5,3.5,10.0,,,,Topázio,False,Moderada (-1 a -2),2,1.0,False
2024,RA-528,3.0,3,0.0,13,Masculino,2021,Pública,Ametista,7.276330075300001,10.0,6.666666666666667,5.793483709333334,9.168,7.51,7.291666667,6.936666667,8.5,4.5,7.0,,,,Ametista,False,Adequado (≥ 0),3,0.0,False
2024,RA-516,3.0,2,1.0,11,Masculino,2021,Privada / bolsa,Topázio,8.384033333366668,10.0,8.833333333333334,10.0,10.002,2.51,8.541666667,7.56,8.0,8.5,10.0,,,,Topázio,False,Adequado (≥ 0),3,0.0,False
2024,RA-534,3.0,3,0.0,14,Masculino,2021,Pública,Ametista,7.088855054266667,10.0,5.0,6.043441938333333,9.585,7.51,7.5,7.103333333,4.0,4.0,7.0,,,,Quartzo,False,Adequado (≥ 0),3,0.0,False
2024,RA-1097,3.0,4,-1.0,15,Masculino,2023,Pública,Quartzo,5.475324895633334,5.0,3.0,4.849791144666667,10.002,6.25,6.041666667,5.88,4.5,4.5,0.0,,,,Ágata,False,Moderada (-1 a -2),1,1.0,False
2024,RA-360,3.0,4,-1.0,14,Feminino,2021,Pública,Ágata,6.293175689166667,5.0,5.833333333333333,5.618045113,8.334,5.0,7.708333333,6.993333333,4.0,6.0,7.5,,,,Quartzo,False,Moderada (-1 a -2),3,1.0,False
2024,RA-1526,3.0,3,0.0,13,Feminino,2024,Pública,Ametista,7.9798,10.0,3.75,10.0,9.168,8.75,8.125,8.1275,2.0,5.5,,,,,,False,Adequado (≥ 0),0,0.0,False
2024,RA-1077,3.0,3,0.0,12,Masculino,2023,Pública,Quartzo,5.543865740733334,10.0,2.0,7.703703703666666,0.0,6.885,6.40625,6.37,0.0,6.0,0.0,,,,Ametista,False,Adequado (≥ 0),1,0.0,False
2024,RA-508,3.0,2,1.0,12,Masculino,2022,Pública,Ágata,6.771708625733333,10.0,4.666666666666667,5.567251461999999,7.083,7.51,7.65625,7.5,0.0,7.0,7.0,,,,Ametista,False,Adequado (≥ 0),2,0.0,False
2024,RA-363,3.0,3,0.0,14,Masculino,2022,Privada / bolsa,Ametista,7.617803571466666,10.0,5.333333333333333,9.523809524,9.585,5.625,7.34375,6.955,4.0,3.5,8.5,,,,Ágata,False,Adequado (≥ 0),2,0.0,False
2024,RA-340,3.0,3,0.0,13,Masculino,2021,Pública,Ágata,6.715437329466668,10.0,5.166666666666667,6.585769980666666,7.917,7.51,6.5625,5.83,6.0,7.0,2.5,,,,Ametista,False,Adequado (≥ 0),3,0.0,False
2024,RA-1527,3.0,3,0.0,13,Masculino,2024,Pública,Topázio,8.631675000000001,10.0,8.0,10.0,9.168,7.51,7.96875,7.835,9.0,7.0,,,,,,False,Adequado (≥ 0),0,0.0,False
2024,RA-509,3.0,3,0.0,13,Feminino,2021,Pública,Ágata,6.918152272733334,10.0,6.0,6.363636363666667,9.168,2.51,8.28125,7.2475,6.0,4.5,7.5,,,,Ametista,False,Adequado (≥ 0),3,0.0,False
2024,RA-500,3.0,3,0.0,12,Feminino,2021,Privada / bolsa,Topázio,8.077708333333334,10.0,6.666666666666667,10.0,9.585,2.51,8.59375,8.3775,6.0,6.0,8.0,,,,Topázio,False,Adequado (≥ 0),3,0.0,False
2024,RA-1528,3.0,3,0.0,13,Masculino,2024,Pública,Ametista,7.622584090933335,10.0,5.666666666666667,7.787878788,9.168,7.51,7.96875,7.335,3.0,6.0,8.0,,,,,False,Adequado (≥ 0),0,0.0,False
2024,RA-1089,3.0,3,0.0,12,Feminino,2023,Pública,Ametista,7.6221531746,10.0,6.833333333333333,7.039682539666667,9.168,8.13,7.1875,6.995,6.0,6.0,8.5,,,,Ametista,False,Adequado (≥ 0),1,0.0,False
2024,RA-1090,3.0,3,0.0,14,Masculino,2023,Pública,Ametista,7.7652831384,10.0,6.333333333333333,7.621832358666666,9.585,7.51,7.8125,7.4175,3.5,7.5,8.0,,,,Ametista,False,Adequado (≥ 0),1,0.0,False
2024,RA-503,3.0,2,1.0,12,Masculino,2021,Pública,Topázio,8.547495614066667,10.0,7.666666666666667,9.824561403666666,9.585,7.51,7.8125,7.7925,6.0,8.0,9.0,,,,Topázio,False,Adequado (≥ 0),3,0.0,False
2024,RA-1093,3.0,3,0.0,12,Masculino,2023,Pública,Topázio,8.5079027778,10.0,8.666666666666666,7.722222222333333,7.5,8.13,8.90625,8.8825,8.5,8.0,9.5,,,,Topázio,False,Adequado (≥ 0),1,0.0,False
2024,RA-1094,3.0,3,0.0,12,Feminino,2023,Pública,Topázio,8.0164785714,10.0,7.333333333333333,9.523809523666666,9.168,2.51,8.4375,8.1675,6.0,7.5,8.5,,,,Topázio,False,Adequado (≥ 0),1,0.0,False
2024,RA-1095,3.0,3,0.0,14,Masculino,2023,Pública,Ágata,6.108547514666667,10.0,2.3333333333333335,7.84502924,7.5,7.51,5.46875,5.125,3.0,2.0,2.0,,,,Ágata,False,Adequado (≥ 0),1,0.0,False
2024,RA-1098,3.0,3,0.0,14,Feminino,2023,Pública,Ágata,6.5744562514,10.0,3.5,5.822406257,8.751,7.51,7.34375,6.7475,1.0,3.5,6.0,,,,Ametista,False,Adequado (≥ 0),1,0.0,False
2024,RA-1106,3.0,3,0.0,13,Masculino,2023,Pública,Quartzo,5.936272086266667,10.0,0.0,5.4312354313333335,8.334,7.51,7.65625,7.5,0.0,0.0,0.0,,,,Ametista,False,Adequado (≥ 0),1,0.0,False
2024,RA-568,3.0,5,-2.0,16,Masculino,2021,Pública,Quartzo,5.545864285733334,5.0,5.166666666666667,3.2619047620000003,7.917,8.13,6.5625,5.496,5.0,5.5,5.0,,,,Ágata,False,Moderada (-1 a -2),3,1.0,False
2024,RA-558,3.0,5,-2.0,16,Masculino,2022,Pública,Quartzo,5.048054503133334,5.0,3.0,3.7763975156666674,9.168,8.13,6.09375,4.268,2.5,4.0,2.5,,,,Ágata,False,Moderada (-1 a -2),2,1.0,False
2024,RA-559,3.0,3,0.0,13,Masculino,2021,Pública,Ágata,6.158158974333333,10.0,3.1666666666666665,5.705128205,10.002,8.13,6.25,4.728,1.0,2.5,6.0,,,,Ametista,False,Adequado (≥ 0),3,0.0,False
2024,RA-1529,3.0,4,-1.0,14,Feminino,2024,Pública,Ágata,6.710079487200001,5.0,5.5,7.435897436,6.666,7.51,8.125,6.964,6.0,5.5,5.0,,,,,False,Moderada (-1 a -2),0,1.0,False
2024,RA-1111,3.0,2,1.0,12,Feminino,2023,Pública,Ágata,6.116032815733334,10.0,5.0,4.600414078666667,6.249,7.5,6.5625,5.824,5.0,4.0,6.0,,,,Ágata,False,Adequado (≥ 0),1,0.0,False
2024,RA-1108,3.0,3,0.0,13,Masculino,2023,Pública,Ágata,6.017215010400001,10.0,3.6666666666666665,3.7546583853333337,9.168,8.13,7.1875,5.422,3.5,3.5,4.0,,,,Ágata,False,Adequado (≥ 0),1,0.0,False
2024,RA-542,3.0,3,0.0,13,Feminino,2021,Pública,Ágata,6.7205649586,10.0,3.9333333333333336,6.481366459666667,8.751,8.13,7.03125,6.232,1.5,5.0,5.3,,,,Ametista,False,Adequado (≥ 0),3,0.0,False
2024,RA-543,3.0,2,1.0,12,Feminino,2022,Pública,Topázio,8.0467871118,10.0,6.833333333333333,9.616977225666666,8.751,2.51,8.90625,8.7,7.0,6.5,7.0,,,,Ametista,False,Adequado (≥ 0),2,0.0,False
2024,RA-1530,3.0,3,0.0,13,Masculino,2024,Pública,Quartzo,4.6391535714200005,10.0,2.8333333333333335,2.5238095237666665,0.0,8.13,7.03125,5.258,1.5,7.0,0.0,,,,,False,Adequado (≥ 0),0,0.0,False
2024,RA-555,3.0,4,-1.0,14,Masculino,2021,Pública,Quartzo,5.111470186333333,5.0,4.333333333333333,2.7505175983333334,10.002,6.885,5.0,5.03,5.0,4.0,4.0,,,,Quartzo,False,Moderada (-1 a -2),3,1.0,False
2024,RA-1531,3.0,4,-1.0,14,Masculino,2024,Pública,Ametista,7.0491790134,5.0,5.833333333333333,7.9726867336666665,8.751,7.505,7.34375,7.14,4.5,8.0,5.0,,,,,False,Moderada (-1 a -2),0,1.0,False
2024,RA-1099,3.0,3,0.0,14,Feminino,2023,Pública,Ametista,7.332483333333334,10.0,3.8333333333333335,8.133333333333333,8.334,10.0,7.8125,6.6225,2.5,3.5,5.5,,,,Ametista,False,Adequado (≥ 0),1,0.0,False
2024,RA-1154,3.0,4,-1.0,14,Masculino,2023,Pública,Ametista,7.5660750000000005,5.0,8.0,9.200000000000001,7.917,7.51,7.34375,6.745,7.0,7.0,10.0,,,,Ametista,False,Moderada (-1 a -2),1,1.0,False
2024,RA-1100,3.0,2,1.0,12,Masculino,2023,Pública,Ágata,6.649708333333334,10.0,4.666666666666667,7.1000000000000005,7.5,7.51,6.71875,5.6175,4.0,4.0,6.0,,,,Topázio,False,Adequado (≥ 0),1,0.0,False
2024,RA-381,3.0,5,-2.0,15,Masculino,2021,Pública,Quartzo,5.940775,5.0,3.6666666666666665,6.133333333333333,8.334,7.51,6.71875,6.1225,2.5,4.5,4.0,,,,Quartzo,False,Moderada (-1 a -2),3,1.0,False
2024,RA-364,3.0,3,0.0,13,Masculino,2021,Pública,Topázio,8.2697037582,10.0,7.5,9.526143791,8.751,7.51,7.96875,7.2075,8.0,5.0,9.5,,,,Ametista,False,Adequado (≥ 0),3,0.0,False
2024,RA-539,3.0,3,0.0,13,Feminino,2022,Privada / bolsa,Topázio,8.465533333333335,10.0,5.833333333333333,9.233333333333333,10.002,7.51,8.75,9.13,5.0,3.5,9.0,,,,Ametista,False,Adequado (≥ 0),2,0.0,False
2024,RA-573,3.0,3,0.0,13,Masculino,2021,Pública,Ametista,7.839050000000001,10.0,5.0,9.5,9.168,8.755,7.8125,6.8275,6.0,3.5,5.5,,,,Ametista,False,Adequado (≥ 0),3,0.0,False
2024,RA-1107,3.0,3,0.0,13,Feminino,2023,Pública,Quartzo,5.9731,10.0,2.5,6.2,8.751,2.51,7.5,6.785,1.0,3.5,3.0,,,,Ametista,False,Adequado (≥ 0),1,0.0,False
2024,RA-368,3.0,4,-1.0,15,Masculino,2021,Pública,Ágata,6.782158333333333,5.0,7.0,6.166666666666667,7.917,7.51,7.65625,6.7025,4.5,7.0,9.5,,,,Quartzo,False,Moderada (-1 a -2),3,1.0,False
2024,RA-387,3.0,4,-1.0,15,Masculino,2021,Pública,Ágata,6.125500000000001,5.0,4.333333333333333,7.166666666666667,7.5,7.51,6.25,5.9975,5.0,4.0,4.0,,,,Quartzo,False,Moderada (-1 a -2),3,1.0,False
2024,RA-556,3.0,3,0.0,13,Feminino,2021,Pública,Quartzo,5.833377380933333,10.0,3.8333333333333335,6.171428571333333,7.083,2.51,6.40625,6.1625,1.5,4.5,5.5,,,,Ametista,False,Adequado (≥ 0),3,0.0,False
2024,RA-389,3.0,3,0.0,13,Masculino,2021,Pública,Ametista,7.2079551282,10.0,5.166666666666667,6.674358974333333,9.585,8.76,6.5625,6.745,6.5,4.0,5.0,,,,Ágata,False,Adequado (≥ 0),3,0.0,False
2024,RA-390,3.0,3,0.0,13,Feminino,2022,Pública,Ágata,6.5472236842000004,10.0,4.166666666666667,6.080701754333333,7.5,8.755,6.5625,6.08,3.0,2.5,7.0,,,,Ágata,False,Adequado (≥ 0),2,0.0,False
2024,RA-376,3.0,4,-1.0,14,Feminino,2021,Pública,Quartzo,5.896573588800001,5.0,2.8333333333333335,8.287284610666667,10.002,2.51,6.5625,6.325,2.0,5.0,1.5,,,,Ametista,False,Moderada (-1 a -2),3,1.0,False
2024,RA-584,3.0,3,0.0,12,Feminino,2021,Pública,Ágata,6.752914393933334,10.0,4.333333333333333,5.636363636333333,8.751,8.755,7.34375,6.37,2.0,5.0,6.0,,,,Ametista,False,Adequado (≥ 0),3,0.0,False
2024,RA-535,3.0,3,0.0,12,Feminino,2021,Pública,Ametista,7.659555952400001,10.0,6.0,7.161904762,9.168,8.135,7.96875,7.5,7.0,5.5,5.5,,,,Topázio,False,Adequado (≥ 0),3,0.0,False
2024,RA-547,3.0,3,0.0,13,Feminino,2021,Pública,Ametista,7.2102906723333335,10.0,6.833333333333333,7.030620028333334,8.751,8.135,5.625,5.932,9.0,4.5,7.0,,,,Ágata,False,Adequado (≥ 0),3,0.0,False
2024,RA-557,3.0,3,0.0,12,Masculino,2021,Privada / bolsa,Topázio,9.350986466133334,10.0,9.666666666666666,8.756265663999999,10.002,7.51,10.0,9.576,10.0,9.0,10.0,,,,Topázio,False,Adequado (≥ 0),3,0.0,False
2024,RA-548,3.0,3,0.0,13,Masculino,2021,Pública,Ametista,7.240168803466668,10.0,6.666666666666667,7.600427350666667,9.168,7.51,5.9375,5.626,9.0,5.0,6.0,,,,Ametista,False,Adequado (≥ 0),3,0.0,False
2024,RA-1102,3.0,2,1.0,12,Masculino,2023,Pública,Topázio,8.440611904733334,10.0,9.333333333333334,9.390476190333333,8.751,8.13,5.9375,7.07,10.0,8.0,10.0,,,,Topázio,False,Adequado (≥ 0),1,0.0,False
2024,RA-1532,3.0,4,-1.0,15,Masculino,2024,Pública,Quartzo,4.548544781066667,5.0,2.0,3.9057239053333332,0.0,7.51,7.5,6.832,0.0,6.0,0.0,,,,,False,Moderada (-1 a -2),0,1.0,False
2024,RA-538,3.0,4,-1.0,14,Masculino,2022,Pública,Ágata,6.514094017066666,5.0,6.166666666666667,7.668803418666666,8.751,7.51,5.625,5.292,10.0,4.5,4.0,,,,Ágata,False,Moderada (-1 a -2),2,1.0,False
2024,RA-365,3.0,2,1.0,11,Feminino,2022,Pública,Topázio,8.526983333333334,10.0,6.666666666666667,10.0,9.585,7.51,8.4375,8.202,8.0,7.0,5.0,,,,Topázio,False,Adequado (≥ 0),2,0.0,False
2024,RA-563,3.0,3,0.0,12,Feminino,2021,Pública,Topázio,8.595447619066668,10.0,8.333333333333334,9.461904762000001,9.168,8.135,8.125,7.468,10.0,9.0,6.0,,,,Ametista,False,Adequado (≥ 0),3,0.0,False
2024,RA-1157,3.0,4,-1.0,15,Masculino,2023,Pública,Ametista,7.916082936533334,5.0,7.0,9.082539682666665,9.585,7.51,7.96875,8.466,8.0,6.0,7.0,,,,Ametista,False,Moderada (-1 a -2),1,1.0,False
2024,RA-258,3.0,3,0.0,13,Feminino,2021,Pública,Ágata,6.429063888866667,10.0,2.5,6.944444444333333,7.084,7.51,7.34375,6.732,,5.0,0.0,,,,,False,Adequado (≥ 0),3,0.0,False
2024,RA-369,3.0,3,0.0,13,Masculino,2022,Pública,Quartzo,5.667282265,10.0,1.6666666666666667,4.908119658333334,8.751,7.51,6.40625,5.428,0.0,0.0,5.0,,,,Ágata,False,Adequado (≥ 0),2,0.0,False
2024,RA-375,3.0,3,0.0,13,Masculino,2021,Pública,Ametista,7.970034615400001,10.0,6.833333333333333,9.443589743666667,9.585,7.51,7.1875,6.432,9.0,5.5,6.0,,,,Ametista,False,Adequado (≥ 0),3,0.0,False
2024,RA-1533,3.0,3,0.0,14,Feminino,2024,Pública,Topázio,9.089828985533336,10.0,9.5,9.710144927666667,9.168,8.135,8.5,8.3375,10.0,8.5,10.0,,,,,False,Adequado (≥ 0),0,0.0,False
2024,RA-1534,3.0,3,0.0,13,Feminino,2024,Pública,Ametista,7.188366666666667,10.0,1.1666666666666667,9.666666666666666,7.917,8.135,8.0,8.0825,2.0,1.5,0.0,,,,,False,Adequado (≥ 0),0,0.0,False
2024,RA-1160,3.0,4,-1.0,14,Masculino,2023,Pública,Ágata,6.274190982333334,5.0,3.1666666666666665,8.201288245,8.751,7.51,6.25,6.2475,5.5,2.0,2.0,,,,Ágata,False,Moderada (-1 a -2),1,1.0,False
2024,RA-562,3.0,3,0.0,13,Feminino,2021,Pública,Topázio,8.392733333333334,10.0,7.833333333333333,9.833333333333334,8.334,8.135,7.625,7.25,7.5,7.5,8.5,,,,Ágata,False,Adequado (≥ 0),3,0.0,False
2024,RA-1112,3.0,3,0.0,13,Masculino,2023,Pública,Ágata,6.8560823939999995,10.0,4.0,9.02791197,9.585,8.135,5.375,4.705,4.0,4.0,4.0,,,,Ametista,False,Adequado (≥ 0),1,0.0,False
2024,RA-1535,3.0,3,0.0,13,Feminino,2024,Pública,Ametista,7.109390969933334,10.0,5.833333333333333,5.103121516333333,8.751,7.51,7.125,7.9175,7.5,5.5,4.5,,,,,False,Adequado (≥ 0),0,0.0,False
2024,RA-1536,3.0,4,-1.0,15,Feminino,2024,Pública,Ametista,7.653744444466668,5.0,7.0,8.722222222333334,9.168,8.135,7.875,7.4575,10.0,3.5,7.5,,,,,False,Moderada (-1 a -2),0,1.0,False
2024,RA-357,3.0,4,-1.0,14,Masculino,2022,Pública,Ametista,7.731569404200001,5.0,7.666666666666667,9.028180354333333,8.751,8.135,7.875,7.0825,8.5,7.0,7.5,,,,Topázio,False,Moderada (-1 a -2),2,1.0,False
2024,RA-583,3.0,3,0.0,14,Feminino,2021,Pública,Ametista,7.447591035933334,10.0,5.0,8.904455179666668,7.917,8.135,6.875,6.87,6.5,4.5,4.0,,,,Ametista,False,Adequado (≥ 0),3,0.0,False
2024,RA-1537,3.0,4,-1.0,14,Feminino,2024,Pública,Topázio,8.176263231333333,5.0,8.666666666666666,8.33064949,9.168,8.135,8.125,8.67,10.0,6.0,10.0,,,,,False,Moderada (-1 a -2),0,1.0,False
2024,RA-599,3.0,2,1.0,12,Masculino,2022,Pública,Topázio,8.3569352941,10.0,7.666666666666667,8.607843137333333,10.002,9.375,7.083333333,7.28,8.0,7.0,8.0,,,,Topázio,False,Adequado (≥ 0),2,0.0,False
2024,RA-651,3.0,2,1.0,12,Feminino,2022,Pública,Topázio,8.689300000100001,10.0,7.5,10.0,9.168,7.51,8.541666667,8.336666667,10.0,6.0,6.5,,,,Ametista,False,Adequado (≥ 0),2,0.0,False
2024,RA-1131,3.0,3,0.0,13,Feminino,2023,Privada / bolsa,Topázio,8.2889555555,10.0,8.333333333333334,9.277777777666666,8.334,6.255,7.291666667,7.893333333,8.0,7.0,10.0,,,,Topázio,False,Adequado (≥ 0),1,0.0,False
2024,RA-403,3.0,3,0.0,14,Masculino,2021,Pública,Topázio,8.008488888833334,10.0,7.666666666666667,7.361111111,8.751,7.51,8.541666667,7.613333333,6.0,8.0,9.0,,,,Ametista,False,Adequado (≥ 0),3,0.0,False
2024,RA-1538,3.0,2,1.0,13,Masculino,2021,Pública,Ametista,7.9631703704333345,10.0,7.166666666666667,7.935185184999999,9.168,8.13,7.916666667,7.106666667,7.5,6.0,8.0,,,,,False,Adequado (≥ 0),3,0.0,False
2024,RA-469,3.0,3,0.0,13,Feminino,2022,Pública,Ametista,7.684639869300001,10.0,5.0,9.498366013,9.168,7.51,7.291666667,6.94,6.0,4.0,5.0,,,,Ametista,False,Adequado (≥ 0),2,0.0,False
2024,RA-1121,3.0,3,0.0,12,Masculino,2023,Pública,Topázio,8.407166666633334,10.0,6.666666666666667,10.0,9.585,7.51,7.083333333,8.28,9.0,5.0,6.0,,,,Topázio,False,Adequado (≥ 0),1,0.0,False
2024,RA-1122,3.0,2,1.0,12,Masculino,2023,Pública,Ametista,7.817322222166666,10.0,5.333333333333333,9.861111111,8.751,7.51,7.083333333,7.22,5.0,4.5,6.5,,,,Ametista,False,Adequado (≥ 0),1,0.0,False
2024,RA-422,3.0,4,-1.0,14,Masculino,2022,Pública,Quartzo,5.544981481433334,5.0,2.8333333333333335,6.157407407333333,7.5,7.51,6.458333333,5.5,3.0,4.5,1.0,,,,Quartzo,False,Moderada (-1 a -2),2,1.0,False
2024,RA-1117,3.0,2,1.0,12,Feminino,2023,Pública,Ametista,7.601562962866668,10.0,5.666666666666667,8.314814814666667,8.751,7.51,8.125,6.833333333,5.0,5.0,7.0,,,,Topázio,False,Adequado (≥ 0),1,0.0,False
2024,RA-1539,3.0,3,0.0,13,Feminino,2024,Pública,Ametista,7.709588888900001,10.0,6.833333333333333,9.027777777666666,6.667,6.885,7.708333333,7.056666667,6.0,7.0,7.5,,,,,False,Adequado (≥ 0),0,0.0,False
2024,RA-618,3.0,5,-2.0,15,Masculino,2021,Pública,Ágata,6.718348148233334,5.0,4.166666666666667,8.324074074,10.002,6.88,6.666666667,6.826666667,5.0,4.5,3.0,,,,Ágata,False,Moderada (-1 a -2),3,1.0,False
2024,RA-669,3.0,3,0.0,12,Masculino,2022,Pública,Ágata,6.6438703703,10.0,5.333333333333333,4.851851851666666,7.5,7.51,7.291666667,6.883333333,5.0,6.0,5.0,,,,Ametista,False,Adequado (≥ 0),2,0.0,False
2024,RA-408,3.0,3,0.0,14,Feminino,2022,Pública,Ágata,6.5276296297,10.0,4.833333333333333,4.981481481666667,7.5,7.51,7.083333333,6.776666667,3.0,5.5,6.0,,,,Ametista,False,Adequado (≥ 0),2,0.0,False
2024,RA-610,3.0,2,1.0,11,Feminino,2022,Pública,Ametista,7.894888888933334,10.0,6.333333333333333,9.694444444333334,9.585,3.76,6.875,8.336666667,8.0,5.0,6.0,,,,Topázio,False,Adequado (≥ 0),2,0.0,False
2024,RA-409,3.0,3,0.0,13,Feminino,2022,Pública,Topázio,8.225462962900002,10.0,7.166666666666667,9.231481481333333,9.585,7.51,7.916666667,7.223333333,7.0,7.5,7.0,,,,Ametista,False,Adequado (≥ 0),2,0.0,False
2024,RA-464,3.0,4,-1.0,15,Feminino,2022,Pública,Ágata,6.872009064333334,5.0,4.333333333333333,7.851461988333334,9.168,8.76,7.1875,7.1175,3.0,3.5,6.5,,,,Ágata,False,Moderada (-1 a -2),2,1.0,False
2024,RA-1165,3.0,3,0.0,13,Feminino,2023,Pública,Ametista,7.908044272466667,10.0,8.0,6.829721362333333,8.751,8.135,6.875,7.83,9.0,7.5,7.5,,,,Ametista,False,Adequado (≥ 0),1,0.0,False
2024,RA-466,3.0,4,-1.0,15,Masculino,2022,Pública,Ágata,6.778749122800001,5.0,4.0,7.223245614,8.751,8.76,7.5,7.665,3.0,6.5,2.5,,,,Ágata,False,Moderada (-1 a -2),2,1.0,False
2024,RA-414,3.0,3,0.0,14,Feminino,2021,Pública,Ametista,7.187625925933334,10.0,6.0,8.429629629666666,7.917,7.51,6.25,5.67,9.0,3.0,6.0,,,,Ametista,False,Adequado (≥ 0),3,0.0,False
2024,RA-401,3.0,3,0.0,14,Feminino,2021,Pública,Ágata,6.728911403533334,10.0,4.833333333333333,6.839473684333334,6.666,6.885,6.5625,6.915,7.0,5.0,2.5,,,,Ágata,False,Adequado (≥ 0),3,0.0,False
2024,RA-1141,3.0,3,0.0,13,Feminino,2023,Pública,Ágata,6.793890866866667,10.0,4.166666666666667,6.191537667666666,9.585,7.51,6.5625,6.7825,5.0,4.5,3.0,,,,Ametista,False,Adequado (≥ 0),1,0.0,False
2024,RA-592,3.0,2,1.0,12,Feminino,2021,Privada / bolsa,Ametista,7.121622213600001,10.0,7.833333333333333,6.108152734666667,7.917,2.51,7.65625,7.625,7.0,8.0,8.5,,,,Ametista,False,Adequado (≥ 0),3,0.0,False
2024,RA-474,3.0,4,-1.0,15,Masculino,2021,Pública,Ágata,6.024753703733333,5.0,3.0,5.818518518666667,9.168,7.51,7.1875,6.8725,4.0,3.0,2.0,,,,Quartzo,False,Moderada (-1 a -2),3,1.0,False
2024,RA-602,3.0,3,0.0,13,Masculino,2021,Pública,Topázio,8.647409313733334,10.0,7.333333333333333,9.670588235333334,9.585,7.51,8.28125,8.545,9.0,5.0,8.0,,,,Topázio,False,Adequado (≥ 0),3,0.0,False
2024,RA-666,3.0,3,0.0,12,Masculino,2022,Pública,Topázio,8.185838802933334,10.0,7.166666666666667,7.881527348,10.002,7.51,7.5,8.375,10.0,5.5,6.0,,,,Topázio,False,Adequado (≥ 0),2,0.0,False
2024,RA-604,3.0,2,1.0,12,Feminino,2021,Pública,Ametista,7.429623555266667,10.0,7.0,7.5029927763333335,8.334,8.13,6.40625,6.21,8.0,5.5,7.5,,,,Topázio,False,Adequado (≥ 0),3,0.0,False
2024,RA-476,3.0,3,0.0,14,Feminino,2021,Pública,Ágata,6.7359982456,10.0,4.5,6.5964912280000005,7.917,7.51,6.25,6.745,7.0,4.0,2.5,,,,Ágata,False,Adequado (≥ 0),3,0.0,False
2024,RA-423,3.0,3,0.0,14,Feminino,2022,Pública,Ágata,6.616193704866666,10.0,4.333333333333333,6.501135191,5.833,8.13,6.875,6.8275,6.0,3.5,3.5,,,,Ágata,False,Adequado (≥ 0),2,0.0,False
2024,RA-631,3.0,3,0.0,14,Masculino,2022,Pública,Ágata,6.795673420466667,10.0,4.166666666666667,7.2122004356666665,8.334,8.75,5.625,6.245,7.0,3.5,2.0,,,,Quartzo,False,Adequado (≥ 0),2,0.0,False
2024,RA-658,3.0,2,1.0,12,Feminino,2022,Pública,Ametista,7.507033333333333,10.0,3.6666666666666665,10.0,8.751,8.135,7.375,6.738,5.5,2.5,3.0,,,,Topázio,False,Adequado (≥ 0),2,0.0,False
2024,RA-1540,3.0,4,-1.0,14,Feminino,2024,Pública,Quartzo,5.696233333333334,5.0,2.6666666666666665,5.0,8.334,7.51,7.125,6.83,2.0,2.0,4.0,,,,,False,Moderada (-1 a -2),0,1.0,False
2024,RA-1541,3.0,3,0.0,13,Masculino,2024,Pública,Topázio,8.337,10.0,8.166666666666666,8.633333333333333,9.168,6.88,8.25,7.736,9.0,7.0,8.5,,,,,False,Adequado (≥ 0),0,0.0,False
2024,RA-1114,3.0,3,0.0,12,Feminino,2023,Pública,Ametista,7.437466666666667,10.0,5.0,9.533333333333333,8.751,2.51,8.375,7.836,5.0,3.0,7.0,,,,Ametista,False,Adequado (≥ 0),1,0.0,False
2024,RA-662,3.0,3,0.0,13,Feminino,2022,Pública,Ametista,7.1074778554666675,10.0,4.166666666666667,7.6107226106666666,7.917,7.51,7.625,7.234,4.5,5.0,3.0,,,,Ágata,False,Adequado (≥ 0),2,0.0,False
2024,RA-760,3.0,3,0.0,13,Masculino,2021,Pública,Ágata,6.942581818200001,10.0,5.0,7.090909091,9.168,7.51,6.25,6.158,2.5,3.5,9.0,,,,Ágata,False,Adequado (≥ 0),3,0.0,False
2024,RA-1542,3.0,5,-2.0,16,Feminino,2024,Pública,Ágata,6.0886079922,5.0,3.1666666666666665,6.304873294333333,7.501,8.135,7.375,6.966,1.0,3.5,5.0,,,,,False,Moderada (-1 a -2),0,1.0,False
2024,RA-404,3.0,3,0.0,14,Feminino,2021,Pública,Ágata,6.624588235266668,10.0,5.666666666666667,6.286274509666666,8.334,2.51,7.5,6.998,6.0,5.0,6.0,,,,Ágata,False,Adequado (≥ 0),3,0.0,False
2024,RA-1119,3.0,4,-1.0,14,Feminino,2023,Pública,Ametista,7.388266666666667,5.0,5.666666666666667,8.716666666666667,9.585,7.51,7.625,7.698,6.0,3.5,7.5,,,,Ametista,False,Moderada (-1 a -2),1,1.0,False
2024,RA-1116,3.0,4,-1.0,15,Masculino,2023,Pública,Quartzo,3.7894777778,5.0,2.3333333333333335,3.3555555556666667,0.0,6.26,5.125,5.066,1.0,3.0,3.0,,,,Ágata,False,Moderada (-1 a -2),1,1.0,False
2024,RA-667,3.0,3,0.0,13,Masculino,2021,Pública,Ametista,7.177130604266668,10.0,4.666666666666667,7.038986354666666,9.168,7.51,7.75,6.966,5.5,4.5,4.0,,,,Ágata,False,Adequado (≥ 0),3,0.0,False
2024,RA-605,3.0,3,0.0,13,Feminino,2021,Pública,Ágata,6.0175222222,10.0,2.6666666666666665,6.194444444333333,7.5,6.885,7.0,5.534,1.5,3.5,3.0,,,,Ametista,False,Adequado (≥ 0),3,0.0,False
2024,RA-1543,3.0,4,-1.0,14,Masculino,2024,Pública,Ágata,6.754584615400001,5.0,5.0,8.076923077,7.5,7.51,7.25,7.066,6.0,4.0,,,,,,False,Moderada (-1 a -2),0,1.0,False
2024,RA-1118,3.0,3,0.0,14,Feminino,2023,Pública,Ametista,7.0305545924,10.0,3.8333333333333335,7.846439628666666,7.084,9.38,6.75,6.866,3.0,4.5,4.0,,,,Ametista,False,Adequado (≥ 0),1,0.0,False
2024,RA-1544,3.0,4,-1.0,14,Feminino,2024,Pública,Ágata,6.905568627466667,5.0,5.833333333333333,8.674509804,8.334,6.885,6.625,6.598,5.5,5.5,6.5,,,,,False,Moderada (-1 a -2),0,1.0,False
2024,RA-1545,3.0,3,0.0,12,Feminino,2024,Pública,Ametista,7.296598575533334,10.0,8.166666666666666,6.210826211,7.501,8.13,6.25,6.165,8.0,6.5,10.0,,,,,False,Adequado (≥ 0),0,0.0,False
2024,RA-1127,3.0,3,0.0,12,Feminino,2023,Pública,Topázio,8.180966666666668,10.0,5.833333333333333,10.0,9.168,7.51,8.125,7.67,8.5,4.5,4.5,,,,Topázio,False,Adequado (≥ 0),1,0.0,False
2024,RA-1129,3.0,3,0.0,12,Masculino,2023,Pública,Ametista,7.360417647066668,10.0,6.833333333333333,7.137254902,9.168,8.13,6.875,5.745,9.0,5.5,6.0,,,,Ametista,False,Adequado (≥ 0),1,0.0,False
2024,RA-1546,3.0,3,0.0,14,Masculino,2024,Pública,Ágata,6.900662108266667,10.0,4.666666666666667,6.374643874666667,8.334,8.75,7.5,6.17,5.0,3.0,6.0,,,,,False,Adequado (≥ 0),0,0.0,False
2024,RA-1130,3.0,3,0.0,12,Masculino,2023,Pública,Ágata,6.563952941199999,10.0,4.333333333333333,6.278431372666667,8.751,8.13,6.875,5.33,7.5,3.5,2.0,,,,Topázio,False,Adequado (≥ 0),1,0.0,False
2024,RA-1168,3.0,4,-1.0,14,Feminino,2023,Pública,Ágata,6.864053921600001,5.0,5.666666666666667,7.682352941333334,9.585,7.51,7.1875,6.33,8.5,3.5,5.0,,,,Quartzo,False,Moderada (-1 a -2),1,1.0,False
2024,RA-613,3.0,4,-1.0,15,Masculino,2021,Pública,Ametista,7.4019,5.0,7.333333333333333,9.566666666666666,8.334,7.51,6.875,6.25,8.0,6.0,8.0,,,,Ágata,False,Moderada (-1 a -2),3,1.0,False
2024,RA-433,3.0,3,0.0,14,Masculino,2022,Pública,Ametista,7.218157142866668,10.0,4.833333333333333,8.380952381,7.918,8.13,6.875,6.415,6.5,4.0,4.0,,,,Ágata,False,Adequado (≥ 0),2,0.0,False
2024,RA-1547,3.0,4,-1.0,14,Feminino,2024,Pública,Ágata,6.748480626800001,5.0,6.666666666666667,6.467236467333334,7.917,8.13,7.5,6.335,9.5,6.0,4.5,,,,,False,Moderada (-1 a -2),0,1.0,False
2024,RA-1548,3.0,3,0.0,13,Feminino,2024,Pública,Ágata,6.482499715066667,10.0,4.833333333333333,5.2421652420000004,8.334,7.51,7.5,5.665,9.0,4.5,1.0,,,,,False,Adequado (≥ 0),0,0.0,False
2024,RA-304,3.0,6,-3.0,16,Masculino,2021,Pública,Ágata,6.852411484600001,2.5,7.166666666666667,7.826890756333333,10.002,7.51,6.875,5.825,9.0,5.5,7.0,,,,Ágata,False,Severa (≤ -3),3,1.0,False
2024,RA-1549,3.0,5,-2.0,15,Masculino,2024,Pública,Ágata,6.514862200466668,5.0,4.166666666666667,7.441394335666668,9.585,7.51,7.1875,6.325,5.5,3.0,4.0,,,,,False,Moderada (-1 a -2),0,1.0,False
2024,RA-632,3.0,3,0.0,12,Feminino,2022,Pública,Ametista,7.515491249000001,10.0,4.166666666666667,8.999164578333334,7.917,6.875,8.28125,7.875,0.0,6.0,6.5,,,,Ametista,False,Adequado (≥ 0),2,0.0,False
2024,RA-633,3.0,3,0.0,13,Feminino,2021,Pública,Quartzo,5.228470175466667,10.0,3.3333333333333335,4.707017544,4.584,2.51,6.875,6.1175,4.0,6.0,0.0,,,,Ágata,False,Adequado (≥ 0),3,0.0,False
2024,RA-1137,3.0,2,1.0,11,Feminino,2023,Pública,Ametista,7.1837526524666675,10.0,3.5,7.588638262333333,8.334,8.13,8.28125,7.4575,1.0,4.5,5.0,,,,Topázio,False,Adequado (≥ 0),1,0.0,False
2024,RA-646,3.0,4,-1.0,14,Masculino,2021,Pública,Ametista,7.715491666666668,5.0,6.166666666666667,9.266666666666667,10.002,7.51,8.28125,7.7475,9.0,4.5,5.0,,,,Topázio,False,Moderada (-1 a -2),3,1.0,False
2024,RA-1550,3.0,4,-1.0,15,Masculino,2024,Pública,Ágata,6.064236111066667,5.0,4.333333333333333,5.222222222,9.585,7.51,7.03125,6.2025,5.0,3.0,5.0,,,,,False,Moderada (-1 a -2),0,1.0,False
2024,RA-1139,3.0,2,1.0,12,Masculino,2023,Pública,Ágata,6.906276357600001,10.0,4.666666666666667,6.152715121333333,8.334,7.51,7.5,7.04,5.0,3.0,6.0,,,,Ametista,False,Adequado (≥ 0),1,0.0,False
2024,RA-444,3.0,4,-1.0,14,Masculino,2021,Pública,Quartzo,5.410188638266668,5.0,3.6666666666666665,6.377276524666667,8.334,2.51,6.25,5.96,2.0,5.0,4.0,,,,Quartzo,False,Moderada (-1 a -2),3,1.0,False
2024,RA-445,3.0,3,0.0,14,Masculino,2022,Pública,Ametista,7.3416246032,10.0,4.0,8.715873016,7.917,7.51,7.8125,7.3725,3.0,6.0,3.0,,,,Ametista,False,Adequado (≥ 0),2,0.0,False
2024,RA-639,3.0,3,0.0,12,Feminino,2021,Pública,Quartzo,5.7693807644,10.0,3.8333333333333335,5.278195488666667,7.917,2.51,6.71875,6.1625,1.0,4.5,6.0,,,,Ametista,False,Adequado (≥ 0),3,0.0,False
2024,RA-1142,3.0,3,0.0,12,Feminino,2023,Pública,Topázio,8.390566666666668,10.0,8.5,9.133333333333333,8.334,7.51,8.125,7.335,10.0,8.0,7.5,,,,Topázio,False,Adequado (≥ 0),1,0.0,False
2024,RA-1551,3.0,5,-2.0,15,Masculino,2024,Pública,Quartzo,5.9717087542,5.0,3.5,4.7710437709999995,9.585,7.51,7.5,6.79,1.0,5.5,4.0,,,,,False,Moderada (-1 a -2),0,1.0,False
2024,RA-458,3.0,4,-1.0,15,Masculino,2021,Pública,Quartzo,5.680161507933333,5.0,4.0,3.7396825396666666,8.751,6.88,7.03125,6.83,3.0,4.0,5.0,,,,Ágata,False,Moderada (-1 a -2),3,1.0,False
2024,RA-1552,3.0,3,0.0,13,Masculino,2024,Pública,Ametista,7.443301282066667,10.0,3.1666666666666665,9.743589743666666,9.585,7.51,7.1875,7.165,1.0,4.5,4.0,,,,,False,Adequado (≥ 0),0,0.0,False
2024,RA-1170,3.0,5,-2.0,15,Masculino,2023,Pública,Ágata,6.095440873,5.0,3.5,5.565079365,9.168,8.13,7.03125,6.7475,1.0,2.5,7.0,,,,Ágata,False,Moderada (-1 a -2),1,1.0,False
2024,RA-642,3.0,3,0.0,12,Feminino,2021,Pública,Ametista,7.082591269866667,10.0,4.0,9.149206349333333,9.585,3.76,7.1875,6.9975,2.0,5.0,5.0,,,,Topázio,False,Adequado (≥ 0),3,0.0,False
2024,RA-1553,3.0,3,0.0,13,Masculino,2024,Pública,Ametista,7.641184313700001,10.0,4.333333333333333,9.003921568666668,8.334,7.51,8.333333333,7.78,6.0,5.0,2.0,,,,,False,Adequado (≥ 0),0,0.0,False
2024,RA-1554,3.0,5,-2.0,15,Masculino,2024,Pública,Ágata,6.941692592633334,5.0,4.0,9.629629629666667,6.666,8.76,7.291666667,7.22,3.0,,5.0,,,,,False,Moderada (-1 a -2),0,1.0,False
2024,RA-649,3.0,3,0.0,14,Feminino,2021,Pública,Ágata,6.985329691766667,10.0,3.6666666666666665,6.004481792666667,8.751,8.76,8.333333333,7.333333333,5.5,4.0,1.5,,,,Ametista,False,Adequado (≥ 0),3,0.0,False
2024,RA-1136,3.0,4,-1.0,14,Feminino,2023,Pública,Quartzo,5.458179831866667,5.0,1.6666666666666667,4.547899159666667,8.751,8.135,7.5,6.383333333,1.0,2.0,2.0,,,,Ágata,False,Moderada (-1 a -2),1,1.0,False
2024,RA-653,3.0,3,0.0,13,Feminino,2022,Pública,Topázio,8.103217647033333,10.0,5.166666666666667,9.537254901999999,8.751,8.76,8.333333333,7.89,6.5,4.5,4.5,,,,Ametista,False,Adequado (≥ 0),2,0.0,False
2024,RA-456,3.0,3,0.0,13,Feminino,2022,Pública,Topázio,8.331124561366668,10.0,6.5,9.382456140333334,7.083,7.51,9.166666667,8.893333333,9.0,6.0,4.5,,,,Ametista,False,Adequado (≥ 0),2,0.0,False
2024,RA-655,3.0,3,0.0,14,Feminino,2021,Pública,Topázio,8.238600000066668,10.0,6.833333333333333,10.0,7.501,8.76,8.125,7.166666667,8.0,4.0,8.5,,,,Topázio,False,Adequado (≥ 0),3,0.0,False
2024,RA-656,3.0,3,0.0,13,Feminino,2021,Pública,Ágata,6.668152941266667,10.0,4.166666666666667,5.978431372666667,9.168,7.51,7.5,6.106666667,5.0,3.5,4.0,,,,Ágata,False,Adequado (≥ 0),3,0.0,False
2024,RA-657,3.0,3,0.0,13,Feminino,2021,Pública,Topázio,8.207433333400001,10.0,7.5,9.6,8.751,6.885,8.125,7.056666667,8.0,4.5,10.0,,,,Topázio,False,Adequado (≥ 0),3,0.0,False
2024,RA-1555,3.0,3,0.0,13,Masculino,2024,Pública,Ametista,7.4827333334,10.0,3.0,10.0,8.334,6.255,8.125,8.056666667,9.0,0.0,0.0,,,,,False,Adequado (≥ 0),0,0.0,False
2024,RA-461,3.0,3,0.0,13,Feminino,2021,Pública,Ametista,7.5447559291,10.0,4.5,9.182446312,8.751,7.51,7.708333333,7.056666667,3.0,4.5,6.0,,,,Ametista,False,Adequado (≥ 0),3,0.0,False
2024,RA-398,3.0,3,0.0,12,Feminino,2022,Pública,Ametista,7.2457999999666685,10.0,8.0,5.733333333333333,7.083,7.51,7.291666667,6.553333333,8.5,7.5,8.0,,,,Ametista,False,Adequado (≥ 0),2,0.0,False
2024,RA-586,3.0,2,1.0,11,Feminino,2021,Privada / bolsa,Topázio,8.702387301666668,10.0,8.5,9.241269841333333,9.168,7.51,8.75,8.056666667,7.5,8.0,10.0,,,,Topázio,False,Adequado (≥ 0),3,0.0,False
2024,RA-623,3.0,4,-1.0,15,Masculino,2022,Pública,Ágata,6.357733333300001,5.0,4.0,7.3999999999999995,8.334,6.885,6.458333333,7.05,3.5,2.5,6.0,,,,Ametista,False,Moderada (-1 a -2),2,1.0,False
2024,RA-588,3.0,2,1.0,11,Feminino,2021,Privada / bolsa,Topázio,8.676133333333334,10.0,7.833333333333333,9.833333333333334,9.168,7.51,8.75,8.0,8.5,8.0,7.0,,,,Topázio,False,Adequado (≥ 0),3,0.0,False
2024,RA-626,3.0,3,0.0,13,Masculino,2021,Pública,Ágata,6.407590225500001,10.0,5.333333333333333,3.380451127666667,9.585,6.885,7.291666667,6.443333333,5.5,3.5,7.0,,,,Ametista,False,Adequado (≥ 0),3,0.0,False
2024,RA-1556,3.0,3,0.0,14,Masculino,2024,Pública,Ágata,6.666811111166668,10.0,4.0,5.222222222333333,7.917,7.51,7.916666667,7.44,3.5,,4.5,,,,,False,Adequado (≥ 0),0,0.0,False
2024,RA-455,3.0,3,0.0,14,Feminino,2022,Pública,Ametista,7.098988888900001,10.0,4.5,6.111111111,8.751,8.13,8.333333333,7.276666667,3.0,6.5,4.0,,,,,False,Adequado (≥ 0),2,0.0,False
2024,RA-614,3.0,4,-1.0,14,Masculino,2021,Pública,Ametista,7.8284999999666685,5.0,6.833333333333333,9.700000000000001,9.585,7.51,7.916666667,7.603333333,8.0,4.5,8.0,,,,Topázio,False,Moderada (-1 a -2),3,1.0,False
2024,RA-434,3.0,3,0.0,13,Masculino,2022,Pública,Ágata,6.610947619100001,10.0,5.5,5.061904762,7.084,7.51,7.291666667,6.55,5.5,5.5,5.5,,,,Ametista,False,Adequado (≥ 0),2,0.0,False
2024,RA-603,3.0,3,0.0,12,Masculino,2022,Pública,Ágata,6.942277777866667,10.0,4.666666666666667,7.155555555666666,9.585,6.885,6.875,6.216666667,4.5,5.5,4.0,,,,Ágata,False,Adequado (≥ 0),2,0.0,False
2024,RA-1133,3.0,2,1.0,11,Feminino,2023,Pública,Topázio,8.238553968266668,10.0,4.5,9.841269841333334,9.168,8.75,8.125,8.83,5.0,3.5,5.0,,,,Topázio,False,Adequado (≥ 0),1,0.0,False
2024,RA-616,3.0,3,0.0,14,Masculino,2021,Pública,Quartzo,5.457877193033333,10.0,3.8333333333333335,3.087719298333333,7.5,6.885,6.458333333,4.946666667,3.0,3.5,5.0,,,,Quartzo,False,Adequado (≥ 0),3,0.0,False
2024,RA-1134,3.0,3,0.0,12,Masculino,2023,Pública,Ametista,7.7564571427,10.0,6.0,8.914285714,8.751,7.51,7.708333333,6.883333333,6.0,5.5,6.5,,,,Ametista,False,Adequado (≥ 0),1,0.0,False
2024,RA-1557,3.0,3,0.0,14,Feminino,2024,Pública,Topázio,8.228500000033334,10.0,7.0,8.916666666666666,9.585,7.51,7.916666667,7.72,6.0,,8.0,,,,,False,Adequado (≥ 0),0,0.0,False
2024,RA-670,3.0,2,1.0,12,Feminino,2022,Privada / bolsa,Topázio,8.8602539683,10.0,8.666666666666666,9.441269841333334,9.585,7.51,8.958333333,8.166666667,9.0,7.0,10.0,,,,Topázio,False,Adequado (≥ 0),2,0.0,False
2024,RA-620,3.0,3,0.0,14,Masculino,2021,Pública,Quartzo,5.766892063566667,10.0,2.5,3.9841269843333333,8.334,7.51,7.083333333,5.886666667,3.5,2.5,1.5,,,,Ametista,False,Adequado (≥ 0),3,0.0,False
2024,RA-1149,4.0,5,-1.0,15,Feminino,2023,Pública,Topázio,8.1371,5.0,6.0,10.0,8.334,10.0,8.625,8.706,2.0,6.0,10.0,,,,Ametista,False,Moderada (-1 a -2),1,1.0,False
2024,RA-1558,4.0,5,-1.0,16,Masculino,2024,Pública,Ametista,7.643772047733333,5.0,5.5,8.705360238666666,9.168,8.755,8.5,8.302,5.0,5.5,6.0,,,,,False,Moderada (-1 a -2),0,1.0,False
2024,RA-326,4.0,3,1.0,14,Feminino,2022,Privada / bolsa,Topázio,8.832389092333335,10.0,9.333333333333334,8.973112128333334,9.168,6.26,8.875,8.704,10.0,9.0,9.0,,,,Topázio,False,Adequado (≥ 0),2,0.0,False
2024,RA-339,4.0,3,1.0,13,Feminino,2021,Pública,Ametista,7.711540746133334,10.0,8.166666666666666,7.155537064000001,7.5,5.635,8.0,7.668,8.0,7.0,9.5,,,,Ametista,False,Adequado (≥ 0),3,0.0,False
2024,RA-179,4.0,3,1.0,13,Masculino,2022,Privada / bolsa,Topázio,8.932712280733334,10.0,8.166666666666666,9.407894737,9.168,9.38,8.75,8.44,7.0,8.0,9.5,,,,Topázio,False,Adequado (≥ 0),2,0.0,False
2024,RA-1559,4.0,5,-1.0,15,Feminino,2024,Pública,Ágata,6.330428437666668,5.0,4.666666666666667,5.2929755216666665,7.917,6.885,8.375,7.604,8.0,0.0,6.0,,,,,False,Moderada (-1 a -2),0,1.0,False
2024,RA-332,4.0,3,1.0,15,Masculino,2021,Privada / bolsa,Topázio,8.421271701,10.0,7.0,7.605358505000001,9.585,9.38,8.625,8.706,7.0,7.0,7.0,,,,Topázio,False,Adequado (≥ 0),3,0.0,False
2024,RA-1560,4.0,3,1.0,14,Feminino,2024,Privada / bolsa,Topázio,8.4721031746,10.0,8.166666666666666,9.206349206333334,9.168,5.635,8.5,8.336,6.0,8.5,10.0,,,,,False,Adequado (≥ 0),0,0.0,False
2024,RA-1153,4.0,5,-1.0,15,Feminino,2021,Privada / bolsa,Topázio,8.268876190466667,5.0,8.5,9.702380952333334,8.751,5.635,8.75,9.074,8.0,8.5,9.0,,,,Ametista,False,Moderada (-1 a -2),3,1.0,False
2024,RA-183,4.0,4,0.0,15,Feminino,2022,Pública,Topázio,8.266902371533334,10.0,7.5,9.249011857666666,7.917,6.26,8.25,8.372,5.0,7.5,10.0,,,,Ametista,False,Adequado (≥ 0),2,0.0,False
2024,RA-199,4.0,5,-1.0,15,Masculino,2022,Privada / bolsa,Ametista,7.419398245666667,5.0,7.166666666666667,7.554824561666667,8.334,6.88,8.125,8.206,5.0,9.0,7.5,,,,Ametista,False,Moderada (-1 a -2),2,1.0,False
2024,RA-1561,4.0,5,-1.0,16,Masculino,2024,Pública,Ametista,7.9402206349333335,5.0,9.0,9.174603174666666,9.585,5.0,8.0,7.734,8.5,8.5,10.0,,,,,False,Moderada (-1 a -2),0,1.0,False
2024,RA-336,4.0,4,0.0,15,Masculino,2021,Pública,Ágata,6.834286748466667,10.0,5.833333333333333,5.512100409000001,7.5,6.26,7.5,7.196,6.0,6.5,5.0,,,,Quartzo,False,Adequado (≥ 0),3,0.0,False
2024,RA-347,4.0,3,1.0,14,Feminino,2021,Pública,Topázio,8.384742583733333,10.0,7.666666666666667,9.673046251999999,8.751,6.885,8.0,7.766,6.5,7.5,9.0,,,,Ametista,False,Adequado (≥ 0),3,0.0,False
2024,RA-397,4.0,6,-2.0,16,Feminino,2021,Pública,Ágata,6.807291921866668,5.0,5.666666666666667,7.885292942666666,7.918,5.63,7.625,7.398,5.0,4.5,7.5,,,,Ágata,False,Moderada (-1 a -2),3,1.0,False
2024,RA-338,4.0,4,0.0,14,Masculino,2021,Pública,Topázio,8.052795331466667,10.0,6.833333333333333,7.441643324,9.168,7.51,7.625,8.8375,5.0,8.0,7.5,,,,Topázio,False,Adequado (≥ 0),3,0.0,False
2024,RA-392,4.0,5,-1.0,16,Masculino,2022,Pública,Quartzo,4.3639463364,5.0,1.0,5.414731682,9.585,5.635,3.5,3.545,0.0,2.0,1.0,,,,Ágata,False,Moderada (-1 a -2),2,1.0,False
2024,RA-352,4.0,3,1.0,13,Masculino,2021,Pública,Quartzo,5.9794829346,10.0,3.1666666666666665,4.453748006333333,8.334,6.26,6.375,6.7925,2.0,5.5,2.0,,,,Ametista,False,Adequado (≥ 0),3,0.0,False
2024,RA-1562,4.0,6,-2.0,16,Feminino,2024,Pública,Quartzo,5.458833333333334,5.0,0.5,8.666666666666666,6.25,5.01,6.25,6.8725,0.5,,,,,,,False,Moderada (-1 a -2),0,1.0,False
2024,RA-367,4.0,3,1.0,13,Feminino,2021,Pública,Ametista,7.209434085200001,10.0,5.0,7.268170426,9.168,6.26,6.875,7.6275,2.0,5.5,7.5,,,,Ametista,False,Adequado (≥ 0),3,0.0,False
2024,RA-1563,4.0,5,-1.0,15,Feminino,2024,Pública,Ametista,7.604211111133335,5.0,7.0,8.305555555666666,8.751,7.51,7.25,8.46,5.0,7.5,8.5,,,,,False,Moderada (-1 a -2),0,1.0,False
2024,RA-1564,4.0,5,-1.0,15,Masculino,2024,Pública,Quartzo,5.0761468806000005,5.0,2.1666666666666665,4.942067736333334,8.334,6.885,5.75,5.2875,1.0,3.5,2.0,,,,,False,Moderada (-1 a -2),0,1.0,False
2024,RA-1565,4.0,5,-1.0,16,Masculino,2024,Pública,Quartzo,5.816448179266667,5.0,5.5,8.102240896333333,0.0,7.51,6.375,6.0375,7.0,3.0,6.5,,,,,False,Moderada (-1 a -2),0,1.0,False
2024,RA-1566,4.0,6,-2.0,17,Feminino,2024,Pública,Ametista,7.759243871133334,5.0,6.5,9.247219355666667,9.168,7.51,7.75,8.335,3.0,8.0,8.5,,,,,False,Moderada (-1 a -2),0,1.0,False
2024,RA-1567,4.0,6,-2.0,16,Feminino,2024,Pública,Ametista,7.913942087533334,5.0,8.166666666666666,8.771043771,8.334,7.51,7.75,8.335,5.0,9.5,10.0,,,,,False,Moderada (-1 a -2),0,1.0,False
2024,RA-356,4.0,3,1.0,14,Masculino,2021,Pública,Ágata,6.627336016533334,10.0,5.333333333333333,6.656346749333334,8.334,5.635,5.25,6.5375,1.0,7.0,8.0,,,,Ágata,False,Adequado (≥ 0),3,0.0,False
2024,RA-1568,4.0,5,-1.0,15,Feminino,2024,Pública,Ametista,7.8003261438000004,5.0,8.166666666666666,7.493464052333334,9.168,7.51,8.0,8.5025,7.5,7.5,9.5,,,,,False,Moderada (-1 a -2),0,1.0,False
2024,RA-247,4.0,4,0.0,14,Feminino,2021,Pública,Ágata,6.646485739800001,10.0,4.333333333333333,8.306595365666666,0.0,6.26,7.75,8.5875,0.0,5.0,8.0,,,,Ametista,False,Adequado (≥ 0),3,0.0,False
2024,RA-204,4.0,4,0.0,15,Feminino,2021,Pública,Ametista,7.838218894866668,10.0,7.5,6.827094474333333,9.168,6.26,7.125,8.5875,5.0,7.5,10.0,,,,Ametista,False,Adequado (≥ 0),3,0.0,False
2024,RA-1569,4.0,6,-2.0,17,Feminino,2024,Pública,Quartzo,5.7191555556,5.0,2.1666666666666665,7.111111111333334,6.666,6.26,6.875,6.9175,2.0,3.0,1.5,,,,,False,Moderada (-1 a -2),0,1.0,False
2024,RA-1570,4.0,5,-1.0,16,Feminino,2024,Pública,Ametista,7.894084175066667,5.0,8.333333333333334,7.542087542,9.585,7.51,7.75,8.6725,6.5,9.0,9.5,,,,,False,Moderada (-1 a -2),0,1.0,False
2024,RA-1571,4.0,5,-1.0,16,Masculino,2024,Pública,Ametista,7.2484555556,5.0,5.666666666666667,9.111111111333335,8.334,5.005,7.5,8.545,5.0,6.0,6.0,,,,,False,Moderada (-1 a -2),0,1.0,False
2024,RA-1572,4.0,5,-1.0,15,Feminino,2024,Pública,Topázio,8.080345634866667,5.0,7.5,9.841269841333334,9.168,7.51,7.65625,8.393333333,7.5,6.5,8.5,,,,,False,Moderada (-1 a -2),0,1.0,False
2024,RA-1150,4.0,6,-2.0,17,Masculino,2023,Pública,Ametista,7.1023212964,5.0,6.833333333333333,6.481481481666667,8.334,7.51,7.65625,7.946666667,4.0,6.5,10.0,,,,Ametista,False,Moderada (-1 a -2),1,1.0,False
2024,RA-1573,4.0,5,-1.0,16,Masculino,2024,Pública,Ágata,6.743847969266667,5.0,5.0,6.120448179333334,9.168,6.26,7.65625,8.556666667,0.0,6.0,9.0,,,,,False,Moderada (-1 a -2),0,1.0,False
2024,RA-1574,4.0,5,-1.0,16,Feminino,2024,Pública,Ametista,7.777244180000001,5.0,7.333333333333333,8.399470899666667,8.751,7.51,7.8125,8.616666667,7.0,6.0,9.0,,,,,False,Moderada (-1 a -2),0,1.0,False
2024,RA-1151,4.0,3,1.0,13,Feminino,2023,Pública,Topázio,8.749111111066668,10.0,9.0,9.722222222333334,7.5,5.635,8.125,9.393333333,9.0,8.0,10.0,,,,Ametista,False,Adequado (≥ 0),1,0.0,False
2024,RA-1575,4.0,5,-1.0,16,Feminino,2024,Pública,Ametista,7.318459391466667,5.0,5.333333333333333,8.624338624,9.168,6.885,7.65625,8.28,0.0,7.5,8.5,,,,,False,Moderada (-1 a -2),0,1.0,False
2024,RA-1081,4.0,4,0.0,15,Feminino,2023,Privada / bolsa,Topázio,8.5452952381,10.0,8.833333333333334,9.523809523666666,6.667,5.005,9.166666667,8.95,9.5,8.0,9.0,,,,Ametista,False,Adequado (≥ 0),1,0.0,False
2024,RA-342,4.0,5,-1.0,16,Feminino,2021,Pública,Ágata,6.757026587266667,5.0,4.5,7.728174603333334,8.751,6.26,7.65625,7.723333333,6.5,7.0,0.0,,,,Ametista,False,Moderada (-1 a -2),3,1.0,False
2024,RA-1576,4.0,5,-1.0,16,Feminino,2024,Pública,Ametista,7.4636202380666665,5.0,6.666666666666667,9.523809523666666,8.334,5.635,6.40625,8.44,7.5,4.5,8.0,,,,,False,Moderada (-1 a -2),0,1.0,False
2024,RA-187,4.0,4,0.0,14,Feminino,2021,Privada / bolsa,Topázio,8.568424074066666,10.0,7.833333333333333,9.537037037,8.751,5.635,8.4375,9.06,7.5,7.0,9.0,,,,Ametista,False,Adequado (≥ 0),3,0.0,False
2024,RA-359,4.0,3,1.0,14,Feminino,2021,Pública,Ametista,7.492006349133335,10.0,5.5,7.162698412666667,9.168,6.26,7.5,8.333333333,4.0,4.5,8.0,,,,Ametista,False,Adequado (≥ 0),3,0.0,False
2024,RA-1577,4.0,5,-1.0,16,Masculino,2024,Pública,Ágata,6.305585581933334,5.0,4.333333333333333,4.993386243333333,10.002,7.51,7.34375,7.273333333,4.0,7.0,2.0,,,,,False,Moderada (-1 a -2),0,1.0,False
2024,RA-236,4.0,4,0.0,14,Feminino,2022,Pública,Ágata,6.980833740133334,10.0,4.5,7.890668700666666,9.168,6.26,6.875,6.362,1.5,4.0,8.0,,,,Ametista,False,Adequado (≥ 0),2,0.0,False
2024,RA-249,4.0,6,-2.0,16,Masculino,2021,Pública,Ágata,6.125104328999999,5.0,5.0,6.645021645,7.083,5.0,6.75,7.064,1.0,8.0,6.0,,,,Quartzo,False,Moderada (-1 a -2),3,1.0,False
2024,RA-239,4.0,7,-3.0,17,Feminino,2021,Pública,Ágata,6.782180868800001,2.5,6.666666666666667,6.361737677333333,8.751,5.635,7.875,8.502,4.0,10.0,6.0,,,,Ágata,False,Severa (≤ -3),3,1.0,False
2024,RA-382,4.0,5,-1.0,16,Masculino,2021,Pública,Quartzo,5.805712280733333,5.0,3.0,6.324561403666666,9.168,5.63,6.75,6.43,2.0,3.0,4.0,,,,Ágata,False,Moderada (-1 a -2),3,1.0,False
2024,RA-383,4.0,3,1.0,13,Masculino,2021,Pública,Topázio,8.036024386733335,10.0,5.833333333333333,8.600288600333334,9.168,7.51,7.875,8.47,1.0,8.0,8.5,,,,Ametista,False,Adequado (≥ 0),3,0.0,False
2024,RA-1155,4.0,5,-1.0,15,Feminino,2023,Pública,Ametista,7.119011111133333,5.0,4.666666666666667,8.888888889,8.334,5.005,8.0,8.87,6.0,8.0,0.0,,,,Ametista,False,Moderada (-1 a -2),1,1.0,False
2024,RA-384,4.0,4,0.0,14,Feminino,2021,Pública,Topázio,8.072200721466668,10.0,7.5,8.607503607333333,7.5,7.51,7.625,7.936,5.0,9.5,8.0,,,,Ágata,False,Adequado (≥ 0),3,0.0,False
2024,RA-1156,4.0,3,1.0,13,Feminino,2023,Pública,Ágata,6.6777135642,10.0,2.0,7.821067821,7.5,7.51,7.125,7.5,6.0,0.0,0.0,,,,Ametista,False,Adequado (≥ 0),1,0.0,False
2024,RA-1578,4.0,3,1.0,13,Feminino,2024,Pública,Ametista,7.880605848,10.0,7.333333333333333,6.761695906666667,8.334,7.51,7.5,8.636,6.0,6.0,10.0,,,,,False,Adequado (≥ 0),0,0.0,False
2024,RA-388,4.0,5,-1.0,16,Feminino,2021,Pública,Quartzo,5.965307936466667,5.0,4.333333333333333,6.349206349,7.5,7.51,6.75,5.764,1.0,7.0,5.0,,,,Quartzo,False,Moderada (-1 a -2),3,1.0,False
2024,RA-260,4.0,4,0.0,15,Feminino,2021,Pública,Topázio,8.448920634933334,10.0,7.0,9.674603174666666,8.751,7.51,7.875,8.502,7.5,5.5,8.0,,,,Topázio,False,Adequado (≥ 0),3,0.0,False
2024,RA-395,4.0,3,1.0,13,Feminino,2021,Pública,Ametista,7.169905291000001,10.0,4.333333333333333,6.921693121666666,8.751,6.26,7.25,8.464,2.5,5.5,5.0,,,,Ametista,False,Adequado (≥ 0),3,0.0,False
2024,RA-262,4.0,6,-2.0,17,Masculino,2021,Privada / bolsa,Quartzo,5.806145462066667,5.0,4.166666666666667,4.854560643666667,7.917,7.51,7.0,6.296,1.0,4.5,7.0,,,,Quartzo,False,Moderada (-1 a -2),3,1.0,False
2024,RA-1579,4.0,6,-2.0,16,Feminino,2022,Pública,Ametista,7.894385710733333,5.0,7.166666666666667,9.090261886999999,8.751,5.635,8.5,9.272,7.5,6.0,8.0,,,,,False,Moderada (-1 a -2),2,1.0,False
2024,RA-1580,4.0,5,-1.0,16,Masculino,2024,Pública,Ametista,7.790523996266667,5.0,6.166666666666667,9.049953314666666,8.751,7.51,7.875,9.168,5.0,7.5,6.0,,,,,False,Moderada (-1 a -2),0,1.0,False
2024,RA-377,4.0,4,0.0,14,Feminino,2021,Pública,Ametista,7.480115873000001,10.0,5.166666666666667,7.698412698333333,9.168,7.51,7.125,7.634,4.0,6.5,5.0,,,,Ametista,False,Adequado (≥ 0),3,0.0,False
2024,RA-250,4.0,4,0.0,14,Feminino,2022,Privada / bolsa,Topázio,9.049892592566668,10.0,9.166666666666666,9.629629629666667,9.168,6.88,8.958333333,8.95,10.0,7.5,10.0,,,,Ametista,False,Adequado (≥ 0),2,0.0,False
2024,RA-1581,4.0,5,-1.0,16,Masculino,2024,Pública,Ágata,6.9787022855,5.0,6.333333333333333,7.834844760666667,8.334,6.26,7.083333333,7.386666667,7.0,4.5,7.5,,,,,False,Moderada (-1 a -2),0,1.0,False
2024,RA-1582,4.0,5,-1.0,15,Masculino,2024,Pública,Ágata,6.472788888966667,5.0,4.5,8.069444444333334,8.334,6.255,6.666666667,6.666666667,7.0,2.0,4.5,,,,,False,Moderada (-1 a -2),0,1.0,False
2024,RA-1583,4.0,5,-1.0,15,Feminino,2024,Pública,Ametista,7.8197579711000005,5.0,8.166666666666666,7.753623188333333,7.917,6.26,9.166666667,9.006666667,8.0,6.5,10.0,,,,,False,Moderada (-1 a -2),0,1.0,False
2024,RA-450,4.0,5,-1.0,15,Masculino,2021,Pública,Ametista,7.526188206666666,5.0,7.5,8.954191033333332,8.751,5.63,7.8125,7.58,8.0,8.5,6.0,,,,Ágata,False,Moderada (-1 a -2),3,1.0,False
2024,RA-426,4.0,5,-1.0,15,Feminino,2022,Pública,Ágata,6.6430030186,5.0,4.833333333333333,7.9050567596666665,7.917,4.38,7.65625,8.0,3.5,7.0,4.0,,,,Ágata,False,Moderada (-1 a -2),2,1.0,False
2024,RA-1584,4.0,5,-1.0,15,Feminino,2024,Pública,Ametista,7.429837830666667,5.0,5.5,9.153439153333332,8.334,7.51,7.8125,8.1675,6.0,5.5,5.0,,,,,False,Moderada (-1 a -2),0,1.0,False
2024,RA-313,4.0,5,-1.0,15,Feminino,2022,Pública,Ametista,7.2528500000000005,5.0,4.833333333333333,9.666666666666666,8.751,5.63,7.8125,8.1675,1.0,8.0,5.5,,,,Ametista,False,Moderada (-1 a -2),2,1.0,False
2024,RA-467,4.0,4,0.0,15,Feminino,2022,Pública,Ametista,7.7298118421333335,10.0,6.833333333333333,9.140350877333333,7.917,5.01,7.34375,7.54,5.5,9.0,6.0,,,,Ágata,False,Adequado (≥ 0),2,0.0,False
2024,RA-1585,4.0,5,-1.0,15,Feminino,2024,Pública,Ágata,6.730367016866668,5.0,4.0,6.775210084333334,10.002,7.51,7.65625,7.7925,5.0,3.0,4.0,,,,,False,Moderada (-1 a -2),0,1.0,False
2024,RA-432,4.0,5,-1.0,16,Feminino,2021,Pública,Ametista,7.167975,5.0,5.5,10.0,7.501,6.26,7.34375,7.2875,5.0,6.0,5.5,,,,Ágata,False,Moderada (-1 a -2),3,1.0,False
2024,RA-1586,4.0,5,-1.0,15,Feminino,2024,Pública,Ágata,6.555764327466668,5.0,5.666666666666667,6.128654970666666,10.002,5.01,6.875,7.54,3.5,5.5,8.0,,,,,False,Moderada (-1 a -2),0,1.0,False
2024,RA-470,4.0,4,0.0,15,Feminino,2021,Pública,Ágata,6.981130848,10.0,3.3333333333333335,8.011695906666667,9.585,7.51,7.03125,6.4975,3.5,4.0,2.5,,,,Ágata,False,Adequado (≥ 0),3,0.0,False
2024,RA-417,4.0,4,0.0,14,Feminino,2022,Pública,Topázio,8.533628557533333,10.0,8.833333333333334,8.401559454333333,8.334,7.51,8.4375,8.2925,9.0,10.0,7.5,,,,Topázio,False,Adequado (≥ 0),2,0.0,False
2024,RA-407,4.0,4,0.0,15,Masculino,2022,Pública,Ametista,7.0875128168,10.0,3.6666666666666665,7.614522417333333,8.334,6.26,7.96875,7.875,2.0,5.0,4.0,,,,Ametista,False,Adequado (≥ 0),2,0.0,False
2024,RA-1587,4.0,6,-2.0,16,Feminino,2024,Pública,Ametista,7.34055,5.0,3.75,10.0,9.168,7.51,7.8125,8.2075,7.5,0.0,,,,,,False,Moderada (-1 a -2),0,1.0,False
2024,RA-1588,4.0,4,0.0,14,Feminino,2024,Pública,Ametista,7.303823728133333,10.0,4.0,8.640618640666666,7.917,7.51,7.5,7.415,3.5,4.5,,,,,,False,Adequado (≥ 0),0,0.0,False
2024,RA-424,4.0,4,0.0,14,Feminino,2022,Pública,Ametista,7.341187280733334,10.0,3.3333333333333335,9.616228070333333,8.334,7.51,7.34375,7.1625,2.0,6.0,2.0,,,,Ametista,False,Adequado (≥ 0),2,0.0,False
2024,RA-1193,4.0,5,-1.0,15,Feminino,2023,Pública,Ágata,6.6304815790000005,5.0,4.0,7.763157895,8.751,5.635,7.8125,7.79,3.0,6.0,3.0,,,,Ágata,False,Moderada (-1 a -2),1,1.0,False
2024,RA-411,4.0,4,0.0,14,Feminino,2021,Privada / bolsa,Ametista,7.279762962966667,10.0,4.833333333333333,9.148148147999999,7.083,5.635,7.291666667,7.4125,3.5,7.0,4.0,,,,Ametista,False,Adequado (≥ 0),3,0.0,False
2024,RA-412,4.0,4,0.0,14,Feminino,2021,Pública,Topázio,8.044378070166667,10.0,7.333333333333333,8.456140351,8.334,6.26,8.020833333,8.125,8.0,6.0,8.0,,,,Ametista,False,Adequado (≥ 0),3,0.0,False
2024,RA-428,4.0,4,0.0,14,Masculino,2022,Pública,Ametista,7.534949122800001,10.0,5.0,8.898245614,9.168,5.635,7.5,7.625,3.0,4.0,8.0,,,,Ametista,False,Adequado (≥ 0),2,0.0,False
2024,RA-315,4.0,5,-1.0,15,Feminino,2022,Pública,Ágata,6.0768703704,5.0,6.833333333333333,5.918518518666667,0.0,7.51,7.5,7.6275,6.5,6.5,7.5,,,,Quartzo,False,Moderada (-1 a -2),2,1.0,False
2024,RA-442,4.0,3,1.0,13,Feminino,2022,Pública,Ágata,6.905439215666667,10.0,5.0,5.9151960783333335,8.334,5.635,7.5,7.8775,4.5,7.0,3.5,,,,Ágata,False,Adequado (≥ 0),2,0.0,False
2024,RA-301,4.0,4,0.0,15,Feminino,2021,Pública,Topázio,8.410830701766667,10.0,9.0,7.4947368423333325,9.168,7.51,8.020833333,8.21,10.0,9.0,8.0,,,,Ágata,False,Adequado (≥ 0),3,0.0,False
2024,RA-1163,4.0,4,0.0,15,Masculino,2023,Pública,Topázio,8.6794789474,10.0,7.833333333333333,9.824561403666666,8.334,7.51,8.125,8.755,9.5,6.5,7.5,,,,Ametista,False,Adequado (≥ 0),1,0.0,False
2024,RA-402,4.0,4,0.0,14,Feminino,2021,Pública,Quartzo,5.683064814833333,10.0,4.166666666666667,3.074074074,7.5,6.26,6.354166667,6.1175,3.0,3.5,6.0,,,,Ágata,False,Adequado (≥ 0),3,0.0,False
2024,RA-1589,4.0,5,-1.0,15,Feminino,2024,Pública,Quartzo,5.260851851866667,5.0,2.5,6.259259259333334,0.0,7.51,7.5,7.54,3.0,2.0,,,,,,False,Moderada (-1 a -2),0,1.0,False
2024,RA-1162,4.0,4,0.0,14,Feminino,2023,Pública,Ametista,7.473167836266667,10.0,5.666666666666667,9.135672514666666,7.917,6.26,6.875,7.0375,4.0,7.5,5.5,,,,Ametista,False,Adequado (≥ 0),1,0.0,False
2024,RA-471,4.0,4,0.0,14,Feminino,2021,Pública,Ágata,6.635847117766667,10.0,5.5,7.027568922333333,0.0,7.51,7.708333333,8.0425,4.0,5.5,7.0,,,,Ágata,False,Adequado (≥ 0),3,0.0,False
2024,RA-416,4.0,3,1.0,14,Masculino,2021,Privada / bolsa,Topázio,8.700808577033333,10.0,8.0,8.972709551666666,8.751,7.51,8.541666667,9.13,8.0,7.5,8.5,,,,Topázio,False,Adequado (≥ 0),3,0.0,False
2024,RA-303,4.0,6,-2.0,16,Masculino,2021,Pública,Ágata,6.2443426900666665,5.0,5.666666666666667,3.9520467836666664,8.751,7.51,6.875,7.535,5.0,5.0,7.0,,,,Quartzo,False,Moderada (-1 a -2),3,1.0,False
2024,RA-418,4.0,3,1.0,12,Feminino,2021,Privada / bolsa,Topázio,9.125183333366667,10.0,9.333333333333334,10.0,8.751,7.51,8.229166667,9.0475,9.5,8.5,10.0,,,,Topázio,False,Adequado (≥ 0),3,0.0,False
2024,RA-419,4.0,3,1.0,14,Feminino,2021,Privada / bolsa,Topázio,8.355707894766669,10.0,8.166666666666666,9.382456140666667,7.083,6.26,8.020833333,8.5475,6.5,8.0,10.0,,,,Ametista,False,Adequado (≥ 0),3,0.0,False
2024,RA-420,4.0,3,1.0,13,Feminino,2021,Privada / bolsa,Ametista,7.544228947400001,10.0,4.0,9.557894737,8.334,6.26,7.8125,7.96,3.0,4.5,4.5,,,,Ametista,False,Adequado (≥ 0),3,0.0,False
2024,RA-1166,4.0,5,-1.0,16,Feminino,2023,Pública,Ametista,7.452799122766667,5.0,6.333333333333333,8.498245614,8.334,6.26,8.020833333,8.625,5.0,7.0,7.0,,,,Ametista,False,Moderada (-1 a -2),1,1.0,False
2024,RA-425,4.0,4,0.0,14,Masculino,2022,Pública,Topázio,9.016616666700001,10.0,9.0,10.0,10.002,6.26,8.229166667,8.8375,10.0,7.5,9.5,,,,Topázio,False,Adequado (≥ 0),2,0.0,False
2024,RA-1590,4.0,5,-1.0,15,Feminino,2024,Pública,Topázio,8.1907875086,5.0,8.666666666666666,8.267770876333332,7.917,7.51,10.0,8.806,8.5,8.0,9.5,,,,,False,Moderada (-1 a -2),0,1.0,False
2024,RA-1591,4.0,6,-2.0,16,Feminino,2024,Pública,Ágata,6.1707952862,5.0,3.5,6.430976431,7.083,7.51,8.125,7.064,3.0,4.5,3.0,,,,,False,Moderada (-1 a -2),0,1.0,False
2024,RA-273,4.0,5,-1.0,16,Feminino,2021,Pública,Ágata,6.5991307798,5.0,4.5,7.323153899,9.168,6.26,8.125,6.896,3.0,6.5,4.0,,,,Ágata,False,Moderada (-1 a -2),3,1.0,False
2024,RA-1592,4.0,5,-1.0,15,Feminino,2024,Pública,Ágata,6.812545479666667,5.0,5.5,6.854727398333334,7.917,7.51,8.125,7.432,4.0,7.5,5.0,,,,,False,Moderada (-1 a -2),0,1.0,False
2024,RA-457,4.0,3,1.0,14,Feminino,2022,Pública,Topázio,8.5892756038,10.0,8.666666666666666,8.743961352333335,8.334,7.51,9.6875,7.77,8.0,8.0,10.0,,,,Topázio,False,Adequado (≥ 0),2,0.0,False
2024,RA-305,4.0,5,-1.0,16,Masculino,2021,Pública,Ágata,6.693026811600001,5.0,4.833333333333333,7.898550724666666,8.334,6.26,7.8125,7.03,3.0,3.0,8.5,,,,Ágata,False,Moderada (-1 a -2),3,1.0,False
2024,RA-421,4.0,3,1.0,13,Masculino,2021,Pública,Topázio,8.488232329,10.0,6.666666666666667,9.540744978333334,8.751,7.51,9.0625,8.572,5.0,6.0,9.0,,,,Topázio,False,Adequado (≥ 0),3,0.0,False
2024,RA-1169,4.0,5,-1.0,15,Feminino,2023,Pública,Ágata,6.885305555533334,5.0,6.833333333333333,8.444444444333334,6.25,5.635,7.8125,6.8,6.0,6.5,8.0,,,,Ametista,False,Moderada (-1 a -2),1,1.0,False
2024,RA-1593,4.0,5,-1.0,15,Masculino,2024,Pública,Ágata,6.638525017333334,5.0,6.5,4.868875086666667,6.249,6.26,9.0625,8.538,9.0,6.5,4.0,,,,,False,Moderada (-1 a -2),0,1.0,False
2024,RA-1594,4.0,6,-2.0,16,Masculino,2024,Pública,Quartzo,5.731267287800001,5.0,3.0,6.112836439,9.585,6.26,6.25,5.996,1.0,4.0,4.0,,,,,False,Moderada (-1 a -2),0,1.0,False
2024,RA-283,4.0,6,-2.0,16,Masculino,2021,Pública,Ametista,7.9444309524,5.0,8.0,9.761904762,8.751,6.885,7.8125,7.736,6.5,8.0,9.5,,,,Ametista,False,Moderada (-1 a -2),3,1.0,False
2024,RA-459,4.0,4,0.0,14,Masculino,2021,Pública,Ametista,7.233804589400001,10.0,4.666666666666667,8.454106280333333,7.917,5.635,7.8125,7.366,0.0,6.0,8.0,,,,Topázio,False,Adequado (≥ 0),3,0.0,False
2024,RA-454,4.0,6,-2.0,17,Masculino,2021,Pública,Quartzo,5.8522943469666675,5.0,3.6666666666666665,6.633138401666667,9.585,6.255,5.416666667,5.833333333,3.0,2.0,6.0,,,,Quartzo,False,Moderada (-1 a -2),3,1.0,False
2024,RA-1595,4.0,4,0.0,14,Masculino,2024,Pública,Ágata,6.6599304233000005,10.0,2.3333333333333335,7.949735449666666,8.334,6.26,7.395833333,7.021666667,3.0,0.0,4.0,,,,,False,Adequado (≥ 0),0,0.0,False
2024,RA-1596,4.0,6,-2.0,17,Feminino,2024,Pública,Ametista,7.261016666766667,5.0,3.3333333333333335,10.0,8.751,7.51,8.229166667,8.226666667,5.0,0.0,5.0,,,,,False,Moderada (-1 a -2),0,1.0,False
2024,RA-170,4.0,5,-1.0,16,Feminino,2021,Privada / bolsa,Ametista,7.646383333300001,5.0,8.0,8.5,9.168,5.635,7.604166667,8.028333333,10.0,6.5,7.5,,,,Ametista,False,Moderada (-1 a -2),3,1.0,False
2024,RA-1597,4.0,5,-1.0,16,Feminino,2024,Pública,Ágata,6.7187063492,5.0,2.8333333333333335,8.412698412666666,7.5,7.51,8.125,8.28,2.0,0.0,6.5,,,,,False,Moderada (-1 a -2),0,1.0,False
2024,RA-1171,4.0,5,-1.0,15,Masculino,2023,Pública,Ametista,7.6236817459,5.0,7.5,7.230158729999999,8.334,7.51,8.645833333,8.643333333,5.0,9.5,8.0,,,,Ametista,False,Moderada (-1 a -2),1,1.0,False
2024,RA-116,5.0,7,-2.0,18,Feminino,2021,Pública,Ágata,6.337470707133334,5.0,4.5,7.535353535666666,8.334,5.635,6.875,6.73,6.5,2.0,5.0,,,,Ágata,False,Moderada (-1 a -2),3,1.0,False
2024,RA-217,5.0,6,-1.0,17,Feminino,2021,Privada / bolsa,Ametista,7.4209164502,5.0,7.833333333333333,8.917748917666666,8.334,6.26,7.125,6.994,9.0,7.0,7.5,,,,Ágata,False,Moderada (-1 a -2),3,1.0,False
2024,RA-103,5.0,5,0.0,15,Feminino,2021,Privada / bolsa,Topázio,8.775268254,10.0,9.166666666666666,9.603174603333335,8.334,6.26,7.875,8.872,9.0,9.0,9.5,,,,Topázio,False,Adequado (≥ 0),3,0.0,False
2024,RA-178,5.0,5,0.0,16,Feminino,2021,Privada / bolsa,Ametista,7.234168831200001,10.0,4.166666666666667,8.739177489333334,9.585,6.26,7.625,6.53,2.5,2.5,7.5,,,,Ametista,False,Adequado (≥ 0),3,0.0,False
2024,RA-1172,5.0,6,-1.0,17,Feminino,2023,Pública,Quartzo,5.719565079333334,5.0,3.3333333333333335,6.0634920633333325,7.5,6.26,7.25,6.196,0.0,5.0,5.0,,,,Ametista,False,Moderada (-1 a -2),1,1.0,False
2024,RA-180,5.0,3,2.0,14,Masculino,2021,Privada / bolsa,Topázio,8.801463636333335,10.0,8.5,9.431818181666666,9.168,7.51,8.125,8.674,9.0,8.5,8.0,,,,Topázio,False,Adequado (≥ 0),3,0.0,False
2024,RA-181,5.0,5,0.0,15,Feminino,2021,Privada / bolsa,Ametista,7.439841414133334,10.0,4.333333333333333,8.737373737333334,7.5,6.26,7.625,8.436,0.0,7.5,5.5,,,,Ametista,False,Adequado (≥ 0),3,0.0,False
2024,RA-121,5.0,7,-2.0,17,Feminino,2021,Pública,Ametista,7.476158297266668,5.0,8.833333333333334,8.152958153,8.751,6.26,7.25,6.764,7.5,9.0,10.0,,,,Ágata,False,Moderada (-1 a -2),3,1.0,False
2024,RA-211,5.0,5,0.0,15,Masculino,2021,Privada / bolsa,Topázio,8.283601875933334,10.0,7.0,9.379509379666667,9.585,7.51,7.25,7.866,5.5,6.5,9.0,,,,Topázio,False,Adequado (≥ 0),3,0.0,False
2024,RA-1198,5.0,6,-1.0,17,Feminino,2023,Pública,Ágata,6.9217748918,5.0,3.5,9.458874459,8.751,7.51,7.375,7.332,0.0,1.0,9.5,,,,Ametista,False,Moderada (-1 a -2),1,1.0,False
2024,RA-110,5.0,5,0.0,16,Masculino,2021,Privada / bolsa,Topázio,8.6324939394,10.0,8.5,9.696969697,9.168,6.255,7.5,8.504,10.0,7.0,8.5,,,,Topázio,False,Adequado (≥ 0),3,0.0,False
2024,RA-189,5.0,5,0.0,15,Masculino,2021,Privada / bolsa,Topázio,8.586533333333334,10.0,8.166666666666666,10.0,10.002,6.255,6.875,8.2,7.0,7.5,10.0,,,,Ametista,False,Adequado (≥ 0),3,0.0,False
2024,RA-127,5.0,5,0.0,16,Feminino,2022,Privada / bolsa,Topázio,8.5605939394,10.0,7.833333333333333,9.488636363666666,8.751,7.51,7.625,8.538,10.0,3.5,10.0,,,,Ametista,False,Adequado (≥ 0),2,0.0,False
2024,RA-115,5.0,7,-2.0,17,Feminino,2021,Pública,Quartzo,5.404184695733334,5.0,4.166666666666667,4.164756812,7.917,6.26,6.75,5.726,6.5,4.5,1.5,,,,Ágata,False,Moderada (-1 a -2),3,1.0,False
2024,RA-215,5.0,5,0.0,15,Feminino,2021,Pública,Ametista,7.045258874400002,10.0,5.666666666666667,6.455627705333334,7.084,6.26,8.0,7.432,5.0,2.0,10.0,,,,Ametista,False,Adequado (≥ 0),3,0.0,False
2024,RA-1598,5.0,5,0.0,15,Feminino,2024,Pública,Topázio,8.4656285714,10.0,7.5,8.857142857,9.585,7.51,8.375,8.236,7.5,7.5,,,,,,False,Adequado (≥ 0),0,0.0,False
2024,RA-1174,5.0,5,0.0,16,Feminino,2023,Pública,Ametista,7.374213419866667,10.0,5.0,8.349567099333333,8.751,6.26,7.5,7.266,5.0,3.0,7.0,,,,Ametista,False,Adequado (≥ 0),1,0.0,False
2024,RA-192,5.0,7,-2.0,17,Masculino,2021,Privada / bolsa,Ágata,6.882960606066668,5.0,7.166666666666667,6.363636363666667,8.334,7.51,7.125,6.9,4.0,7.5,10.0,,,,Ágata,False,Moderada (-1 a -2),3,1.0,False
2024,RA-220,5.0,5,0.0,15,Feminino,2022,Pública,Ametista,7.6987770562666675,10.0,6.833333333333333,8.198051948,8.751,6.26,7.25,7.332,8.0,3.5,9.0,,,,Ametista,False,Adequado (≥ 0),2,0.0,False
2024,RA-186,5.0,4,1.0,15,Feminino,2021,Privada / bolsa,Topázio,8.325963636333334,10.0,7.166666666666667,9.640151515,7.917,6.26,8.125,8.672,6.0,7.0,8.5,,,,Ametista,False,Adequado (≥ 0),3,0.0,False
2024,RA-1181,5.0,5,0.0,15,Feminino,2023,Pública,Ágata,6.2015816738666665,10.0,3.8333333333333335,5.036075036,9.168,6.26,7.125,5.862,1.0,1.0,9.5,,,,Ágata,False,Adequado (≥ 0),1,0.0,False
2024,RA-1599,5.0,7,-2.0,17,Feminino,2024,Pública,Ametista,7.6059333333333345,5.0,6.5,9.666666666666666,8.334,7.51,7.75,7.566,7.0,6.0,,,,,,False,Moderada (-1 a -2),0,1.0,False
2024,RA-111,5.0,5,0.0,15,Feminino,2021,Privada / bolsa,Topázio,8.667693939400001,10.0,8.333333333333334,9.488636363666666,9.168,6.26,8.125,8.74,8.0,7.0,10.0,,,,Ametista,False,Adequado (≥ 0),3,0.0,False
2024,RA-1600,5.0,7,-2.0,17,Feminino,2024,Pública,Ágata,6.750618518533334,5.0,5.666666666666667,8.425925926,8.751,6.26,7.25,6.03,5.0,2.0,10.0,,,,,False,Moderada (-1 a -2),0,1.0,False
2024,RA-1601,5.0,6,-1.0,17,Feminino,2024,Pública,Ametista,7.2431,5.0,6.5,7.0,8.751,7.51,7.5,8.335,5.0,5.0,9.5,,,,,False,Moderada (-1 a -2),0,1.0,False
2024,RA-176,5.0,4,1.0,15,Feminino,2021,Privada / bolsa,Topázio,8.828632575733334,10.0,8.833333333333334,9.545454545333333,9.585,6.26,8.59375,8.545,9.0,8.0,9.5,,,,Topázio,False,Adequado (≥ 0),3,0.0,False
2024,RA-1602,5.0,5,0.0,15,Feminino,2024,Pública,Topázio,8.041889814800001,10.0,7.166666666666667,8.782407407333332,7.917,7.51,7.34375,7.875,9.5,2.0,10.0,,,,,False,Adequado (≥ 0),0,0.0,False
2024,RA-1603,5.0,6,-1.0,16,Feminino,2024,Pública,Ametista,7.836518518466668,5.0,8.333333333333334,9.259259258999998,7.5,7.51,7.5,7.835,8.5,7.0,9.5,,,,,False,Moderada (-1 a -2),0,1.0,False
2024,RA-1604,5.0,6,-1.0,16,Masculino,2024,Pública,Topázio,8.0118555556,5.0,8.5,7.777777778,9.168,7.51,8.125,8.88,10.0,5.5,10.0,,,,,False,Moderada (-1 a -2),0,1.0,False
2024,RA-193,5.0,4,1.0,14,Masculino,2021,Privada / bolsa,Topázio,8.465046969666668,10.0,7.0,9.848484848333333,8.751,6.26,8.4375,8.7525,6.5,4.5,10.0,,,,Ametista,False,Adequado (≥ 0),3,0.0,False
2024,RA-195,5.0,4,1.0,15,Feminino,2021,Privada / bolsa,Topázio,8.4690496032,10.0,7.833333333333333,9.682539682666667,7.5,6.26,7.96875,8.965,9.0,6.5,8.0,,,,Ametista,False,Adequado (≥ 0),3,0.0,False
2024,RA-196,5.0,4,1.0,14,Masculino,2021,Privada / bolsa,Topázio,8.823550937933334,10.0,8.0,9.689754689666666,8.751,7.51,8.75,8.9225,8.0,7.0,9.0,,,,Ametista,False,Adequado (≥ 0),3,0.0,False
2024,RA-197,5.0,5,0.0,14,Feminino,2021,Privada / bolsa,Topázio,8.568238636333334,10.0,8.333333333333334,9.848484848333333,7.5,6.26,7.96875,8.795,7.0,8.0,10.0,,,,Ametista,False,Adequado (≥ 0),3,0.0,False
2024,RA-229,5.0,4,1.0,14,Masculino,2022,Privada / bolsa,Topázio,8.852545634933334,10.0,8.833333333333334,9.841269841333334,9.585,5.635,8.28125,8.8375,9.5,7.0,10.0,,,,Topázio,False,Adequado (≥ 0),2,0.0,False
2024,RA-202,5.0,6,-1.0,16,Feminino,2021,Pública,Ametista,7.3512154762,5.0,7.5,7.880952381,8.334,6.26,7.65625,7.75,8.5,6.0,8.0,,,,Ágata,False,Moderada (-1 a -2),3,1.0,False
2024,RA-1176,5.0,4,1.0,14,Masculino,2023,Privada / bolsa,Topázio,8.914816269866666,10.0,9.166666666666666,9.682539682666667,8.751,6.26,8.59375,8.9225,10.0,8.0,9.5,,,,Topázio,False,Adequado (≥ 0),1,0.0,False
2024,RA-1177,5.0,5,0.0,15,Feminino,2023,Pública,Topázio,8.3233039474,10.0,7.333333333333333,9.824561403666666,8.751,6.26,7.65625,8.125,9.5,5.5,7.0,,,,Topázio,False,Adequado (≥ 0),1,0.0,False
2024,RA-146,5.0,7,-2.0,17,Feminino,2022,Pública,Topázio,8.134554885333333,5.0,9.333333333333334,9.514316093333333,8.751,5.635,7.65625,8.304,9.0,9.0,10.0,,,,Ametista,False,Moderada (-1 a -2),2,1.0,False
2024,RA-1199,5.0,7,-2.0,18,Masculino,2023,Concluiu / outro,Ametista,7.614235714266666,5.0,9.0,8.571428571333334,7.5,5.005,6.5625,8.466,10.0,7.0,10.0,,,,Ametista,False,Moderada (-1 a -2),1,1.0,False
2024,RA-1178,5.0,6,-1.0,17,Masculino,2023,Pública,Topázio,8.0934746032,5.0,8.333333333333334,9.682539682666667,8.751,6.26,7.5,8.696,9.0,8.0,8.0,,,,Ametista,False,Moderada (-1 a -2),1,1.0,False
2024,RA-149,5.0,7,-2.0,17,Feminino,2022,Pública,Quartzo,5.7316173854,5.0,3.8333333333333335,4.104378593666667,9.585,6.26,7.34375,6.626,0.0,6.5,5.0,,,,Quartzo,False,Moderada (-1 a -2),2,1.0,False
2024,RA-1605,5.0,6,-1.0,16,Masculino,2024,Pública,Quartzo,4.920488888866667,5.0,2.5,5.0694444443333335,0.0,7.51,7.5,7.028,0.0,7.5,0.0,,,,,False,Moderada (-1 a -2),0,1.0,False
2024,RA-107,5.0,6,-1.0,16,Feminino,2021,Pública,Ágata,6.676130827066667,5.0,4.666666666666667,7.9949874686666655,7.5,7.51,7.5,6.964,0.0,4.5,9.5,,,,Ágata,False,Moderada (-1 a -2),3,1.0,False
2024,RA-184,5.0,4,1.0,14,Masculino,2021,Privada / bolsa,Topázio,8.471456704266666,10.0,8.166666666666666,8.696741854666667,8.751,6.26,7.96875,9.004,9.5,5.0,10.0,,,,Topázio,False,Adequado (≥ 0),3,0.0,False
2024,RA-1606,5.0,7,-2.0,17,Feminino,2024,Pública,Quartzo,5.8216796296,5.0,2.5,5.148148148,8.334,7.51,7.8125,7.132,7.5,0.0,0.0,,,,,False,Moderada (-1 a -2),0,1.0,False
2024,RA-1607,5.0,6,-1.0,16,Masculino,2024,Pública,Quartzo,4.899894444466667,5.0,0.0,6.222222222333333,5.833,5.635,6.5625,6.762,,0.0,0.0,,,,,False,Moderada (-1 a -2),0,1.0,False
2024,RA-1608,5.0,5,0.0,15,Masculino,2024,Pública,Ametista,7.072539814866667,10.0,5.0,7.199074074333335,8.751,7.51,6.40625,6.83,8.5,3.5,3.0,,,,,False,Adequado (≥ 0),0,0.0,False
2024,RA-1173,5.0,5,0.0,15,Masculino,2023,Pública,Topázio,8.220132915666667,10.0,5.833333333333333,9.665831245,9.168,7.51,8.125,8.2,6.0,7.5,4.0,,,,Ametista,False,Adequado (≥ 0),1,0.0,False
2024,RA-237,5.0,6,-1.0,16,Feminino,2022,Privada / bolsa,Ametista,7.931384271366667,5.0,7.666666666666667,9.689754689666666,8.751,6.26,7.916666667,8.336666667,6.0,7.0,10.0,,,,Ametista,False,Moderada (-1 a -2),2,1.0,False
2024,RA-147,5.0,6,-1.0,16,Feminino,2022,Pública,Ametista,7.400477922133334,5.0,6.166666666666667,9.277056277,8.334,7.51,7.5,7.386666667,6.0,2.5,10.0,,,,Quartzo,False,Moderada (-1 a -2),2,1.0,False
2024,RA-131,5.0,7,-2.0,17,Feminino,2021,Pública,Ametista,7.263155555633333,5.0,5.0,9.444444444666667,8.751,7.51,7.708333333,7.386666667,4.0,5.0,6.0,,,,Quartzo,False,Moderada (-1 a -2),3,1.0,False
2024,RA-1609,5.0,7,-2.0,17,Feminino,2024,Pública,Ametista,7.577233333233334,5.0,6.0,9.666666666666666,8.334,7.51,7.708333333,7.943333333,6.0,4.0,8.0,,,,,False,Moderada (-1 a -2),0,1.0,False
2024,RA-137,5.0,7,-2.0,18,Feminino,2021,Concluiu / outro,Ágata,6.576761183366667,5.0,6.833333333333333,7.582972583,9.585,5.005,4.791666667,6.276666667,2.0,8.5,10.0,,,,Quartzo,False,Moderada (-1 a -2),3,1.0,False
2024,RA-1184,5.0,6,-1.0,17,Masculino,2023,Pública,Ametista,7.411701731566668,5.0,7.666666666666667,8.658008657666668,6.666,7.51,7.291666667,7.5,6.0,7.0,10.0,,,,Ametista,False,Moderada (-1 a -2),1,1.0,False
2024,RA-138,5.0,7,-2.0,17,Masculino,2021,Pública,Ametista,7.3860274169,5.0,5.833333333333333,8.751803751666666,9.585,7.51,7.708333333,7.443333333,7.5,5.0,5.0,,,,Ágata,False,Moderada (-1 a -2),3,1.0,False
2024,RA-1610,5.0,7,-2.0,17,Masculino,2024,Pública,Ágata,6.7023729275666675,5.0,5.166666666666667,7.753697970666667,9.168,7.51,7.291666667,6.106666667,4.0,2.0,9.5,,,,,False,Moderada (-1 a -2),0,1.0,False
2024,RA-1611,5.0,7,-2.0,17,Masculino,2024,Pública,Ágata,6.4589186218000005,5.0,4.5,8.361426442,7.083,7.51,7.5,5.886666667,2.0,2.5,9.0,,,,,False,Moderada (-1 a -2),0,1.0,False
2024,RA-1612,5.0,7,-2.0,18,Masculino,2024,Pública,Ametista,7.014528571366666,5.0,6.166666666666667,8.523809523666666,6.666,7.51,7.708333333,6.94,5.0,6.5,7.0,,,,,False,Moderada (-1 a -2),0,1.0,False
2024,RA-1188,5.0,6,-1.0,16,Feminino,2023,Pública,Ametista,7.801633333400001,5.0,7.0,10.0,9.168,7.51,8.125,7.106666667,7.0,6.0,8.0,,,,,False,Moderada (-1 a -2),1,1.0,False
2024,RA-1613,5.0,7,-2.0,17,Feminino,2024,Pública,Ágata,6.085471428700001,5.0,3.0,7.1428571430000005,8.334,7.51,7.291666667,6.216666667,0.0,1.0,8.0,,,,,False,Moderada (-1 a -2),0,1.0,False
2024,RA-244,5.0,4,1.0,14,Feminino,2021,Privada / bolsa,Topázio,8.7225,10.0,9.5,10.0,7.5,6.26,8.125,8.17,10.0,9.0,9.5,,,,Ametista,False,Adequado (≥ 0),3,0.0,False
2024,RA-267,5.0,7,-2.0,17,Feminino,2021,Pública,Quartzo,5.8963067819666675,5.0,2.0,8.285533910333333,10.002,6.26,4.583333333,6.273333333,0.0,2.0,4.0,,,,,False,Moderada (-1 a -2),3,1.0,False
2024,RA-1189,5.0,6,-1.0,16,Feminino,2023,Pública,Ametista,7.6486387164,5.0,7.666666666666667,8.672360248333332,9.585,7.51,7.5,7.106666667,7.0,7.0,9.0,,,,,False,Moderada (-1 a -2),1,1.0,False
2024,RA-113,5.0,6,-1.0,16,Feminino,2021,Pública,Ametista,7.043536903066667,5.0,6.666666666666667,7.063851181666667,8.751,7.51,7.5,7.106666667,7.0,6.0,7.0,,,,,False,Moderada (-1 a -2),3,1.0,False
2024,RA-152,5.0,7,-2.0,17,Feminino,2022,Pública,Ágata,6.5837938596,5.0,5.166666666666667,7.337719298333333,7.5,5.63,7.8125,7.443333333,0.0,7.5,8.0,,,,Ágata,False,Moderada (-1 a -2),2,1.0,False
2024,RA-318,5.0,6,-1.0,16,Feminino,2021,Pública,Ametista,7.025000925866668,5.0,4.666666666666667,9.129629629666667,7.917,7.51,7.34375,7.443333333,2.0,6.0,6.0,,,,Ágata,False,Moderada (-1 a -2),3,1.0,False
2024,RA-274,5.0,3,2.0,13,Feminino,2021,Privada / bolsa,Topázio,8.651029629666667,10.0,9.333333333333334,9.648148147999999,8.334,5.635,8.125,8.226666667,9.0,9.0,10.0,,,,Topázio,False,Adequado (≥ 0),3,0.0,False
2024,RA-319,5.0,5,0.0,15,Masculino,2022,Pública,Ametista,7.948699561466667,10.0,5.833333333333333,9.024122807,9.585,7.51,7.34375,7.666666667,4.0,5.0,8.5,,,,Topázio,False,Adequado (≥ 0),2,0.0,False
2024,RA-160,5.0,6,-1.0,17,Feminino,2021,Privada / bolsa,Ágata,6.855108333266668,5.0,5.666666666666667,7.416666666666667,8.334,6.26,7.34375,7.723333333,3.0,5.5,8.5,,,,Ágata,False,Moderada (-1 a -2),3,1.0,False
2024,RA-161,5.0,5,0.0,15,Feminino,2021,Privada / bolsa,Ametista,7.258445588333334,10.0,4.0,7.965686274666666,8.751,6.26,7.96875,7.836666667,5.0,7.0,0.0,,,,Ágata,False,Adequado (≥ 0),3,0.0,False
2024,RA-1614,5.0,6,-1.0,16,Masculino,2024,Pública,Ágata,6.787898989933334,5.0,6.5,6.574494949666668,7.5,7.51,7.5,7.11,5.0,5.5,9.0,,,,,False,Moderada (-1 a -2),0,1.0,False
2024,RA-164,5.0,7,-2.0,17,Masculino,2021,Privada / bolsa,Ágata,6.837125731066667,5.0,5.666666666666667,8.084795321666666,9.585,6.26,6.25,6.886666667,6.0,2.0,9.0,,,,Quartzo,False,Moderada (-1 a -2),3,1.0,False
2024,RA-165,5.0,5,0.0,16,Feminino,2021,Privada / bolsa,Topázio,8.4627502436,10.0,8.5,9.431042884999998,7.5,7.51,7.96875,7.893333333,10.0,7.5,8.0,,,,Ametista,False,Adequado (≥ 0),3,0.0,False
2024,RA-1615,5.0,5,0.0,15,Feminino,2024,Pública,Topázio,8.417533333333333,10.0,8.333333333333334,9.833333333333334,7.917,7.51,7.5,7.4575,8.0,7.0,10.0,,,,,False,Adequado (≥ 0),0,0.0,False
2024,RA-1616,5.0,6,-1.0,17,Feminino,2024,Pública,Ametista,7.147738235266668,5.0,6.166666666666667,8.436274509666667,8.334,7.51,7.1875,7.12,5.5,6.5,6.5,,,,,False,Moderada (-1 a -2),0,1.0,False
2024,RA-271,5.0,6,-1.0,17,Feminino,2022,Pública,Ametista,7.400633333333334,5.0,7.333333333333333,8.958333333333334,9.168,6.26,7.5,6.7475,5.0,7.5,9.5,,,,Ágata,False,Moderada (-1 a -2),2,1.0,False
2024,RA-316,5.0,5,0.0,15,Feminino,2022,Privada / bolsa,Topázio,8.708925,10.0,8.0,10.0,9.168,7.51,7.65625,8.3775,8.5,7.0,8.5,,,,Topázio,False,Adequado (≥ 0),2,0.0,False
2024,RA-286,5.0,6,-1.0,16,Feminino,2022,Pública,Quartzo,5.123180882333333,5.0,3.1666666666666665,4.031862745000001,6.666,6.26,7.34375,5.7825,5.0,0.0,4.5,,,,Quartzo,False,Moderada (-1 a -2),2,1.0,False
2024,RA-320,5.0,5,0.0,15,Feminino,2022,Privada / bolsa,Topázio,8.442258333333335,10.0,6.666666666666667,10.0,9.168,7.51,7.65625,8.3775,7.5,5.5,7.0,,,,Topázio,False,Adequado (≥ 0),2,0.0,False
2024,RA-1207,5.0,6,-1.0,16,Feminino,2023,Pública,Ágata,6.509169736866667,5.0,5.333333333333333,6.581140350999999,8.334,7.51,7.34375,6.5375,4.5,1.5,10.0,,,,Ametista,False,Moderada (-1 a -2),1,1.0,False
2024,RA-1617,5.0,6,-1.0,16,Feminino,2024,Pública,Quartzo,4.926285714266666,5.0,3.25,5.571428571333333,0.0,7.51,6.875,6.1175,0.5,6.0,,,,,,False,Moderada (-1 a -2),0,1.0,False
2024,RA-158,5.0,5,0.0,15,Feminino,2021,Privada / bolsa,Ágata,6.855159259266667,10.0,4.0,7.796296296333334,8.334,6.26,6.875,6.745,2.5,1.5,8.0,,,,Ametista,False,Adequado (≥ 0),3,0.0,False
2024,RA-306,5.0,6,-1.0,16,Feminino,2021,Pública,Ágata,6.1661539474,5.0,2.8333333333333335,7.699561403666666,7.917,7.51,7.34375,6.4125,3.5,1.5,3.5,,,,Quartzo,False,Moderada (-1 a -2),3,1.0,False
2024,RA-1618,5.0,6,-1.0,17,Masculino,2024,Pública,Ametista,7.0487660130666665,5.0,6.333333333333333,7.908496732000001,8.334,7.51,7.5,6.83,5.0,7.0,7.0,,,,,False,Moderada (-1 a -2),0,1.0,False
2024,RA-308,5.0,4,1.0,15,Masculino,2021,Pública,Ametista,7.489282456133334,10.0,6.5,8.714912280666667,7.083,5.635,7.5,7.1225,5.5,7.0,7.0,,,,Ágata,False,Adequado (≥ 0),3,0.0,False
2024,RA-1619,5.0,4,1.0,15,Masculino,2024,Pública,Ametista,7.393951851866667,10.0,4.25,9.259259259333334,7.501,7.51,7.5,7.205,4.0,4.5,,,,,,False,Adequado (≥ 0),0,0.0,False
2024,RA-299,5.0,4,1.0,15,Feminino,2021,Privada / bolsa,Topázio,8.177186956533333,10.0,8.166666666666666,8.963768115999999,8.751,6.26,7.5,7.5,8.0,7.5,9.0,,,,Ágata,False,Adequado (≥ 0),3,0.0,False
2024,RA-251,5.0,6,-1.0,16,Masculino,2021,Pública,Ágata,6.7135006212,5.0,4.5,8.612836439,8.751,5.63,6.875,7.326666667,4.0,2.5,7.0,,,,Ágata,False,Moderada (-1 a -2),3,1.0,False
2024,RA-157,5.0,4,1.0,14,Feminino,2021,Privada / bolsa,Topázio,8.950566666733334,10.0,9.666666666666666,10.0,8.334,6.26,8.125,8.726666667,10.0,9.0,10.0,,,,Ametista,False,Adequado (≥ 0),3,0.0,False
2024,RA-1620,5.0,6,-1.0,16,Masculino,2024,Pública,Ágata,6.652766666666667,5.0,5.166666666666667,6.666666666666667,8.751,7.51,7.5,7.05,5.5,7.0,3.0,,,,,False,Moderada (-1 a -2),0,1.0,False
2024,RA-321,5.0,4,1.0,14,Feminino,2022,Pública,Topázio,8.125807932933334,10.0,7.166666666666667,9.534706331,7.917,6.26,8.125,7.776666667,6.0,6.0,9.5,,,,Ametista,False,Adequado (≥ 0),2,0.0,False
2024,RA-1195,5.0,7,-2.0,18,Feminino,2022,Pública,Ametista,7.5085144926666665,5.0,6.166666666666667,9.855072463666666,9.585,5.63,7.5,7.663333333,8.0,5.0,5.5,,,,Quartzo,False,Moderada (-1 a -2),2,1.0,False
2024,RA-1200,5.0,6,-1.0,16,Feminino,2023,Pública,Quartzo,5.6415838956,5.0,1.5,7.099419478000001,7.917,6.26,7.5,6.27,0.0,4.5,0.0,,,,Quartzo,False,Moderada (-1 a -2),1,1.0,False
2024,RA-278,5.0,4,1.0,14,Masculino,2021,Privada / bolsa,Topázio,8.907314492800001,10.0,9.333333333333334,9.855072463666666,9.168,7.51,8.125,7.946666667,9.0,9.0,10.0,,,,Ametista,False,Adequado (≥ 0),3,0.0,False
2024,RA-85,5.0,7,-2.0,17,Masculino,2022,Pública,Ágata,6.999509385733333,5.0,7.666666666666667,8.668046928999999,8.334,3.755,6.25,6.993333333,9.0,4.5,9.5,,,,Ametista,False,Moderada (-1 a -2),2,1.0,False
2024,RA-279,5.0,4,1.0,15,Masculino,2021,Privada / bolsa,Topázio,9.113133333366667,10.0,9.333333333333334,10.0,9.168,7.51,8.333333333,8.726666667,10.0,8.0,10.0,,,,Topázio,False,Adequado (≥ 0),3,0.0,False
2024,RA-1621,5.0,6,-1.0,17,Feminino,2024,Pública,Topázio,8.107033333366667,5.0,8.333333333333334,10.0,7.917,6.26,8.333333333,8.446666667,7.5,7.5,10.0,,,,,False,Moderada (-1 a -2),0,1.0,False
2024,RA-280,5.0,4,1.0,15,Feminino,2021,Privada / bolsa,Topázio,8.822714492700001,10.0,9.333333333333334,9.855072463666666,7.917,6.26,8.333333333,8.67,10.0,8.0,10.0,,,,Topázio,False,Adequado (≥ 0),3,0.0,False
2024,RA-1201,5.0,6,-1.0,16,Masculino,2023,Pública,Topázio,8.376195238033333,5.0,9.0,9.523809523666666,8.751,7.51,8.333333333,8.56,9.0,8.0,10.0,,,,Topázio,False,Moderada (-1 a -2),1,1.0,False
2024,RA-1622,5.0,6,-1.0,16,Feminino,2024,Pública,Topázio,8.429066666633334,5.0,9.666666666666666,10.0,8.334,7.51,8.333333333,7.89,10.0,9.0,10.0,,,,,False,Moderada (-1 a -2),0,1.0,False
2024,RA-132,6.0,6,0.0,16,Feminino,2021,Privada / bolsa,Topázio,8.4746321428,10.0,8.333333333333334,8.380952380666665,8.334,7.51,8.59375,8.44,7.0,8.0,10.0,,,,Ametista,False,Adequado (≥ 0),3,0.0,False
2024,RA-42,6.0,7,-1.0,17,Masculino,2021,Pública,Ametista,7.656628769866667,5.0,8.166666666666666,9.682539682666667,9.168,5.635,6.796875,7.134,9.0,7.5,8.0,,,,Ágata,False,Moderada (-1 a -2),3,1.0,False
2024,RA-1623,6.0,6,0.0,17,Masculino,2024,Pública,Ametista,7.7609537037333345,10.0,6.0,8.518518518666667,9.168,6.26,7.8125,7.666,5.5,2.5,10.0,,,,,False,Adequado (≥ 0),0,0.0,False
2024,RA-106,6.0,6,0.0,16,Feminino,2021,Privada / bolsa,Ametista,7.721664285733334,10.0,5.666666666666667,8.761904762,9.168,5.635,7.8125,7.872,7.0,3.5,6.5,,,,Ametista,False,Adequado (≥ 0),3,0.0,False
2024,RA-123,6.0,7,-1.0,18,Masculino,2021,Privada / bolsa,Ágata,6.887248015866668,5.0,7.166666666666667,8.412698412666666,7.5,5.635,6.71875,6.43,6.5,5.5,9.5,,,,Ágata,False,Moderada (-1 a -2),3,1.0,False
2024,RA-125,6.0,7,-1.0,17,Feminino,2022,Privada / bolsa,Ágata,6.627079761933334,5.0,6.166666666666667,5.6428571430000005,8.334,7.51,7.34375,7.232,3.0,7.0,8.5,,,,Ágata,False,Moderada (-1 a -2),2,1.0,False
2024,RA-1624,6.0,7,-1.0,18,Feminino,2024,Concluiu / outro,Ametista,7.743213492066667,5.0,7.5,9.460317460333334,7.917,7.51,7.8125,7.636,8.0,5.5,9.0,,,,,False,Moderada (-1 a -2),0,1.0,False
2024,RA-1625,6.0,6,0.0,17,Masculino,2024,Pública,Ágata,6.888194089266667,10.0,4.333333333333333,7.112887113,7.5,7.51,7.1875,6.896,3.0,2.0,8.0,,,,,False,Adequado (≥ 0),0,0.0,False
2024,RA-1626,6.0,6,0.0,16,Feminino,2024,Pública,Topázio,8.541085606066668,10.0,7.333333333333333,9.696969697,8.751,7.51,8.28125,8.404,5.5,6.5,10.0,,,,,False,Adequado (≥ 0),0,0.0,False
2024,RA-1627,6.0,7,-1.0,17,Feminino,2024,Pública,Ametista,7.481547222200001,5.0,7.833333333333333,7.777777777666667,7.083,7.51,7.65625,8.172,6.0,7.5,10.0,,,,,False,Moderada (-1 a -2),0,1.0,False
2024,RA-1628,6.0,6,0.0,16,Feminino,2024,Pública,Ametista,7.500131368600001,10.0,5.833333333333333,8.509823509666667,8.334,7.51,6.875,6.798,3.0,5.0,9.5,,,,,False,Adequado (≥ 0),0,0.0,False
2024,RA-112,6.0,6,0.0,17,Feminino,2021,Privada / bolsa,Topázio,8.052609920666667,10.0,8.0,7.978174603333333,7.083,7.51,7.96875,8.004,9.5,6.0,8.5,,,,Ametista,False,Adequado (≥ 0),3,0.0,False
2024,RA-1629,6.0,7,-1.0,17,Feminino,2024,Pública,Ametista,7.560550529133334,5.0,7.25,8.645502645666667,9.585,7.51,7.1875,7.266,8.75,3.0,10.0,,,,,False,Moderada (-1 a -2),0,1.0,False
2024,RA-91,6.0,7,-1.0,18,Feminino,2021,Privada / bolsa,Ametista,7.426704761933335,5.0,7.333333333333333,7.476190476333334,10.002,5.635,7.875,8.068,9.0,4.0,9.0,,,,Ametista,False,Moderada (-1 a -2),3,1.0,False
2024,RA-167,6.0,7,-1.0,18,Feminino,2021,Privada / bolsa,Topázio,8.033470175466666,5.0,8.166666666666666,9.473684210666667,8.751,6.26,8.375,8.334,8.0,6.5,10.0,,,,Ametista,False,Moderada (-1 a -2),3,1.0,False
2024,RA-1203,6.0,6,0.0,17,Feminino,2023,Privada / bolsa,Topázio,8.9495245614,10.0,9.0,9.649122807,9.168,7.51,8.375,8.572,8.5,9.0,9.5,,,,Ametista,False,Adequado (≥ 0),1,0.0,False
2024,RA-94,6.0,6,0.0,17,Feminino,2021,Privada / bolsa,Topázio,8.637033333333335,10.0,8.0,9.666666666666666,10.002,6.26,8.375,8.2,7.0,7.0,10.0,,,,Ametista,False,Adequado (≥ 0),3,0.0,False
2024,RA-81,6.0,6,0.0,16,Feminino,2021,Privada / bolsa,Topázio,8.256566666666668,10.0,7.5,9.333333333333334,9.168,6.26,7.875,7.798,9.0,6.5,7.0,,,,Ametista,False,Adequado (≥ 0),3,0.0,False
2024,RA-1630,6.0,6,0.0,16,Masculino,2024,Privada / bolsa,Topázio,8.583133333333334,10.0,7.333333333333333,9.833333333333334,8.334,7.51,8.25,8.702,9.0,9.0,4.0,,,,,False,Adequado (≥ 0),0,0.0,False
2024,RA-171,6.0,7,-1.0,18,Masculino,2022,Pública,Ametista,7.3289333333333335,5.0,8.333333333333334,7.833333333333333,7.5,5.635,7.625,7.598,7.0,8.0,10.0,,,,Ágata,False,Moderada (-1 a -2),2,1.0,False
2024,RA-1220,6.0,7,-1.0,18,Feminino,2023,Concluiu / outro,Ametista,7.143244444466667,5.0,7.666666666666667,8.555555555666666,7.083,6.885,7.5,6.26,9.0,7.0,7.0,,,,Ágata,False,Moderada (-1 a -2),1,1.0,False
2024,RA-1631,6.0,7,-1.0,17,Masculino,2024,Privada / bolsa,Topázio,8.186433333333333,5.0,7.166666666666667,10.0,9.585,7.51,8.5,8.468,5.0,6.5,10.0,,,,,False,Moderada (-1 a -2),0,1.0,False
2024,RA-1632,6.0,6,0.0,16,Masculino,2024,Pública,Topázio,8.389333333333335,10.0,6.666666666666667,10.0,9.168,7.51,7.75,8.066,9.0,6.0,5.0,,,,,False,Adequado (≥ 0),0,0.0,False
2024,RA-1210,6.0,6,0.0,17,Feminino,2023,Pública,Topázio,8.2302,10.0,5.5,10.0,9.585,7.51,7.875,8.166,5.0,6.5,5.0,,,,Ametista,False,Adequado (≥ 0),1,0.0,False
2024,RA-175,6.0,7,-1.0,17,Feminino,2021,Privada / bolsa,Topázio,8.024136842133334,5.0,8.5,9.473684210666667,10.002,6.26,7.5,7.766,9.5,6.5,9.5,,,,Ágata,False,Moderada (-1 a -2),3,1.0,False
2024,RA-80,7.0,7,0.0,18,Feminino,2021,Privada / bolsa,Topázio,8.131659175733333,10.0,7.0,7.8961292116666675,8.751,8.13,8.75,7.946666667,5.0,6.0,10.0,,,,Ametista,False,Adequado (≥ 0),3,0.0,False
2024,RA-40,7.0,7,0.0,18,Feminino,2021,Privada / bolsa,Ametista,7.098051462066667,10.0,5.333333333333333,7.211257310000001,7.083,8.13,8.125,6.276666667,3.5,6.0,6.5,,,,Ametista,False,Adequado (≥ 0),3,0.0,False
2024,RA-1214,7.0,7,0.0,17,Masculino,2023,Pública,Topázio,8.5902971362,10.0,8.0,9.081527348,10.002,8.13,8.28125,7.663333333,8.0,6.0,10.0,,,,Topázio,False,Adequado (≥ 0),1,0.0,False
2024,RA-92,7.0,7,0.0,18,Feminino,2021,Privada / bolsa,Topázio,8.052279017,10.0,7.5,8.769145085,10.002,7.51,7.8125,6.33,8.0,5.0,9.5,,,,Ametista,False,Adequado (≥ 0),3,0.0,False
2024,RA-45,7.0,7,0.0,17,Feminino,2021,Privada / bolsa,Topázio,8.743476190400001,10.0,8.0,9.619047619,7.5,9.38,8.75,8.283333333,7.5,7.0,9.5,,,,Topázio,False,Adequado (≥ 0),3,0.0,False
2024,RA-56,7.0,7,0.0,17,Feminino,2021,Privada / bolsa,Topázio,9.077020175400001,10.0,7.666666666666667,9.265350877333333,10.002,10.0,8.4375,9.233333333,8.0,6.0,9.0,,,,Topázio,False,Adequado (≥ 0),3,0.0,False
2024,RA-57,7.0,7,0.0,18,Masculino,2021,Privada / bolsa,Ametista,7.4193804301999995,10.0,6.166666666666667,6.010860484333333,9.585,6.88,8.59375,7.39,6.0,6.5,6.0,,,,Ágata,False,Adequado (≥ 0),3,0.0,False
2024,RA-58,7.0,7,0.0,17,Masculino,2021,Privada / bolsa,Topázio,8.7713289474,10.0,7.333333333333333,9.824561403666666,9.585,7.51,9.0625,8.62,8.0,6.5,7.5,,,,Ametista,False,Adequado (≥ 0),3,0.0,False
2024,RA-78,7.0,7,0.0,19,Feminino,2021,Privada / bolsa,Topázio,8.1780308688,10.0,7.5,8.028404344,8.751,8.755,8.4375,7.39,6.5,6.0,10.0,,,,Ágata,False,Adequado (≥ 0),3,0.0,False
2024,RA-87,7.0,6,1.0,17,Masculino,2021,Privada / bolsa,Topázio,9.437924561333332,10.0,9.166666666666666,9.649122807,8.751,9.375,9.375,9.623333333,10.0,7.5,10.0,,,,Topázio,False,Adequado (≥ 0),3,0.0,False
2024,RA-64,7.0,7,0.0,18,Feminino,2021,Privada / bolsa,Topázio,8.743607059266667,10.0,8.166666666666666,8.980785296666667,10.002,8.135,8.4375,8.283333333,8.0,6.5,10.0,,,,Ametista,False,Adequado (≥ 0),3,0.0,False
2024,RA-48,7.0,7,0.0,17,Feminino,2021,Privada / bolsa,Topázio,8.402390371800001,10.0,7.5,8.339076859,7.917,9.375,8.59375,8.23,6.5,6.0,10.0,,,,Ametista,False,Adequado (≥ 0),3,0.0,False
2024,RA-1230,7.0,7,0.0,17,Feminino,2021,Privada / bolsa,Quartzo,4.7612000000000005,10.0,0.0,0.0,7.917,7.195,7.5,7.5,0.0,0.0,0.0,,,,,False,Adequado (≥ 0),3,0.0,False
2024,RA-90,7.0,5,2.0,15,Feminino,2021,Privada / bolsa,Topázio,8.352033333333335,10.0,8.066666666666666,9.0,10.002,6.885,7.5,7.5,7.7,8.3,8.2,,,,Topázio,False,Adequado (≥ 0),3,0.0,False
2024,RA-269,7.0,5,2.0,15,Masculino,2022,Privada / bolsa,Topázio,8.4773,10.0,8.200000000000001,9.6,9.168,7.505,7.5,7.5,8.1,8.6,7.9,,,,Topázio,False,Adequado (≥ 0),2,0.0,False
2024,RA-270,7.0,5,2.0,15,Feminino,2021,Privada / bolsa,Quartzo,4.79255,10.0,0.0,0.0,9.168,6.2575,7.5,7.5,0.0,0.0,0.0,,,,Ametista,False,Adequado (≥ 0),3,0.0,False
2024,RA-76,7.0,5,2.0,16,Feminino,2021,Privada / bolsa,Topázio,8.152033333333334,10.0,7.066666666666666,9.0,10.002,6.885,7.5,7.5,7.3,7.8,6.1,,,,,False,Adequado (≥ 0),3,0.0,False
2024,RA-153,7.0,5,2.0,16,Feminino,2021,Privada / bolsa,Quartzo,4.78185,10.0,0.0,0.0,8.751,6.5675,7.5,7.5,0.0,0.0,0.0,,,,Ametista,False,Adequado (≥ 0),3,0.0,False
2024,RA-1226,7.0,7,0.0,17,Feminino,2021,Privada / bolsa,Ametista,7.785233333333334,10.0,6.066666666666666,9.0,8.334,6.885,7.5,7.5,6.0,6.2,6.0,,,,,False,Adequado (≥ 0),3,0.0,False
2024,RA-93,7.0,6,1.0,17,Feminino,2021,Privada / bolsa,Topázio,8.275550000066668,10.0,7.483333333333333,9.931666667,9.168,6.2575,7.5,7.5,6.75,7.2,8.5,,,,,False,Adequado (≥ 0),3,0.0,False
2024,RA-119,7.0,6,1.0,16,Feminino,2021,Privada / bolsa,Topázio,8.085299999933333,10.0,7.366666666666667,9.983333333,7.083,6.57,7.5,7.5,6.05,7.5,8.55,,,,,False,Adequado (≥ 0),3,0.0,False
2024,RA-241,7.0,5,2.0,16,Masculino,2021,Privada / bolsa,Topázio,8.311616666733334,10.0,6.816666666666667,9.891666667,10.002,7.1975,7.5,7.5,6.15,7.2,7.1,,,,Ametista,False,Adequado (≥ 0),3,0.0,False
2024,RA-242,7.0,5,2.0,15,Masculino,2021,Privada / bolsa,Topázio,8.2887,10.0,7.650000000000001,9.621,9.585,6.26,7.5,7.5,8.05,8.05,6.85,,,,Topázio,False,Adequado (≥ 0),3,0.0,False
2024,RA-52,7.0,5,2.0,15,Masculino,2021,Privada / bolsa,Topázio,8.144466666733333,10.0,7.216666666666666,9.437666667,8.751,6.885,7.5,7.5,6.8,8.85,6.0,,,,Ametista,False,Adequado (≥ 0),3,0.0,False
2024,RA-1227,7.0,7,0.0,17,Feminino,2021,Privada / bolsa,Quartzo,4.8446,10.0,0.0,0.0,8.751,7.195,7.5,7.5,0.0,0.0,0.0,,,,,False,Adequado (≥ 0),3,0.0,False
2024,RA-245,7.0,5,2.0,16,Masculino,2021,Privada / bolsa,Topázio,8.452633333266668,10.0,8.033333333333333,9.953333333,9.168,6.885,7.5,7.5,8.4,7.6,8.1,,,,Ametista,False,Adequado (≥ 0),3,0.0,False
2024,RA-246,7.0,5,2.0,15,Masculino,2022,Privada / bolsa,Quartzo,4.7404,10.0,0.0,0.0,8.334,6.57,7.5,7.5,0.0,0.0,0.0,,,,Topázio,False,Adequado (≥ 0),2,0.0,False
2024,RA-1228,7.0,7,0.0,18,Feminino,2021,Privada / bolsa,Quartzo,4.8761,10.0,0.0,0.0,8.751,7.51,7.5,7.5,0.0,0.0,0.0,,,,,False,Adequado (≥ 0),3,0.0,False
2024,RA-1229,7.0,7,0.0,17,Feminino,2021,Privada / bolsa,Quartzo,4.8238,10.0,0.0,0.0,9.168,6.57,7.5,7.5,0.0,0.0,0.0,,,,,False,Adequado (≥ 0),3,0.0,False
2024,RA-98,7.0,6,1.0,16,Feminino,2021,Privada / bolsa,Topázio,8.617450000000002,10.0,8.9,9.546,9.585,7.1975,7.5,7.5,9.2,8.9,8.6,,,,,False,Adequado (≥ 0),3,0.0,False
2024,RA-277,7.0,5,2.0,16,Masculino,2021,Privada / bolsa,Topázio,8.0689833334,10.0,6.8999999999999995,9.741666667,8.334,6.5725,7.5,7.5,6.5,8.15,6.05,,,,Ametista,False,Adequado (≥ 0),3,0.0,False
2024,RA-172,7.0,6,1.0,16,Feminino,2021,Privada / bolsa,Topázio,8.128766666666667,10.0,6.933333333333334,9.8,8.751,6.57,7.5,7.5,6.7,7.7,6.4,,,,,False,Adequado (≥ 0),3,0.0,False
2024,RA-291,7.0,5,2.0,15,Masculino,2022,Privada / bolsa,Ametista,7.9319666667333335,10.0,6.166666666666667,9.737666667,8.751,6.26,7.5,7.5,6.0,6.5,6.0,,,,Topázio,False,Adequado (≥ 0),2,0.0,False
2024,RA-86,7.0,7,0.0,18,Masculino,2021,Privada / bolsa,Ametista,7.611233333266666,10.0,5.483333333333333,9.704333333,6.667,6.57,7.5,7.5,6.35,6.3,3.8,,,,,False,Adequado (≥ 0),3,0.0,False
2024,RA-143,7.0,5,2.0,15,Masculino,2021,Privada / bolsa,Ametista,7.449366666666667,10.0,2.6333333333333333,9.92,10.002,6.885,7.5,7.5,0.0,0.0,7.9,,,,Ametista,False,Adequado (≥ 0),3,0.0,False
2024,RA-166,7.0,6,1.0,16,Masculino,2021,Privada / bolsa,Topázio,8.243183333333334,10.0,8.266666666666667,9.246,8.334,6.5725,7.5,7.5,8.2,7.8,8.8,,,,Topázio,False,Adequado (≥ 0),3,0.0,False
2024,RA-191,7.0,5,2.0,15,Masculino,2021,Privada / bolsa,Ametista,7.7887,10.0,6.3999999999999995,9.571,7.5,5.945,7.5,7.5,6.0,6.9,6.3,,,,Ametista,False,Adequado (≥ 0),3,0.0,False
2024,RA-1236,8.0,8,0.0,22,Feminino,2021,Privada / bolsa,,,10.0,,,,,,,,,,,,,,False,Adequado (≥ 0),3,0.0,True
2024,RA-1234,8.0,8,0.0,21,Feminino,2021,Privada / bolsa,,,10.0,,,,,,,,,,,,,,False,Adequado (≥ 0),3,0.0,True
2024,RA-1633,8.0,8,0.0,21,Masculino,2021,Privada / bolsa,,,10.0,,,,,,,,,,,,,,False,Adequado (≥ 0),3,0.0,True
2024,RA-1248,8.0,8,0.0,21,Masculino,2021,Privada / bolsa,,,10.0,,,,,,,,,,,,,,False,Adequado (≥ 0),3,0.0,True
2024,RA-1246,8.0,8,0.0,21,Feminino,2021,Privada / bolsa,,,10.0,,,,,,,,,,,,,,False,Adequado (≥ 0),3,0.0,True
2024,RA-1245,8.0,8,0.0,21,Masculino,2021,Privada / bolsa,,,10.0,,,,,,,,,,,,,,False,Adequado (≥ 0),3,0.0,True
2024,RA-1244,8.0,8,0.0,21,Feminino,2021,Privada / bolsa,,,10.0,,,,,,,,,,,,,,False,Adequado (≥ 0),3,0.0,True
2024,RA-1634,8.0,8,0.0,21,Feminino,2021,Privada / bolsa,,,10.0,,,,,,,,,,,,,,False,Adequado (≥ 0),3,0.0,True
2024,RA-1242,8.0,8,0.0,20,Feminino,2021,Privada / bolsa,,,10.0,,,,,,,,,,,,,,False,Adequado (≥ 0),3,0.0,True
2024,RA-1250,8.0,8,0.0,21,Masculino,2021,Privada / bolsa,,,10.0,,,,,,,,,,,,,,False,Adequado (≥ 0),3,0.0,True
2024,RA-1241,8.0,8,0.0,21,Feminino,2021,Privada / bolsa,,,10.0,,,,,,,,,,,,,,False,Adequado (≥ 0),3,0.0,True
2024,RA-1240,8.0,8,0.0,21,Masculino,2021,Privada / bolsa,,,10.0,,,,,,,,,,,,,,False,Adequado (≥ 0),3,0.0,True
2024,RA-1249,8.0,8,0.0,27,Masculino,2021,Privada / bolsa,,,10.0,,,,,,,,,,,,,,False,Adequado (≥ 0),3,0.0,True
2024,RA-1239,8.0,8,0.0,21,Feminino,2021,Privada / bolsa,,,10.0,,,,,,,,,,,,,,False,Adequado (≥ 0),3,0.0,True
2024,RA-1251,8.0,8,0.0,21,Feminino,2021,Privada / bolsa,,,10.0,,,,,,,,,,,,,,False,Adequado (≥ 0),3,0.0,True
2024,RA-1264,8.0,8,0.0,21,Feminino,2021,Privada / bolsa,,,10.0,,,,,,,,,,,,,,False,Adequado (≥ 0),3,0.0,True
2024,RA-1263,8.0,8,0.0,21,Feminino,2021,Privada / bolsa,,,10.0,,,,,,,,,,,,,,False,Adequado (≥ 0),3,0.0,True
2024,RA-1262,8.0,8,0.0,20,Feminino,2021,Privada / bolsa,,,10.0,,,,,,,,,,,,,,False,Adequado (≥ 0),3,0.0,True
2024,RA-1261,8.0,8,0.0,20,Feminino,2021,Privada / bolsa,,,10.0,,,,,,,,,,,,,,False,Adequado (≥ 0),3,0.0,True
2024,RA-1259,8.0,8,0.0,20,Feminino,2021,Privada / bolsa,,,10.0,,,,,,,,,,,,,,False,Adequado (≥ 0),3,0.0,True
2024,RA-1257,8.0,8,0.0,19,Masculino,2021,Privada / bolsa,,,10.0,,,,,,,,,,,,,,False,Adequado (≥ 0),3,0.0,True
2024,RA-1256,8.0,8,0.0,19,Feminino,2021,Privada / bolsa,,,10.0,,,,,,,,,,,,,,False,Adequado (≥ 0),3,0.0,True
2024,RA-1265,8.0,8,0.0,21,Masculino,2022,Pública,,,10.0,,,,,,,,,,,,,,False,Adequado (≥ 0),2,0.0,True
2024,RA-1255,8.0,8,0.0,20,Masculino,2021,Privada / bolsa,,,10.0,,,,,,,,,,,,,,False,Adequado (≥ 0),3,0.0,True
2024,RA-13,8.0,8,0.0,19,Masculino,2021,Privada / bolsa,,,10.0,,,,,,,,,,,,,,False,Adequado (≥ 0),3,0.0,True
2024,RA-1253,8.0,8,0.0,24,Feminino,2021,Privada / bolsa,,,10.0,,,,,,,,,,,,,,False,Adequado (≥ 0),3,0.0,True
2024,RA-1635,8.0,8,0.0,20,Feminino,2021,Privada / bolsa,,,10.0,,,,,,,,,,,,,,False,Adequado (≥ 0),3,0.0,True
2024,RA-1273,8.0,8,0.0,18,Feminino,2023,Privada / bolsa,,,10.0,,,,,,,,,,,,,,False,Adequado (≥ 0),1,0.0,True
2024,RA-14,8.0,8,0.0,22,Masculino,2022,Privada / bolsa,,,10.0,,,,,,,,,,,,,,False,Adequado (≥ 0),2,0.0,True
2024,RA-1271,8.0,8,0.0,19,Feminino,2021,Privada / bolsa,,,10.0,,,,,,,,,,,,,,False,Adequado (≥ 0),3,0.0,True
2024,RA-1,8.0,8,0.0,21,Feminino,2021,Privada / bolsa,,,10.0,,,,,,,,,,,,,,False,Adequado (≥ 0),3,0.0,True
2024,RA-1270,8.0,8,0.0,20,Feminino,2021,Privada / bolsa,,,10.0,,,,,,,,,,,,,,False,Adequado (≥ 0),3,0.0,True
2024,RA-1274,8.0,8,0.0,19,Feminino,2021,Privada / bolsa,,,10.0,,,,,,,,,,,,,,False,Adequado (≥ 0),3,0.0,True
2024,RA-23,8.0,8,0.0,19,Masculino,2021,Privada / bolsa,,,10.0,,,,,,,,,,,,,,False,Adequado (≥ 0),3,0.0,True
2024,RA-2,8.0,8,0.0,19,Feminino,2021,Privada / bolsa,,,10.0,,,,,,,,,,,,,,False,Adequado (≥ 0),3,0.0,True
2024,RA-25,8.0,8,0.0,19,Feminino,2021,Privada / bolsa,,,10.0,,,,,,,,,,,,,,False,Adequado (≥ 0),3,0.0,True
2024,RA-1272,8.0,8,0.0,20,Feminino,2021,Privada / bolsa,,,10.0,,,,,,,,,,,,,,False,Adequado (≥ 0),3,0.0,True
2024,RA-6,8.0,8,0.0,20,Feminino,2021,Privada / bolsa,,,10.0,,,,,,,,,,,,,,False,Adequado (≥ 0),3,0.0,True
2024,RA-29,8.0,8,0.0,19,Masculino,2022,Privada / bolsa,,,10.0,,,,,,,,,,,,,,False,Adequado (≥ 0),2,0.0,True
2024,RA-17,8.0,8,0.0,22,Masculino,2022,Privada / bolsa,,,10.0,,,,,,,,,,,,,,False,Adequado (≥ 0),2,0.0,True
2024,RA-7,8.0,8,0.0,20,Masculino,2021,Privada / bolsa,,,10.0,,,,,,,,,,,,,,False,Adequado (≥ 0),3,0.0,True
2024,RA-31,8.0,8,0.0,19,Feminino,2021,Privada / bolsa,,,10.0,,,,,,,,,,,,,,False,Adequado (≥ 0),3,0.0,True
2024,RA-1269,8.0,8,0.0,19,Feminino,2021,Privada / bolsa,,,10.0,,,,,,,,,,,,,,False,Adequado (≥ 0),3,0.0,True
2024,RA-12,8.0,8,0.0,19,Feminino,2021,Privada / bolsa,,,10.0,,,,,,,,,,,,,,False,Adequado (≥ 0),3,0.0,True
2024,RA-35,8.0,8,0.0,19,Feminino,2021,Privada / bolsa,,,10.0,,,,,,,,,,,,,,False,Adequado (≥ 0),3,0.0,True
2024,RA-1636,8.0,8,0.0,20,Feminino,2021,Privada / bolsa,,,10.0,,,,,,,,,,,,,,False,Adequado (≥ 0),3,0.0,True
2024,RA-88,8.0,8,0.0,19,Masculino,2021,Privada / bolsa,,,10.0,,,,,,,,,,,,,,False,Adequado (≥ 0),3,0.0,True
2024,RA-36,8.0,8,0.0,19,Feminino,2021,Privada / bolsa,,,10.0,,,,,,,,,,,,,,False,Adequado (≥ 0),3,0.0,True
2024,RA-21,8.0,8,0.0,20,Masculino,2022,Privada / bolsa,,,10.0,,,,,,,,,,,,,,False,Adequado (≥ 0),2,0.0,True
2024,RA-49,8.0,8,0.0,19,Feminino,2022,Privada / bolsa,,,10.0,,,,,,,,,,,,,,False,Adequado (≥ 0),2,0.0,True
2024,RA-1225,8.0,8,0.0,19,Feminino,2021,Privada / bolsa,,,10.0,,,,,,,,,,,,,,False,Adequado (≥ 0),3,0.0,True
2024,RA-1221,8.0,8,0.0,23,Feminino,2023,Concluiu / outro,,,10.0,8.0,0.0,,,,,7.0,7.0,10.0,,,,Topázio,False,Adequado (≥ 0),1,0.0,False
2024,RA-26,8.0,8,0.0,19,Masculino,2022,Privada / bolsa,,,10.0,,,,,,,,,,,,,,False,Adequado (≥ 0),2,0.0,True
2024,RA-27,8.0,8,0.0,18,Masculino,2021,Privada / bolsa,,,10.0,,,,,,,,,,,,,Ametista,False,Adequado (≥ 0),3,0.0,True
2024,RA-155,8.0,8,0.0,18,Masculino,2022,Privada / bolsa,,,10.0,,,,,,,,,,,,,Ágata,False,Adequado (≥ 0),2,0.0,True
2024,RA-96,8.0,8,0.0,18,Masculino,2021,Concluiu / outro,,,10.0,,,,,,,,,,,,,Ametista,False,Adequado (≥ 0),3,0.0,True
2024,RA-59,8.0,8,0.0,19,Masculino,2022,Privada / bolsa,,,10.0,,,,,,,,,,,,,Ametista,False,Adequado (≥ 0),2,0.0,True
2024,RA-1216,8.0,8,0.0,20,Feminino,2023,Privada / bolsa,,,10.0,,,,,,,,,,,,,Ametista,False,Adequado (≥ 0),1,0.0,True
2024,RA-19,8.0,8,0.0,20,Feminino,2022,Privada / bolsa,,,10.0,,,,,,,,,,,,,Ametista,False,Adequado (≥ 0),2,0.0,True
2024,RA-62,8.0,8,0.0,18,Feminino,2022,Privada / bolsa,,,10.0,,,,,,,,,,,,,Ametista,False,Adequado (≥ 0),2,0.0,True
2024,RA-173,8.0,8,0.0,18,Masculino,2021,Privada / bolsa,,,10.0,,,,,,,,,,,,,Ametista,False,Adequado (≥ 0),3,0.0,True
2024,RA-38,8.0,8,0.0,18,Feminino,2021,Privada / bolsa,,,10.0,,,,,,,,,,,,,Topázio,False,Adequado (≥ 0),3,0.0,True
2024,RA-1224,8.0,8,0.0,21,Masculino,2023,Concluiu / outro,,,10.0,,,,,,,,,,,,,Ametista,False,Adequado (≥ 0),1,0.0,True
2024,RA-39,8.0,8,0.0,18,Feminino,2021,Privada / bolsa,,,10.0,,,,,,,,,,,,,Topázio,False,Adequado (≥ 0),3,0.0,True
2024,RA-1637,,8,,23,Masculino,2021,Privada / bolsa,,,,,,,,,,,,,,,,,True,,3,,True
2024,RA-1638,,8,,22,Feminino,2021,Concluiu / outro,,,,,,,,,,,,,,,,,True,,3,,True
2024,RA-1268,,8,,20,Masculino,2021,Privada / bolsa,,,,,,,,,,,,,,,,,True,,3,,True
2024,RA-1260,,8,,20,Masculino,2021,Privada / bolsa,,,,,,,,,,,,,,,,,True,,3,,True
2024,RA-1639,,8,,21,Masculino,2021,Concluiu / outro,,,,,,,,,,,,,,,,,True,,3,,True
2024,RA-1640,,8,,23,Feminino,2021,Privada / bolsa,,,,,,,,,,,,,,,,,True,,3,,True
2024,RA-1641,,8,,21,Masculino,2021,Privada / bolsa,,,,,,,,,,,,,,,,,True,,3,,True
2024,RA-1266,,8,,20,Feminino,2021,Privada / bolsa,,,,,,,,,,,,,,,,,True,,3,,True
2024,RA-1642,,8,,23,Masculino,2021,Concluiu / outro,,,,,,,,,,,,,,,,,True,,3,,True
2024,RA-1258,,8,,25,Masculino,2021,Privada / bolsa,,,,,,,,,,,,,,,,,True,,3,,True
2024,RA-1235,,8,,22,Masculino,2021,Privada / bolsa,,,,,,,,,,,,,,,,,True,,3,,True
2024,RA-1643,,8,,22,Masculino,2021,Privada / bolsa,,,,,,,,,,,,,,,,,True,,3,,True
2024,RA-1644,,8,,21,Masculino,2021,Concluiu / outro,,,,,,,,,,,,,,,,,True,,3,,True
2024,RA-1645,,8,,23,Masculino,2021,Privada / bolsa,,,,,,,,,,,,,,,,,True,,3,,True
2024,RA-1646,,8,,21,Masculino,2021,Concluiu / outro,,,,,,,,,,,,,,,,,True,,3,,True
2024,RA-1647,,8,,22,Feminino,2021,Privada / bolsa,,,,,,,,,,,,,,,,,True,,3,,True
2024,RA-1237,,8,,22,Feminino,2021,Privada / bolsa,,,,,,,,,,,,,,,,,True,,3,,True
2024,RA-1648,,8,,22,Masculino,2021,Concluiu / outro,,,,,,,,,,,,,,,,,True,,3,,True
2024,RA-1649,,8,,23,Masculino,2021,Privada / bolsa,,,,,,,,,,,,,,,,,True,,3,,True
2024,RA-1650,,8,,22,Masculino,2021,Privada / bolsa,,,,,,,,,,,,,,,,,True,,3,,True
2024,RA-1651,,8,,22,Masculino,2021,Concluiu / outro,,,,,,,,,,,,,,,,,True,,3,,True
2024,RA-1652,,8,,22,Feminino,2021,Privada / bolsa,,,,,,,,,,,,,,,,,True,,3,,True
2024,RA-1653,,8,,20,Masculino,2021,Concluiu / outro,,,,,,,,,,,,,,,,,True,,3,,True
2024,RA-1654,,8,,22,Masculino,2021,Concluiu / outro,,,,,,,,,,,,,,,,,True,,3,,True
2024,RA-1655,,8,,21,Feminino,2022,Privada / bolsa,,,,,,,,,,,,,,,,,True,,2,,True
2024,RA-1656,,8,,22,Masculino,2021,Privada / bolsa,,,,,,,,,,,,,,,,,True,,3,,True
2024,RA-1254,,8,,20,Masculino,2021,Privada / bolsa,,,,,,,,,,,,,,,,,True,,3,,True
2024,RA-1233,,8,,23,Feminino,2021,Privada / bolsa,,,,,,,,,,,,,,,,,True,,3,,True
2024,RA-1232,,8,,22,Masculino,2021,Privada / bolsa,,,,,,,,,,,,,,,,,True,,3,,True
2024,RA-1231,,8,,23,Masculino,2021,Privada / bolsa,,,,,,,,,,,,,,,,,True,,3,,True
2024,RA-1238,,8,,22,Feminino,2021,Privada / bolsa,,,,,,,,,,,,,,,,,True,,3,,True
2024,RA-1267,,8,,23,Feminino,2021,Privada / bolsa,,,,,,,,,,,,,,,,,True,,3,,True
2024,RA-1657,,8,,20,Masculino,2021,Concluiu / outro,,,,,,,,,,,,,,,,,True,,3,,True
2024,RA-1658,,8,,21,Masculino,2021,Privada / bolsa,,,,,,,,,,,,,,,,,True,,3,,True
2024,RA-1659,,8,,21,Masculino,2021,Concluiu / outro,,,,,,,,,,,,,,,,,True,,3,,True
2024,RA-1252,,8,,22,Feminino,2021,Privada / bolsa,,,,,,,,,,,,,,,,,True,,3,,True
2024,RA-1660,,8,,24,Feminino,2021,Concluiu / outro,,,,,,,,,,,,,,,,,True,,3,,True
2024,RA-1661,,8,,21,Feminino,2021,Concluiu / outro,,,,,,,,,,,,,,,,,True,,3,,True
