ano,ra,fase,fase_ideal,defasagem,idade,genero,ano_ingresso,instituicao,pedra,inde,ian,ida,ieg,iaa,ips,ipp,ipv,mat,port,ing,rec_psicologia,indicado_bolsa,atingiu_pv,pedra_ant,formado,nivel_defasagem,tempo_programa,em_defasagem,sem_indicadores,fase_prox,defasagem_prox,em_defasagem_prox,inde_prox,ida_prox,ieg_prox,ipv_prox,ano_base
2022,RA-1,7.0,8,-1.0,19,Feminino,2016,Pública,Quartzo,5.783,5.0,4.0,4.1,8.3,5.6,,7.278,2.7,3.5,6.0,Requer avaliação,Sim,Não,Ametista,False,Moderada (-1 a -2),6,1.0,False,8.0,0.0,0.0,,,,,2022
2022,RA-2,7.0,7,0.0,17,Feminino,2017,Privada / bolsa,Ametista,7.055,10.0,6.8,5.2,8.8,6.3,,6.778,6.3,4.5,9.7,Sem limitações,Não,Não,Ametista,False,Adequado (≥ 0),5,0.0,False,8.0,0.0,0.0,,,,,2022
2022,RA-5,7.0,7,0.0,17,Feminino,2016,Privada / bolsa,Ametista,7.427,10.0,5.2,8.6,7.9,5.6,,7.389,7.0,2.9,5.7,Requer avaliação,Não,Não,Ametista,False,Adequado (≥ 0),6,0.0,False,8.0,0.0,0.0,,,,,2022
2022,RA-6,7.0,8,-1.0,18,Feminino,2021,Pública,Quartzo,5.848,5.0,3.3,4.5,7.9,7.5,,7.222,2.3,5.3,2.3,Sem limitações,Sim,Não,Ágata,False,Moderada (-1 a -2),1,1.0,False,8.0,0.0,0.0,,,,,2022
2022,RA-7,7.0,8,-1.0,18,Masculino,2017,Privada / bolsa,Ágata,6.818,5.0,7.6,8.4,0.0,7.5,,7.667,8.2,5.7,9.0,Sem limitações,Não,Não,Ametista,False,Moderada (-1 a -2),5,1.0,False,8.0,0.0,0.0,,,,,2022
2022,RA-12,7.0,7,0.0,17,Feminino,2020,Pública,Quartzo,4.832,10.0,1.5,4.0,0.0,6.9,,6.389,2.7,1.1,0.7,Sem limitações,Sim,Não,Ágata,False,Adequado (≥ 0),2,0.0,False,8.0,0.0,0.0,,,,,2022
2022,RA-13,7.0,8,-1.0,18,Masculino,2016,Pública,Ágata,6.902,5.0,4.7,7.4,7.9,7.5,,8.056,3.5,5.5,5.2,Sem limitações,Sim,Não,Ametista,False,Moderada (-1 a -2),6,1.0,False,8.0,0.0,0.0,,,,,2022
2022,RA-14,7.0,8,-1.0,21,Masculino,2022,Pública,Ágata,6.793,5.0,4.0,8.3,7.9,7.5,,7.75,8.0,0.0,,Não atendido,Sim,Não,,False,Moderada (-1 a -2),0,1.0,False,8.0,0.0,0.0,,,,,2022
2022,RA-17,7.0,8,-1.0,20,Masculino,2022,Pública,Topázio,8.068,5.0,7.8,10.0,8.8,7.5,,8.292,9.0,6.5,,Não atendido,Sim,Não,,False,Moderada (-1 a -2),0,1.0,False,8.0,0.0,0.0,,,,,2022
2022,RA-19,7.0,8,-1.0,19,Feminino,2022,Pública,Ametista,7.665,5.0,8.0,9.5,7.9,7.5,,7.0,7.0,9.0,,Sem limitações,Sim,Não,,False,Moderada (-1 a -2),0,1.0,False,7.0,-1.0,1.0,7.710866667,7.8,9.4,8.1725,2022
2022,RA-21,7.0,8,-1.0,18,Masculino,2022,Pública,Ágata,6.945,5.0,3.8,9.2,9.6,7.5,,7.25,7.0,0.5,,Não atendido,Sim,Não,,False,Moderada (-1 a -2),0,1.0,False,8.0,0.0,0.0,,,,,2022
2022,RA-23,6.0,7,-1.0,17,Masculino,2021,Pública,Ametista,7.677,5.0,6.7,8.2,8.3,8.1,,8.556,7.2,4.7,8.2,Sem limitações,Sim,Sim,Ametista,False,Moderada (-1 a -2),1,1.0,False,8.0,1.0,0.0,,,,,2022
2022,RA-25,6.0,7,-1.0,17,Feminino,2021,Pública,Ametista,7.979,5.0,6.9,8.3,8.3,8.8,,9.667,9.2,3.8,7.7,Sem limitações,Sim,Sim,Topázio,False,Moderada (-1 a -2),1,1.0,False,8.0,0.0,0.0,,,,,2022
2022,RA-26,6.0,7,-1.0,17,Masculino,2022,Pública,Topázio,8.677,5.0,8.0,8.8,9.6,10.0,,10.0,9.5,4.4,10.0,Sem limitações,Sim,Sim,,False,Moderada (-1 a -2),0,1.0,False,7.0,-1.0,1.0,,,,,2022
2022,RA-27,6.0,7,-1.0,17,Masculino,2016,Privada / bolsa,Ametista,7.124,5.0,8.0,7.6,0.0,8.1,,9.111,7.7,6.3,10.0,Sem limitações,Não,Sim,Ametista,False,Moderada (-1 a -2),6,1.0,False,7.0,0.0,0.0,7.921266667,6.9,7.7,8.8825,2022
2022,RA-29,6.0,7,-1.0,17,Masculino,2022,Pública,Quartzo,4.985,5.0,3.7,4.0,0.0,8.8,,7.611,6.3,1.1,3.8,Requer avaliação,Sim,Não,,False,Moderada (-1 a -2),0,1.0,False,8.0,0.0,0.0,,,,,2022
2022,RA-31,6.0,7,-1.0,17,Feminino,2019,Privada / bolsa,Topázio,8.843,5.0,8.0,9.5,10.0,9.4,,10.0,9.0,5.7,9.3,Sem limitações,Não,Sim,Topázio,False,Moderada (-1 a -2),3,1.0,False,8.0,0.0,0.0,,,,,2022
2022,RA-32,6.0,6,0.0,16,Feminino,2018,Privada / bolsa,Ametista,7.37,10.0,6.1,5.2,8.8,8.8,,7.944,5.7,3.6,8.9,Sem limitações,Não,Não,Ametista,False,Adequado (≥ 0),4,0.0,False,7.0,0.0,0.0,6.716666667,7.9,8.2,6.8775,2022
2022,RA-34,6.0,7,-1.0,17,Masculino,2016,Privada / bolsa,Ágata,6.259,5.0,3.8,4.8,9.6,8.1,,7.278,4.7,4.0,2.8,Sem limitações,Não,Não,Ametista,False,Moderada (-1 a -2),6,1.0,False,8.0,0.0,0.0,,,,,2022
2022,RA-35,6.0,7,-1.0,17,Feminino,2019,Privada / bolsa,Topázio,8.965,5.0,8.5,9.6,10.0,9.4,,10.0,9.0,7.1,9.3,Sem limitações,Não,Sim,Topázio,False,Moderada (-1 a -2),3,1.0,False,8.0,0.0,0.0,,,,,2022
2022,RA-36,6.0,7,-1.0,17,Feminino,2019,Privada / bolsa,Ametista,7.876,5.0,6.8,9.0,9.2,6.9,,8.944,8.5,4.3,7.8,Sem limitações,Não,Sim,Ametista,False,Moderada (-1 a -2),3,1.0,False,8.0,0.0,0.0,,,,,2022
2022,RA-38,6.0,7,-1.0,17,Feminino,2017,Privada / bolsa,Topázio,8.523,5.0,8.6,8.9,9.2,7.5,,9.833,9.0,7.0,9.7,Não indicado,Não,Sim,Ametista,False,Moderada (-1 a -2),5,1.0,False,7.0,0.0,0.0,8.835333333,7.7,9.7,8.8825,2022
2022,RA-39,6.0,6,0.0,16,Feminino,2017,Privada / bolsa,Ágata,6.033,10.0,6.9,4.8,0.0,6.9,,6.111,7.7,5.1,7.8,Requer avaliação,Não,Não,Ametista,False,Adequado (≥ 0),5,0.0,False,7.0,0.0,0.0,8.710333333,7.8,9.1,8.7575,2022
2022,RA-40,5.0,6,-1.0,16,Feminino,2016,Privada / bolsa,Ametista,7.203,5.0,6.8,7.8,7.9,7.5,,7.75,4.7,7.3,8.4,Sem limitações,Não,Não,Ágata,False,Moderada (-1 a -2),6,1.0,False,6.0,-1.0,1.0,7.169975,5.9,8.2,7.755,2022
2022,RA-42,5.0,5,0.0,15,Masculino,2019,Privada / bolsa,Ágata,6.72,10.0,4.8,7.9,8.3,5.6,,6.083,3.7,4.5,6.2,Requer avaliação,Não,Não,Ametista,False,Adequado (≥ 0),3,0.0,False,5.0,-1.0,1.0,6.794516667,5.7,8.6,6.6675,2022
2022,RA-43,5.0,6,-1.0,16,Feminino,2019,Pública,Quartzo,5.486,5.0,4.3,6.5,6.3,5.6,,5.958,4.0,5.8,3.2,Requer avaliação,Não,Não,Ágata,False,Moderada (-1 a -2),3,1.0,False,6.0,-1.0,1.0,6.4622,5.0,6.7,7.5875,2022
2022,RA-44,5.0,7,-2.0,17,Feminino,2021,Pública,Quartzo,5.542,5.0,3.0,5.9,5.0,7.5,,7.292,2.3,3.5,3.2,Sem limitações,Sim,Não,Ametista,False,Moderada (-1 a -2),1,1.0,False,6.0,-2.0,1.0,6.258333333,6.9,8.5,7.17,2022
2022,RA-45,5.0,5,0.0,15,Feminino,2019,Privada / bolsa,Ametista,7.591,10.0,6.8,8.9,7.9,5.6,,7.417,6.3,5.2,8.8,Requer avaliação,Não,Não,Topázio,False,Adequado (≥ 0),3,0.0,False,6.0,0.0,0.0,8.303591667,7.9,9.6,8.1725,2022
2022,RA-46,5.0,7,-2.0,17,Feminino,2022,Pública,Ágata,6.048,5.0,2.1,8.4,8.8,6.3,,7.083,2.8,2.8,0.7,Sem limitações,Não,Não,,False,Moderada (-1 a -2),0,1.0,False,5.0,-3.0,1.0,5.545383333,4.4,7.4,6.6275,2022
2022,RA-48,5.0,5,0.0,15,Feminino,2017,Privada / bolsa,Ametista,8.006,10.0,8.1,8.4,6.7,7.5,,8.5,6.7,8.0,9.5,Sem limitações,Não,Sim,Ametista,False,Adequado (≥ 0),5,0.0,False,6.0,0.0,0.0,7.797058333,7.7,8.4,7.6275,2022
2022,RA-49,5.0,7,-2.0,17,Feminino,2022,Pública,Ágata,6.304,5.0,3.9,7.4,7.5,7.5,,7.042,1.5,4.2,6.2,Sem limitações,Não,Não,,False,Moderada (-1 a -2),0,1.0,False,8.0,0.0,0.0,,,,,2022
2022,RA-52,5.0,3,2.0,13,Masculino,2018,Privada / bolsa,Ametista,7.861,10.0,6.2,8.9,9.6,7.5,,7.5,3.3,6.3,8.8,Não atendido,Não,Não,Ametista,False,Adequado (≥ 0),4,0.0,False,5.0,1.0,0.0,7.9642,6.4,9.8,8.2975,2022
2022,RA-53,5.0,7,-2.0,17,Masculino,2022,Pública,Ágata,6.725,5.0,7.0,7.0,9.2,7.5,,6.458,6.0,8.0,,Não atendido,Não,Não,,False,Moderada (-1 a -2),0,1.0,False,6.0,-2.0,1.0,7.600633333,7.7,9.1,7.5875,2022
2022,RA-55,5.0,6,-1.0,16,Feminino,2017,Pública,Ágata,6.576,5.0,7.5,7.6,7.1,5.6,,6.5,6.7,7.8,7.9,Requer avaliação,Não,Não,Ametista,False,Moderada (-1 a -2),5,1.0,False,6.0,-1.0,1.0,6.898033333,7.1,8.1,7.545,2022
2022,RA-56,5.0,5,0.0,15,Feminino,2019,Privada / bolsa,Topázio,8.404,10.0,7.0,10.0,10.0,7.5,,8.25,4.5,6.5,10.0,Sem limitações,Não,Não,Topázio,False,Adequado (≥ 0),3,0.0,False,6.0,0.0,0.0,8.284333333,7.8,9.5,7.8,2022
2022,RA-57,5.0,6,-1.0,16,Masculino,2017,Privada / bolsa,Ametista,7.305,5.0,8.4,8.1,7.1,5.6,,7.875,9.0,7.0,9.3,Requer avaliação,Não,Não,Ametista,False,Moderada (-1 a -2),5,1.0,False,6.0,-1.0,1.0,6.450875,7.2,8.0,7.755,2022
2022,RA-58,5.0,5,0.0,15,Masculino,2017,Privada / bolsa,Topázio,8.136,10.0,7.2,9.2,9.6,6.3,,8.125,4.5,8.0,9.0,Sem limitações,Não,Não,Topázio,False,Adequado (≥ 0),5,0.0,False,6.0,0.0,0.0,7.70625,8.1,9.7,8.3825,2022
2022,RA-59,5.0,7,-2.0,17,Masculino,2022,Pública,Ametista,7.642,5.0,7.2,9.3,9.2,7.5,,7.917,7.0,5.7,8.8,Não atendido,Não,Não,,False,Moderada (-1 a -2),0,1.0,False,6.0,-2.0,1.0,7.692291667,7.2,9.6,8.4225,2022
2022,RA-61,5.0,5,0.0,15,Masculino,2021,Pública,Ametista,7.533,10.0,5.8,7.4,9.2,7.5,,7.875,1.7,6.3,9.3,Não atendido,Sim,Não,Ágata,False,Adequado (≥ 0),1,0.0,False,6.0,0.0,0.0,7.382108333,6.2,7.0,7.4625,2022
2022,RA-62,5.0,7,-2.0,17,Masculino,2022,Pública,Ametista,7.891,5.0,9.3,9.4,8.8,7.5,,7.25,8.5,10.0,,Não atendido,Sim,Não,,False,Moderada (-1 a -2),0,1.0,False,7.0,0.0,0.0,7.610333333,7.5,9.8,8.215,2022
2022,RA-63,5.0,6,-1.0,16,Masculino,2018,Privada / bolsa,Topázio,8.282,5.0,8.7,9.1,8.3,8.8,,9.417,8.2,8.2,9.7,Sem limitações,Não,Sim,Ametista,False,Moderada (-1 a -2),4,1.0,False,6.0,-1.0,1.0,8.0641,8.7,9.0,8.9675,2022
2022,RA-64,5.0,6,-1.0,16,Masculino,2019,Pública,Ametista,7.368,5.0,7.5,8.1,7.1,8.1,,8.25,4.8,8.2,9.4,Sem limitações,Sim,Não,Topázio,False,Moderada (-1 a -2),3,1.0,False,6.0,-1.0,1.0,7.452541667,6.7,9.2,7.9625,2022
2022,RA-70,5.0,6,-1.0,16,Feminino,2017,Pública,Quartzo,5.712,5.0,2.9,6.6,8.8,5.0,,6.111,5.7,2.9,0.2,Sem limitações,Não,Não,Quartzo,False,Moderada (-1 a -2),5,1.0,False,5.0,-2.0,1.0,6.869133333,4.3,9.2,7.545,2022
2022,RA-71,5.0,7,-2.0,17,Feminino,2019,Pública,Quartzo,4.332,5.0,1.2,2.0,7.9,7.5,,5.833,1.3,2.2,0.0,Não atendido,Não,Não,Ametista,False,Moderada (-1 a -2),3,1.0,False,6.0,-2.0,1.0,7.3651,6.6,9.8,7.7125,2022
2022,RA-76,5.0,5,0.0,15,Feminino,2017,Privada / bolsa,Topázio,9.105,10.0,8.7,9.1,10.0,8.1,,9.292,9.3,8.3,8.4,Sem limitações,Não,Sim,Topázio,False,Adequado (≥ 0),5,0.0,False,7.0,2.0,0.0,,,,,2022
2022,RA-78,5.0,7,-2.0,17,Masculino,2018,Privada / bolsa,Ametista,7.04,5.0,7.2,6.6,8.3,5.6,,8.0,8.7,5.7,7.3,Requer avaliação,Não,Não,Ágata,False,Moderada (-1 a -2),4,1.0,False,6.0,-2.0,1.0,6.434625,6.7,7.7,8.0025,2022
2022,RA-79,5.0,6,-1.0,16,Feminino,2018,Privada / bolsa,Ágata,6.847,5.0,8.9,6.3,5.4,5.6,,7.292,9.5,7.7,9.5,Requer avaliação,Não,Não,Ágata,False,Moderada (-1 a -2),4,1.0,False,6.0,-1.0,1.0,6.635883333,7.6,6.2,7.59,2022
2022,RA-80,5.0,6,-1.0,16,Feminino,2017,Privada / bolsa,Ametista,7.29,5.0,7.1,8.3,9.2,5.0,,7.625,6.5,7.7,7.3,Requer avaliação,Não,Não,Topázio,False,Moderada (-1 a -2),5,1.0,False,6.0,-1.0,1.0,7.252275,6.3,8.4,7.465,2022
2022,RA-81,5.0,4,1.0,14,Feminino,2017,Privada / bolsa,Ametista,7.675,10.0,6.0,9.2,9.2,5.0,,7.458,5.5,5.2,7.3,Requer avaliação,Não,Não,Topázio,False,Adequado (≥ 0),5,0.0,False,5.0,0.0,0.0,7.45425,6.3,8.8,7.2125,2022
2022,RA-84,5.0,7,-2.0,17,Feminino,2018,Privada / bolsa,Ágata,6.682,5.0,5.8,8.8,7.1,5.0,,6.75,5.7,6.5,5.2,Requer avaliação,Não,Não,Ametista,False,Moderada (-1 a -2),4,1.0,False,6.0,-2.0,1.0,6.034416667,6.0,8.8,7.6725,2022
2022,RA-85,5.0,5,0.0,15,Masculino,2022,Pública,Ágata,6.243,10.0,4.3,7.3,6.7,5.0,,5.833,5.0,3.5,,Requer avaliação,Não,Não,,False,Adequado (≥ 0),0,0.0,False,5.0,-1.0,1.0,7.08435,5.7,8.9,7.8425,2022
2022,RA-86,5.0,6,-1.0,16,Masculino,2016,Privada / bolsa,Ametista,7.566,5.0,6.7,9.6,7.5,5.6,,8.458,6.2,7.2,6.9,Sem limitações,Não,Sim,Ametista,False,Moderada (-1 a -2),6,1.0,False,7.0,0.0,0.0,,,,,2022
2022,RA-87,5.0,5,0.0,15,Masculino,2021,Privada / bolsa,Topázio,8.712,10.0,8.8,9.6,8.3,7.5,,8.5,8.3,8.0,10.0,Não atendido,Não,Sim,Ametista,False,Adequado (≥ 0),1,0.0,False,6.0,0.0,0.0,8.6625,9.3,10.0,8.385,2022
2022,RA-88,5.0,7,-2.0,17,Masculino,2021,Pública,Ametista,7.498,5.0,6.5,9.2,7.1,5.6,,9.208,6.8,6.2,6.4,Sem limitações,Sim,Sim,Ametista,False,Moderada (-1 a -2),1,1.0,False,8.0,0.0,0.0,,,,,2022
2022,RA-89,5.0,6,-1.0,16,Masculino,2021,Pública,Ametista,7.323,5.0,5.9,7.8,9.6,7.5,,8.0,7.5,5.7,4.7,Não atendido,Sim,Não,Quartzo,False,Moderada (-1 a -2),1,1.0,False,6.0,-1.0,1.0,6.700775,5.1,8.1,7.465,2022
2022,RA-90,5.0,3,2.0,13,Feminino,2019,Privada / bolsa,Topázio,9.442,10.0,8.5,9.7,10.0,9.4,,9.75,7.7,8.0,9.8,Sem limitações,Não,Sim,Topázio,False,Adequado (≥ 0),3,0.0,False,5.0,1.0,0.0,8.699408333,7.7,9.6,8.1725,2022
2022,RA-91,5.0,6,-1.0,16,Feminino,2016,Privada / bolsa,Ágata,6.645,5.0,6.6,5.7,9.2,5.6,,7.125,5.5,5.7,8.5,Requer avaliação,Não,Não,Ametista,False,Moderada (-1 a -2),6,1.0,False,6.0,-1.0,1.0,7.42395,7.4,7.4,7.4675,2022
2022,RA-92,5.0,6,-1.0,16,Feminino,2016,Privada / bolsa,Ágata,6.957,5.0,7.4,7.1,9.2,5.0,,6.667,7.8,5.5,8.8,Requer avaliação,Não,Não,Ametista,False,Moderada (-1 a -2),6,1.0,False,6.0,-1.0,1.0,7.375916667,6.7,9.4,7.045,2022
2022,RA-93,5.0,5,0.0,15,Feminino,2016,Privada / bolsa,Topázio,8.941,10.0,8.5,9.7,8.3,8.1,,9.083,8.8,8.3,8.4,Sem limitações,Não,Sim,Topázio,False,Adequado (≥ 0),6,0.0,False,7.0,1.0,0.0,,,,,2022
2022,RA-94,5.0,5,0.0,15,Feminino,2018,Privada / bolsa,Topázio,8.921,10.0,7.7,9.6,8.3,8.1,,9.583,7.0,6.7,9.5,Sem limitações,Não,Sim,Topázio,False,Adequado (≥ 0),4,0.0,False,5.0,-1.0,1.0,7.289333333,7.2,9.6,7.795,2022
2022,RA-96,5.0,6,-1.0,16,Masculino,2021,Pública,Ametista,7.54,5.0,6.7,7.8,9.2,6.9,,8.5,5.7,6.5,8.0,Sem limitações,Sim,Sim,Ametista,False,Moderada (-1 a -2),1,1.0,False,6.0,-1.0,1.0,7.610791667,6.4,8.9,7.84,2022
2022,RA-98,5.0,5,0.0,15,Feminino,2017,Privada / bolsa,Topázio,9.354,10.0,8.5,10.0,8.8,9.4,,9.667,8.4,8.2,8.9,Sem limitações,Não,Sim,Topázio,False,Adequado (≥ 0),5,0.0,False,7.0,2.0,0.0,,,,,2022
2022,RA-99,5.0,6,-1.0,16,Masculino,2019,Pública,Ágata,6.158,5.0,5.0,6.3,8.8,7.5,,5.833,5.7,3.4,5.8,Não atendido,Não,Não,Ágata,False,Moderada (-1 a -2),3,1.0,False,6.0,-1.0,1.0,6.68045,4.5,8.3,7.4225,2022
2022,RA-103,4.0,3,1.0,13,Feminino,2020,Privada / bolsa,Topázio,8.107,10.0,7.3,8.7,7.9,7.5,,7.708,7.3,7.3,7.3,Não atendido,Não,Não,Ametista,False,Adequado (≥ 0),2,0.0,False,5.0,1.0,0.0,8.0239,7.1,9.2,8.09,2022
2022,RA-104,4.0,8,-4.0,18,Masculino,2022,Pública,Ágata,6.315,2.5,3.7,8.7,7.9,7.5,,6.708,4.8,5.8,0.3,Não atendido,Não,Não,,False,Severa (≤ -3),0,1.0,False,5.0,-3.0,1.0,4.25,2.6,7.7,5.6275,2022
2022,RA-106,4.0,5,-1.0,15,Feminino,2016,Privada / bolsa,Ametista,7.973,5.0,7.4,8.0,9.2,9.4,,8.375,7.8,7.2,7.2,Sem limitações,Não,Sim,Ametista,False,Moderada (-1 a -2),6,1.0,False,5.0,0.0,0.0,7.769658333,7.3,9.1,7.5075,2022
2022,RA-107,4.0,5,-1.0,15,Feminino,2018,Pública,Ágata,6.258,5.0,4.6,6.4,7.5,7.5,,6.5,3.3,4.3,6.0,Sem limitações,Sim,Não,Ágata,False,Moderada (-1 a -2),4,1.0,False,5.0,0.0,0.0,6.845208333,7.0,8.5,7.5875,2022
2022,RA-108,4.0,7,-3.0,17,Feminino,2019,Pública,Quartzo,5.547,2.5,5.0,7.7,4.6,5.0,,6.125,3.0,5.8,6.2,Não indicado,Não,Não,Ágata,False,Severa (≤ -3),3,1.0,False,5.0,-2.0,1.0,4.9308,2.9,7.3,5.59,2022
2022,RA-109,4.0,6,-2.0,16,Masculino,2021,Privada / bolsa,Topázio,8.512,5.0,8.4,10.0,8.8,8.8,,8.667,7.8,7.5,9.9,Sem limitações,Não,Sim,Ametista,False,Moderada (-1 a -2),1,1.0,False,6.0,-1.0,1.0,8.3184,8.3,9.9,8.59,2022
2022,RA-110,4.0,4,0.0,14,Masculino,2017,Privada / bolsa,Topázio,8.15,10.0,6.7,9.7,9.2,5.6,,8.0,8.3,5.7,6.0,Requer avaliação,Não,Não,Topázio,False,Adequado (≥ 0),5,0.0,False,5.0,0.0,0.0,8.0879,7.5,8.6,8.2975,2022
2022,RA-111,4.0,3,1.0,13,Feminino,2020,Privada / bolsa,Topázio,8.646,10.0,8.0,9.4,7.5,8.1,,8.667,6.7,7.5,9.7,Sem limitações,Não,Sim,Topázio,False,Adequado (≥ 0),2,0.0,False,5.0,1.0,0.0,7.566458333,6.0,8.7,8.0875,2022
2022,RA-112,4.0,5,-1.0,15,Feminino,2016,Privada / bolsa,Ametista,7.836,5.0,8.5,7.8,7.9,6.3,,8.833,9.0,7.5,9.1,Sem limitações,Não,Sim,Ametista,False,Moderada (-1 a -2),6,1.0,False,5.0,-1.0,1.0,7.141308333,7.4,8.1,7.9225,2022
2022,RA-114,4.0,6,-2.0,16,Masculino,2022,Pública,Quartzo,5.894,5.0,5.3,6.3,7.9,7.5,,5.0,6.0,4.5,,Sem limitações,Não,Não,,False,Moderada (-1 a -2),0,1.0,False,5.0,-2.0,1.0,5.335,5.6,6.0,7.255,2022
2022,RA-115,4.0,6,-2.0,16,Feminino,2019,Pública,Quartzo,5.886,5.0,3.8,6.8,8.3,6.3,,5.583,3.0,5.7,2.7,Requer avaliação,Não,Não,Ametista,False,Moderada (-1 a -2),3,1.0,False,5.0,-1.0,1.0,6.319141667,4.2,7.1,7.215,2022
2022,RA-116,4.0,6,-2.0,16,Feminino,2019,Pública,Ágata,6.854,5.0,5.9,8.1,5.8,6.3,,7.792,5.0,7.2,5.5,Sem limitações,Sim,Não,Ágata,False,Moderada (-1 a -2),3,1.0,False,5.0,-2.0,1.0,6.433075,4.7,7.6,7.5475,2022
2022,RA-119,4.0,4,0.0,14,Feminino,2016,Privada / bolsa,Ametista,7.501,10.0,5.4,8.2,8.3,5.6,,7.875,5.7,7.0,3.4,Requer avaliação,Não,Não,Ágata,False,Adequado (≥ 0),6,0.0,False,7.0,2.0,0.0,,,,,2022
2022,RA-121,4.0,6,-2.0,16,Feminino,2021,Pública,Ametista,7.245,5.0,7.2,8.4,7.1,6.3,,7.625,5.7,6.8,9.0,Sem limitações,Sim,Não,Ágata,False,Moderada (-1 a -2),1,1.0,False,5.0,-1.0,1.0,6.811875,6.0,8.8,7.4625,2022
2022,RA-123,4.0,6,-2.0,16,Masculino,2017,Privada / bolsa,Ametista,7.084,5.0,6.5,8.6,7.9,5.6,,7.292,7.3,6.3,5.9,Requer avaliação,Não,Não,Ametista,False,Moderada (-1 a -2),5,1.0,False,5.0,-2.0,1.0,6.068333333,5.7,9.4,6.8375,2022
2022,RA-125,4.0,5,-1.0,15,Feminino,2022,Pública,Ametista,7.619,5.0,7.1,8.5,8.8,7.5,,7.75,5.0,7.2,9.2,Não atendido,Sim,Não,,False,Moderada (-1 a -2),0,1.0,False,5.0,-1.0,1.0,6.989633333,5.8,7.7,7.835,2022
2022,RA-127,4.0,4,0.0,14,Feminino,2022,Pública,Topázio,8.283,10.0,7.9,8.7,7.5,7.5,,8.125,7.7,7.7,8.3,Não atendido,Sim,Não,,False,Adequado (≥ 0),0,0.0,False,5.0,0.0,0.0,7.91935,6.4,7.8,8.6725,2022
2022,RA-128,4.0,5,-1.0,15,Masculino,2019,Pública,Quartzo,5.563,5.0,5.6,6.2,0.0,7.5,,6.167,6.7,6.8,3.2,Não atendido,Sim,Não,Ágata,False,Moderada (-1 a -2),3,1.0,False,5.0,-1.0,1.0,6.503908333,5.7,7.3,7.5475,2022
2022,RA-131,4.0,5,-1.0,15,Feminino,2016,Pública,Ametista,7.174,5.0,5.6,9.0,8.8,5.6,,7.75,6.0,6.5,4.2,Sem limitações,Sim,Não,Ametista,False,Moderada (-1 a -2),6,1.0,False,5.0,-1.0,1.0,5.952358333,2.2,7.8,6.8,2022
2022,RA-132,4.0,4,0.0,14,Feminino,2019,Privada / bolsa,Topázio,8.355,10.0,7.7,8.8,10.0,5.6,,8.458,6.5,7.5,9.1,Sem limitações,Não,Sim,Ametista,False,Adequado (≥ 0),3,0.0,False,5.0,0.0,0.0,7.350625,6.5,8.7,7.715,2022
2022,RA-133,4.0,5,-1.0,15,Feminino,2016,Pública,Ágata,6.875,5.0,5.6,7.1,7.9,7.5,,7.625,4.7,7.2,5.0,Não atendido,Não,Não,Quartzo,False,Moderada (-1 a -2),6,1.0,False,5.0,-1.0,1.0,6.168416667,5.3,7.9,6.505,2022
2022,RA-137,4.0,7,-3.0,17,Feminino,2016,Privada / bolsa,Ametista,7.056,2.5,7.3,8.9,7.5,5.0,,7.792,6.0,7.3,8.5,Requer avaliação,Não,Não,Ágata,False,Severa (≤ -3),6,1.0,False,5.0,-2.0,1.0,5.937025,6.0,6.3,6.88,2022
2022,RA-138,4.0,5,-1.0,15,Masculino,2016,Pública,Ágata,6.738,5.0,5.6,8.0,9.6,5.6,,6.375,5.0,6.5,5.2,Requer avaliação,Sim,Não,Ágata,False,Moderada (-1 a -2),6,1.0,False,4.0,-2.0,1.0,6.784075,4.3,7.9,7.4175,2022
2022,RA-141,4.0,4,0.0,14,Masculino,2017,Pública,Ametista,7.118,10.0,5.7,8.2,9.2,5.6,,5.917,5.8,6.2,5.0,Requer avaliação,Não,Não,Ágata,False,Adequado (≥ 0),5,0.0,False,4.0,-1.0,1.0,6.719791667,4.5,8.4,7.0425,2022
2022,RA-143,4.0,3,1.0,13,Masculino,2019,Privada / bolsa,Topázio,8.638,10.0,7.9,9.9,8.3,5.6,,9.5,9.7,7.7,6.4,Sem limitações,Não,Sim,Topázio,False,Adequado (≥ 0),3,0.0,False,5.0,1.0,0.0,7.794358333,6.5,9.6,8.3375,2022
2022,RA-144,4.0,4,0.0,14,Feminino,2017,Privada / bolsa,Topázio,8.181,10.0,7.9,9.3,7.5,5.0,,8.292,7.5,7.2,9.0,Requer avaliação,Não,Não,Quartzo,False,Adequado (≥ 0),5,0.0,False,5.0,1.0,0.0,4.990333333,4.4,5.2,6.0,2022
2022,RA-145,4.0,6,-2.0,16,Masculino,2017,Pública,Quartzo,5.846,5.0,5.2,6.3,0.0,8.1,,7.25,3.0,4.8,7.8,Sem limitações,Sim,Não,Ágata,False,Moderada (-1 a -2),5,1.0,False,4.0,-3.0,1.0,,6.2,9.0,7.4625,2022
2022,RA-146,4.0,5,-1.0,15,Feminino,2022,Pública,Ametista,7.947,5.0,7.9,9.2,8.3,7.5,,8.208,6.3,7.3,10.0,Não atendido,Sim,Não,,False,Moderada (-1 a -2),0,1.0,False,5.0,-1.0,1.0,7.584483333,7.9,9.5,8.2125,2022
2022,RA-147,4.0,4,0.0,14,Feminino,2022,Pública,Ametista,7.541,10.0,6.1,7.7,8.3,7.5,,7.25,5.8,4.8,7.7,Não atendido,Não,Não,,False,Adequado (≥ 0),0,0.0,False,4.0,-1.0,1.0,5.5425,4.5,7.0,7.46,2022
2022,RA-149,4.0,5,-1.0,15,Feminino,2022,Pública,Ágata,6.323,5.0,5.0,6.5,9.2,7.5,,6.125,4.0,6.0,,Não atendido,Não,Não,,False,Moderada (-1 a -2),0,1.0,False,4.0,-2.0,1.0,5.622266667,4.7,4.2,7.2925,2022
2022,RA-151,4.0,6,-2.0,16,Feminino,2020,Pública,Ametista,7.563,5.0,8.3,7.5,8.8,6.9,,7.958,7.3,8.0,9.5,Sem limitações,Sim,Não,Ametista,False,Moderada (-1 a -2),2,1.0,False,5.0,-2.0,1.0,6.892541667,7.9,7.8,8.1725,2022
2022,RA-152,4.0,6,-2.0,16,Feminino,2022,Pública,Ágata,6.712,5.0,6.5,7.0,8.3,7.5,,6.292,4.0,7.0,8.5,Não atendido,Não,Não,,False,Moderada (-1 a -2),0,1.0,False,4.0,-2.0,1.0,6.30695,4.5,7.7,7.71,2022
2022,RA-153,4.0,4,0.0,14,Feminino,2018,Privada / bolsa,Ametista,7.535,10.0,6.6,8.2,7.9,5.0,,7.708,3.3,7.7,8.8,Requer avaliação,Não,Não,Ametista,False,Adequado (≥ 0),4,0.0,False,5.0,0.0,0.0,7.289966667,6.4,7.4,7.71,2022
2022,RA-155,4.0,6,-2.0,16,Masculino,2022,Pública,Ametista,7.051,5.0,5.2,8.3,10.0,7.5,,6.833,4.3,6.8,4.3,Não atendido,Sim,Não,,False,Moderada (-1 a -2),0,1.0,False,5.0,-2.0,1.0,6.318991667,4.4,8.1,6.5875,2022
2022,RA-157,4.0,3,1.0,12,Feminino,2018,Privada / bolsa,Topázio,8.317,10.0,7.7,10.0,7.5,6.3,,8.292,7.0,7.5,8.7,Requer avaliação,Não,Não,Topázio,False,Adequado (≥ 0),4,0.0,False,5.0,2.0,0.0,7.879008333,6.8,9.9,8.63,2022
2022,RA-158,4.0,7,-3.0,17,Feminino,2017,Privada / bolsa,Ametista,7.302,2.5,6.6,9.8,7.9,5.6,,8.125,5.0,6.7,8.1,Requer avaliação,Não,Não,Ametista,False,Severa (≤ -3),5,1.0,False,5.0,1.0,0.0,7.297425,6.0,9.0,7.545,2022
2022,RA-159,4.0,5,-1.0,15,Feminino,2021,Pública,Ágata,6.49,5.0,4.7,8.1,8.3,5.6,,6.458,4.3,5.8,3.9,Requer avaliação,Não,Não,Ametista,False,Moderada (-1 a -2),1,1.0,False,4.0,-2.0,1.0,6.805033333,6.3,8.1,7.8775,2022
2022,RA-160,4.0,5,-1.0,15,Feminino,2021,Pública,Ágata,6.746,5.0,5.3,7.2,7.5,5.6,,8.25,2.7,6.0,7.1,Requer avaliação,Sim,Não,Ágata,False,Moderada (-1 a -2),1,1.0,False,5.0,-1.0,1.0,6.598266667,5.0,8.3,7.46,2022
2022,RA-161,4.0,2,2.0,11,Feminino,2018,Privada / bolsa,Ametista,7.957,10.0,6.9,9.1,7.9,5.6,,8.083,5.3,6.8,8.5,Requer avaliação,Não,Não,Ametista,False,Adequado (≥ 0),4,0.0,False,5.0,1.0,0.0,6.250166667,5.8,7.3,7.795,2022
2022,RA-164,4.0,6,-2.0,16,Masculino,2018,Pública,Ágata,6.776,5.0,6.5,7.3,8.3,5.6,,7.208,4.7,6.5,8.3,Requer avaliação,Sim,Não,Ágata,False,Moderada (-1 a -2),4,1.0,False,5.0,-1.0,1.0,5.638666667,5.8,8.2,6.9625,2022
2022,RA-165,4.0,4,0.0,14,Feminino,2017,Privada / bolsa,Topázio,8.063,10.0,7.6,9.8,7.1,5.6,,7.5,5.3,7.8,9.7,Sem limitações,Não,Não,Ametista,False,Adequado (≥ 0),5,0.0,False,5.0,0.0,0.0,7.583433333,7.3,9.2,7.795,2022
2022,RA-166,4.0,4,0.0,14,Masculino,2020,Pública,Topázio,8.253,10.0,8.1,9.0,9.2,6.3,,7.542,7.0,7.2,10.0,Sem limitações,Sim,Não,Ametista,False,Adequado (≥ 0),2,0.0,False,5.0,0.0,0.0,8.105583333,8.1,8.9,7.4625,2022
2022,RA-167,4.0,6,-2.0,16,Feminino,2018,Privada / bolsa,Ametista,7.798,5.0,7.9,9.7,9.2,5.6,,7.833,9.3,8.0,6.3,Requer avaliação,Não,Não,Ametista,False,Moderada (-1 a -2),4,1.0,False,5.0,-2.0,1.0,7.806141667,7.9,9.9,7.8375,2022
2022,RA-168,4.0,5,-1.0,15,Feminino,2018,Privada / bolsa,Ágata,6.917,5.0,5.9,8.3,7.9,6.3,,7.083,4.7,8.2,5.0,Sem limitações,Não,Não,Ametista,False,Moderada (-1 a -2),4,1.0,False,5.0,0.0,0.0,6.483083333,4.7,9.6,6.4225,2022
2022,RA-170,4.0,4,0.0,14,Feminino,2018,Privada / bolsa,Ágata,7.007,10.0,4.9,9.2,8.3,5.6,,5.792,3.7,6.7,4.3,Requer avaliação,Não,Não,Ametista,False,Adequado (≥ 0),4,0.0,False,3.0,-2.0,1.0,7.062433333,7.2,8.9,7.6725,2022
2022,RA-171,4.0,6,-2.0,16,Masculino,2022,Pública,Ágata,6.581,5.0,5.5,6.8,7.5,7.5,,6.875,3.0,8.0,,Sem limitações,Não,Não,,False,Moderada (-1 a -2),0,1.0,False,5.0,-2.0,1.0,6.293083333,5.2,7.2,6.755,2022
2022,RA-172,4.0,4,0.0,14,Feminino,2018,Privada / bolsa,Topázio,8.673,10.0,7.3,8.9,9.2,9.4,,8.917,6.0,7.7,8.1,Sem limitações,Não,Sim,Topázio,False,Adequado (≥ 0),4,0.0,False,7.0,2.0,0.0,,,,,2022
2022,RA-173,4.0,7,-3.0,17,Masculino,2019,Privada / bolsa,Ametista,7.816,2.5,7.9,9.2,8.3,6.9,,9.25,9.0,7.5,7.1,Requer avaliação,Não,Sim,Ametista,False,Severa (≤ -3),3,1.0,False,5.0,-2.0,1.0,7.757466667,8.1,8.5,7.8775,2022
2022,RA-174,4.0,5,-1.0,15,Feminino,2019,Pública,Ágata,6.075,5.0,4.4,6.2,7.9,7.5,,6.042,4.0,5.3,3.8,Sem limitações,Não,Não,Ágata,False,Moderada (-1 a -2),3,1.0,False,4.0,-2.0,1.0,6.1242,5.1,5.6,7.2125,2022
2022,RA-175,4.0,5,-1.0,15,Feminino,2018,Privada / bolsa,Ágata,6.75,5.0,5.9,9.2,8.3,5.6,,5.833,4.7,7.2,5.9,Requer avaliação,Não,Não,Ametista,False,Moderada (-1 a -2),4,1.0,False,5.0,-1.0,1.0,6.569516667,4.8,9.2,7.085,2022
2022,RA-176,3.0,3,0.0,13,Feminino,2018,Privada / bolsa,Topázio,8.427,10.0,6.9,9.1,9.6,5.6,,9.083,5.1,6.8,8.7,Requer avaliação,Não,Sim,Ametista,False,Adequado (≥ 0),4,0.0,False,4.0,0.0,0.0,8.316833333,8.0,9.5,9.0025,2022
2022,RA-178,3.0,3,0.0,13,Feminino,2016,Privada / bolsa,Ágata,7.025,10.0,6.3,8.8,0.0,4.4,,8.458,6.2,5.3,7.3,Requer avaliação,Não,Sim,Ametista,False,Adequado (≥ 0),6,0.0,False,4.0,0.0,0.0,7.406658333,5.9,8.7,8.42,2022
2022,RA-179,3.0,3,0.0,12,Masculino,2022,Pública,Ametista,7.993,10.0,6.1,9.2,7.5,7.5,,8.042,3.7,6.7,8.0,Sem limitações,Sim,Não,,False,Adequado (≥ 0),0,0.0,False,3.0,0.0,0.0,8.437641667,6.4,9.4,8.9225,2022
2022,RA-180,3.0,3,0.0,12,Masculino,2018,Privada / bolsa,Topázio,8.442,10.0,8.1,8.3,9.2,6.3,,8.625,7.7,8.3,8.3,Requer avaliação,Não,Sim,Topázio,False,Adequado (≥ 0),4,0.0,False,4.0,1.0,0.0,8.283216667,8.0,9.4,8.92,2022
2022,RA-181,3.0,3,0.0,13,Feminino,2019,Privada / bolsa,Topázio,8.623,10.0,6.8,9.5,9.2,8.8,,8.458,6.8,7.3,6.2,Não atendido,Não,Sim,Ametista,False,Adequado (≥ 0),3,0.0,False,4.0,0.0,0.0,7.671208333,6.8,8.3,8.2525,2022
2022,RA-183,3.0,3,0.0,13,Feminino,2022,Pública,Ametista,7.3,10.0,3.8,8.8,8.3,7.5,,7.25,0.0,7.5,,Não atendido,Não,Não,,False,Adequado (≥ 0),0,0.0,False,3.0,-1.0,1.0,7.586241667,7.7,9.7,8.795,2022
2022,RA-184,3.0,6,-3.0,16,Masculino,2019,Pública,Ametista,7.28,2.5,7.2,7.7,8.8,7.5,,8.0,5.0,7.3,9.3,Não atendido,Sim,Não,Ametista,False,Severa (≤ -3),3,1.0,False,4.0,1.0,0.0,8.430241667,7.1,9.5,8.5025,2022
2022,RA-186,3.0,3,0.0,13,Feminino,2019,Pública,Ametista,7.832,10.0,6.6,8.5,8.3,7.5,,7.5,6.0,5.7,8.0,Não atendido,Sim,Não,Ametista,False,Adequado (≥ 0),3,0.0,False,4.0,0.0,0.0,7.817541667,6.9,9.7,8.46,2022
2022,RA-187,3.0,3,0.0,12,Feminino,2019,Privada / bolsa,Ametista,7.928,10.0,5.8,8.9,8.8,7.5,,7.917,5.3,7.2,4.8,Não atendido,Não,Não,Topázio,False,Adequado (≥ 0),3,0.0,False,3.0,0.0,0.0,7.809875,6.9,9.9,8.255,2022
2022,RA-189,3.0,4,-1.0,14,Masculino,2018,Privada / bolsa,Ametista,7.629,5.0,7.2,9.7,10.0,5.0,,7.333,6.3,7.2,8.0,Requer avaliação,Não,Não,Ametista,False,Moderada (-1 a -2),4,1.0,False,4.0,0.0,0.0,7.727325,6.5,9.4,8.3775,2022
2022,RA-190,3.0,3,0.0,13,Feminino,2022,Pública,Ametista,7.335,10.0,6.3,6.9,6.7,8.8,,7.25,5.0,7.5,,Não atendido,Não,Não,,False,Adequado (≥ 0),0,0.0,False,3.0,-1.0,1.0,6.934158333,5.7,9.5,7.9575,2022
2022,RA-191,3.0,3,0.0,13,Masculino,2019,Privada / bolsa,Topázio,8.74,10.0,7.2,9.4,10.0,8.8,,8.5,8.0,7.2,6.3,Não atendido,Não,Sim,Topázio,False,Adequado (≥ 0),3,0.0,False,4.0,0.0,0.0,7.263666667,7.8,9.7,8.4625,2022
2022,RA-192,3.0,5,-2.0,15,Masculino,2021,Pública,Quartzo,4.932,5.0,2.7,3.6,8.8,7.5,,4.708,1.7,4.7,1.7,Não atendido,Não,Não,Quartzo,False,Moderada (-1 a -2),1,1.0,False,4.0,-2.0,1.0,6.616016667,6.5,6.2,7.3775,2022
2022,RA-193,3.0,3,0.0,12,Masculino,2016,Privada / bolsa,Topázio,8.155,10.0,6.7,8.9,9.2,5.6,,8.5,5.0,6.3,8.7,Sem limitações,Não,Sim,Topázio,False,Adequado (≥ 0),6,0.0,False,4.0,1.0,0.0,7.718566667,6.5,9.4,8.17,2022
2022,RA-195,3.0,3,0.0,13,Feminino,2017,Privada / bolsa,Ametista,8.017,10.0,6.3,9.2,8.8,5.0,,8.25,6.8,6.3,5.8,Requer avaliação,Não,Não,Ametista,False,Adequado (≥ 0),5,0.0,False,4.0,0.0,0.0,7.60205,6.0,9.2,8.79,2022
2022,RA-196,3.0,3,0.0,12,Masculino,2018,Privada / bolsa,Topázio,8.124,10.0,5.1,9.1,9.2,7.5,,8.625,4.0,6.0,5.3,Não atendido,Não,Sim,Topázio,False,Adequado (≥ 0),4,0.0,False,4.0,1.0,0.0,7.560991667,6.2,9.0,8.2125,2022
2022,RA-197,3.0,3,0.0,13,Feminino,2021,Privada / bolsa,Topázio,8.218,10.0,7.3,9.7,8.8,4.4,,8.292,6.0,7.5,8.3,Requer avaliação,Não,Não,Topázio,False,Adequado (≥ 0),1,0.0,False,4.0,1.0,0.0,7.967608333,7.2,9.8,8.46,2022
2022,RA-199,3.0,3,0.0,13,Masculino,2022,Pública,Ametista,7.564,10.0,7.5,7.1,8.3,7.5,,6.458,5.7,7.8,9.0,Não atendido,Não,Não,,False,Adequado (≥ 0),0,0.0,False,3.0,-1.0,1.0,7.892341667,8.5,7.6,8.505,2022
2022,RA-200,3.0,5,-2.0,15,Masculino,2018,Privada / bolsa,Quartzo,5.705,5.0,5.5,5.6,7.9,4.4,,4.917,4.7,5.0,6.8,Requer avaliação,Não,Não,Quartzo,False,Moderada (-1 a -2),4,1.0,False,4.0,-2.0,1.0,5.661166667,4.3,4.5,7.17,2022
2022,RA-202,3.0,4,-1.0,14,Feminino,2017,Pública,Quartzo,5.201,5.0,5.4,5.2,0.0,4.4,,6.917,6.3,5.8,4.2,Requer avaliação,Sim,Não,Ametista,False,Moderada (-1 a -2),5,1.0,False,4.0,-1.0,1.0,6.791641667,5.9,7.9,8.005,2022
2022,RA-204,3.0,3,0.0,13,Feminino,2019,Pública,Ágata,6.943,10.0,7.4,6.7,7.9,4.4,,5.708,5.3,8.5,8.5,Requer avaliação,Não,Não,Ametista,False,Adequado (≥ 0),3,0.0,False,4.0,0.0,0.0,7.557558333,7.1,7.9,8.045,2022
2022,RA-205,3.0,4,-1.0,14,Masculino,2020,Pública,Quartzo,5.372,5.0,4.1,3.8,9.6,7.5,,4.833,5.7,1.7,5.0,Não atendido,Não,Não,Ametista,False,Moderada (-1 a -2),2,1.0,False,4.0,-1.0,1.0,6.857625,6.6,7.6,7.09,2022
2022,RA-211,3.0,3,0.0,13,Masculino,2021,Pública,Topázio,8.465,10.0,7.6,8.8,9.2,7.5,,8.458,6.7,7.5,8.5,Não atendido,Sim,Sim,Topázio,False,Adequado (≥ 0),1,0.0,False,4.0,0.0,0.0,8.024791667,7.1,9.4,8.71,2022
2022,RA-215,3.0,3,0.0,13,Feminino,2021,Pública,Ametista,7.172,10.0,7.8,5.8,6.7,7.5,,6.542,5.7,7.7,10.0,Não atendido,Não,Não,Ágata,False,Adequado (≥ 0),1,0.0,False,4.0,0.0,0.0,7.166475,6.9,6.6,7.7125,2022
2022,RA-217,3.0,5,-2.0,15,Feminino,2021,Pública,Ametista,7.397,5.0,7.1,8.5,7.9,7.5,,7.292,6.3,7.2,7.7,Não atendido,Sim,Não,Ametista,False,Moderada (-1 a -2),1,1.0,False,4.0,-1.0,1.0,6.96965,5.6,8.6,8.5025,2022
2022,RA-218,3.0,4,-1.0,14,Feminino,2022,Pública,Ágata,6.1,5.0,4.0,7.3,6.3,7.5,,6.125,5.0,7.0,0.0,Não atendido,Não,Não,,False,Moderada (-1 a -2),0,1.0,False,4.0,-1.0,1.0,5.811541667,6.7,6.7,7.88,2022
2022,RA-220,3.0,3,0.0,13,Feminino,2022,Pública,Ágata,7.028,10.0,6.5,8.1,0.0,7.5,,7.833,6.8,6.8,5.8,Não atendido,Sim,Não,,False,Adequado (≥ 0),0,0.0,False,4.0,0.0,0.0,7.102016667,6.1,7.6,7.5475,2022
2022,RA-221,3.0,4,-1.0,14,Masculino,2022,Pública,Ágata,6.892,5.0,5.2,8.5,9.6,7.5,,6.0,7.0,3.5,5.0,Não atendido,Não,Não,,False,Moderada (-1 a -2),0,1.0,False,3.0,-2.0,1.0,6.959916667,5.0,9.0,7.38,2022
2022,RA-223,3.0,3,0.0,13,Feminino,2022,Pública,Quartzo,4.966,10.0,3.1,4.6,0.0,7.5,,5.583,4.3,4.7,0.2,Não atendido,Não,Não,,False,Adequado (≥ 0),0,0.0,False,3.0,-1.0,1.0,5.089833333,3.8,4.5,7.1725,2022
2022,RA-227,3.0,3,0.0,12,Masculino,2022,Pública,Ágata,6.471,10.0,3.3,6.4,9.2,7.5,,5.833,4.7,4.3,1.0,Não atendido,Não,Não,,False,Adequado (≥ 0),0,0.0,False,3.0,0.0,0.0,7.722125,6.9,7.5,7.4625,2022
2022,RA-229,3.0,3,0.0,12,Masculino,2022,Pública,Topázio,8.62,10.0,6.9,9.4,10.0,7.5,,8.5,7.0,6.7,7.2,Não atendido,Sim,Sim,,False,Adequado (≥ 0),0,0.0,False,4.0,1.0,0.0,8.207591667,7.8,9.8,8.42,2022
2022,RA-234,3.0,3,0.0,13,Masculino,2022,Pública,Ágata,6.719,10.0,4.3,7.6,10.0,5.6,,5.583,3.7,6.3,2.8,Sem limitações,Não,Não,,False,Adequado (≥ 0),0,0.0,False,3.0,0.0,0.0,6.248741667,5.6,8.0,5.595,2022
2022,RA-236,3.0,3,0.0,12,Feminino,2022,Pública,Ametista,7.11,10.0,3.7,7.5,9.6,7.5,,7.208,4.0,4.0,3.0,Não atendido,Não,Não,,False,Adequado (≥ 0),0,0.0,False,3.0,0.0,0.0,7.337116667,4.5,7.5,7.2975,2022
2022,RA-237,3.0,4,-1.0,14,Feminino,2022,Pública,Topázio,8.084,5.0,7.8,9.0,10.0,7.5,,8.417,6.8,7.7,8.8,Não atendido,Sim,Sim,,False,Moderada (-1 a -2),0,1.0,False,4.0,-1.0,1.0,7.436566667,6.7,9.5,8.96,2022
2022,RA-239,3.0,5,-2.0,15,Feminino,2021,Pública,Quartzo,4.572,5.0,3.7,3.7,0.0,7.5,,5.958,2.0,4.7,4.5,Não atendido,Não,Não,Quartzo,False,Moderada (-1 a -2),1,1.0,False,4.0,-2.0,1.0,6.411333333,7.0,8.4,7.6275,2022
2022,RA-240,3.0,3,0.0,13,Feminino,2017,Privada / bolsa,Ágata,6.943,10.0,4.7,8.1,7.1,5.0,,7.042,6.3,5.0,2.8,Requer avaliação,Não,Não,Ametista,False,Adequado (≥ 0),5,0.0,False,4.0,0.0,0.0,6.337966667,4.8,6.7,6.9175,2022
2022,RA-241,3.0,4,-1.0,14,Masculino,2016,Privada / bolsa,Topázio,8.468,5.0,7.7,10.0,10.0,7.5,,9.125,8.2,7.5,7.3,Não atendido,Não,Sim,Topázio,False,Moderada (-1 a -2),6,1.0,False,4.0,-1.0,1.0,7.016,7.5,9.9,9.545,2022
2022,RA-242,3.0,3,0.0,13,Masculino,2018,Privada / bolsa,Topázio,8.673,10.0,8.2,9.7,9.6,5.6,,8.708,8.7,7.2,8.7,Requer avaliação,Não,Sim,Ametista,False,Adequado (≥ 0),4,0.0,False,4.0,0.0,0.0,8.221841667,7.9,9.7,9.3775,2022
2022,RA-244,3.0,3,0.0,12,Feminino,2018,Privada / bolsa,Topázio,8.51,10.0,7.8,9.4,7.5,6.3,,9.208,6.7,8.0,8.7,Requer avaliação,Não,Sim,Topázio,False,Adequado (≥ 0),4,0.0,False,4.0,1.0,0.0,7.044333333,7.3,8.8,8.8325,2022
2022,RA-245,3.0,4,-1.0,14,Masculino,2016,Privada / bolsa,Topázio,8.656,5.0,8.4,9.9,10.0,7.5,,9.25,8.3,8.2,8.8,Não atendido,Não,Sim,Topázio,False,Moderada (-1 a -2),6,1.0,False,4.0,-1.0,1.0,7.171166667,8.1,10.0,9.5875,2022
2022,RA-246,3.0,3,0.0,13,Masculino,2022,Pública,Topázio,8.639,10.0,7.6,9.4,8.3,7.5,,9.167,8.0,6.7,8.0,Não atendido,Sim,Sim,,False,Adequado (≥ 0),0,0.0,False,4.0,0.0,0.0,8.256766667,6.8,9.9,8.9175,2022
2022,RA-247,3.0,3,0.0,13,Feminino,2021,Pública,Ametista,7.72,10.0,5.8,8.2,8.3,7.5,,7.875,5.3,5.7,6.3,Não atendido,Sim,Não,Ágata,False,Adequado (≥ 0),1,0.0,False,3.0,0.0,0.0,7.221958333,7.2,8.5,7.5425,2022
2022,RA-249,3.0,4,-1.0,14,Masculino,2017,Pública,Quartzo,5.097,5.0,2.9,7.4,6.7,5.0,,4.292,2.3,4.2,2.2,Não atendido,Não,Não,Ágata,False,Moderada (-1 a -2),5,1.0,False,3.0,-2.0,1.0,5.444625,4.9,8.2,6.545,2022
2022,RA-250,3.0,3,0.0,12,Feminino,2022,Pública,Ametista,7.958,10.0,6.6,8.6,8.3,7.5,,7.625,6.7,6.5,6.7,Não atendido,Sim,Não,,False,Adequado (≥ 0),0,0.0,False,3.0,0.0,0.0,7.598208333,8.3,9.3,8.625,2022
2022,RA-251,3.0,5,-2.0,15,Masculino,2018,Pública,Ágata,7.022,5.0,6.3,8.1,10.0,5.6,,6.625,5.3,6.3,7.2,Sem limitações,Não,Não,Ametista,False,Moderada (-1 a -2),4,1.0,False,4.0,-1.0,1.0,6.665208333,5.3,8.0,7.835,2022
2022,RA-254,3.0,4,-1.0,14,Masculino,2019,Pública,Ágata,6.715,5.0,5.3,7.4,10.0,5.6,,6.917,5.0,6.8,4.0,Requer avaliação,Não,Não,Ametista,False,Moderada (-1 a -2),3,1.0,False,4.0,-1.0,1.0,,5.9,8.8,7.71,2022
2022,RA-260,3.0,3,0.0,13,Feminino,2019,Pública,Ametista,7.44,10.0,5.0,8.2,10.0,7.5,,6.458,5.7,5.2,4.2,Não atendido,Não,Não,Ametista,False,Adequado (≥ 0),3,0.0,False,3.0,0.0,0.0,8.080008333,6.1,9.9,7.4175,2022
2022,RA-262,3.0,5,-2.0,15,Masculino,2021,Pública,Quartzo,4.786,5.0,3.4,5.8,0.0,5.6,,5.625,1.3,5.5,3.5,Sem limitações,Não,Não,Quartzo,False,Moderada (-1 a -2),1,1.0,False,4.0,-2.0,1.0,4.406458333,3.8,3.7,6.05,2022
2022,RA-265,3.0,3,0.0,13,Masculino,2019,Pública,Ametista,7.926,10.0,6.9,7.7,8.3,7.5,,7.917,5.3,7.0,8.5,Não atendido,Sim,Não,Ametista,False,Adequado (≥ 0),3,0.0,False,4.0,0.0,0.0,,7.0,8.7,7.88,2022
2022,RA-267,3.0,5,-2.0,15,Feminino,2016,Pública,Ágata,6.012,5.0,3.3,7.4,10.0,5.0,,6.292,2.3,4.8,2.7,Não indicado,Não,Não,Quartzo,False,Moderada (-1 a -2),6,1.0,False,4.0,-2.0,1.0,,2.7,7.7,6.505,2022
2022,RA-269,3.0,3,0.0,13,Masculino,2022,Pública,Topázio,8.231,10.0,8.9,8.6,9.2,6.3,,7.25,8.7,9.5,8.5,Requer avaliação,Não,Não,,False,Adequado (≥ 0),0,0.0,False,4.0,0.0,0.0,8.116041667,7.4,9.0,8.7975,2022
2022,RA-270,3.0,3,0.0,13,Feminino,2019,Privada / bolsa,Topázio,8.226,10.0,7.9,8.4,8.3,6.9,,8.125,8.0,7.2,8.5,Não atendido,Não,Não,Topázio,False,Adequado (≥ 0),3,0.0,False,4.0,0.0,0.0,7.982633333,6.6,9.0,9.1275,2022
2022,RA-271,3.0,5,-2.0,15,Feminino,2022,Pública,Ametista,7.255,5.0,7.1,8.5,9.2,5.6,,6.958,6.3,6.5,8.3,Requer avaliação,Sim,Não,,False,Moderada (-1 a -2),0,1.0,False,4.0,-2.0,1.0,6.140333333,5.9,9.3,7.7125,2022
2022,RA-273,3.0,4,-1.0,14,Feminino,2018,Pública,Quartzo,5.679,5.0,3.0,5.3,9.2,7.5,,5.833,3.8,4.7,0.5,Não atendido,Não,Não,Ametista,False,Moderada (-1 a -2),4,1.0,False,3.0,-1.0,1.0,6.337116667,5.0,7.4,7.6275,2022
2022,RA-274,3.0,2,1.0,11,Feminino,2019,Privada / bolsa,Ametista,7.946,10.0,8.1,8.3,7.9,7.5,,7.0,8.1,9.3,7.0,Não atendido,Não,Não,Topázio,False,Adequado (≥ 0),3,0.0,False,4.0,1.0,0.0,8.137625,7.5,9.5,8.295,2022
2022,RA-276,3.0,4,-1.0,14,Feminino,2017,Pública,Quartzo,5.527,5.0,4.3,5.7,7.1,5.6,,5.125,3.7,6.0,3.3,Não indicado,Não,Não,Quartzo,False,Moderada (-1 a -2),5,1.0,False,4.0,0.0,0.0,6.690458333,5.5,8.5,6.585,2022
2022,RA-277,3.0,4,-1.0,14,Masculino,2021,Pública,Ametista,7.411,5.0,7.4,8.8,7.1,7.5,,7.208,7.2,7.0,8.2,Não atendido,Sim,Não,Ametista,False,Moderada (-1 a -2),1,1.0,False,4.0,-1.0,1.0,7.7284,5.5,9.9,8.7525,2022
2022,RA-278,3.0,3,0.0,12,Masculino,2018,Privada / bolsa,Ametista,7.741,10.0,6.0,9.2,8.8,5.6,,7.417,5.7,5.8,6.4,Requer avaliação,Não,Não,Topázio,False,Adequado (≥ 0),4,0.0,False,4.0,1.0,0.0,7.1935,5.6,9.8,8.3775,2022
2022,RA-279,3.0,3,0.0,13,Masculino,2019,Privada / bolsa,Topázio,8.815,10.0,9.1,9.9,9.2,6.3,,8.208,9.7,8.3,9.3,Sem limitações,Não,Não,Topázio,False,Adequado (≥ 0),3,0.0,False,4.0,0.0,0.0,9.006266667,8.9,10.0,9.2125,2022
2022,RA-280,3.0,3,0.0,13,Feminino,2021,Privada / bolsa,Ametista,8.046,10.0,7.1,9.2,7.5,7.5,,7.333,5.7,7.0,8.7,Sem limitações,Não,Não,Topázio,False,Adequado (≥ 0),1,0.0,False,4.0,0.0,0.0,8.189225,6.5,9.5,8.7125,2022
2022,RA-283,3.0,4,-1.0,14,Masculino,2020,Pública,Ametista,7.131,5.0,5.6,8.8,9.6,7.5,,6.625,4.5,5.8,6.6,Não atendido,Não,Não,Ágata,False,Moderada (-1 a -2),2,1.0,False,3.0,-2.0,1.0,7.549025,6.8,9.5,7.5025,2022
2022,RA-285,3.0,6,-3.0,16,Feminino,2020,Pública,Quartzo,5.063,2.5,2.8,4.1,9.2,7.5,,5.75,4.0,3.2,1.2,Sem limitações,Não,Não,Quartzo,False,Severa (≤ -3),2,1.0,False,4.0,-3.0,1.0,5.380358333,4.7,4.6,7.13,2022
2022,RA-286,3.0,5,-2.0,15,Feminino,2022,Pública,Quartzo,5.424,5.0,3.0,5.8,7.1,6.3,,5.625,4.7,2.3,2.0,Sem limitações,Não,Não,,False,Moderada (-1 a -2),0,1.0,False,4.0,-1.0,1.0,5.713333333,4.7,7.5,7.3375,2022
2022,RA-287,3.0,7,-4.0,17,Feminino,2022,Pública,Quartzo,3.7,2.5,1.1,3.4,7.9,5.0,,4.292,0.7,2.5,0.2,Requer avaliação,Não,Não,,False,Severa (≤ -3),0,1.0,False,4.0,-4.0,1.0,3.745541667,3.9,4.8,5.375,2022
2022,RA-291,3.0,3,0.0,13,Masculino,2022,Pública,Topázio,8.122,10.0,8.0,8.2,8.3,6.9,,7.792,8.0,7.5,8.5,Sem limitações,Sim,Não,,False,Adequado (≥ 0),0,0.0,False,4.0,0.0,0.0,8.493058333,7.1,8.6,9.21,2022
2022,RA-295,3.0,4,-1.0,14,Feminino,2022,Pública,Ametista,7.305,5.0,6.9,8.0,7.9,7.5,,7.375,5.3,7.7,7.7,Não atendido,Sim,Não,,False,Moderada (-1 a -2),0,1.0,False,4.0,-1.0,1.0,7.641016667,7.7,8.8,9.005,2022
2022,RA-298,3.0,3,0.0,13,Masculino,2019,Pública,Ágata,6.409,10.0,5.2,6.3,9.2,5.6,,5.417,5.5,4.8,,Sem limitações,Não,Não,Ágata,False,Adequado (≥ 0),3,0.0,False,3.0,-1.0,1.0,6.824333333,5.5,8.6,7.7525,2022
2022,RA-299,3.0,3,0.0,13,Feminino,2019,Privada / bolsa,Ametista,7.278,10.0,6.8,8.2,7.1,5.0,,6.708,6.3,7.3,6.7,Requer avaliação,Não,Não,Ametista,False,Adequado (≥ 0),3,0.0,False,4.0,0.0,0.0,6.796541667,6.1,9.6,8.005,2022
2022,RA-300,3.0,4,-1.0,14,Masculino,2022,Pública,Quartzo,5.557,5.0,3.1,6.9,5.4,6.3,,5.875,2.7,4.8,1.7,Sem limitações,Sim,Não,,False,Moderada (-1 a -2),0,1.0,False,3.0,-2.0,1.0,5.616691667,4.5,7.5,6.5875,2022
2022,RA-301,3.0,3,0.0,13,Feminino,2019,Pública,Ágata,6.802,10.0,6.3,5.8,8.8,5.6,,6.042,6.5,7.2,5.4,Sem limitações,Sim,Não,Ametista,False,Adequado (≥ 0),3,0.0,False,4.0,0.0,0.0,6.760341667,5.2,5.4,6.465,2022
2022,RA-302,3.0,6,-3.0,16,Masculino,2022,Pública,Ágata,6.334,2.5,4.8,7.7,9.2,6.9,,6.208,4.3,5.0,5.0,Sem limitações,Não,Não,,False,Severa (≤ -3),0,1.0,False,5.0,-2.0,1.0,5.314333333,4.3,7.3,6.255,2022
2022,RA-303,3.0,4,-1.0,14,Masculino,2019,Pública,Ágata,6.03,5.0,3.9,7.2,7.5,7.5,,5.375,3.8,4.0,,Não atendido,Não,Não,Ágata,False,Moderada (-1 a -2),3,1.0,False,3.0,-2.0,1.0,5.914291667,5.1,7.3,7.05,2022
2022,RA-304,3.0,5,-2.0,15,Masculino,2020,Pública,Ágata,6.355,5.0,4.3,7.7,8.8,7.5,,5.542,3.0,5.5,,Não atendido,Sim,Não,Ágata,False,Moderada (-1 a -2),2,1.0,False,3.0,-2.0,1.0,6.241583333,5.7,8.8,7.835,2022
2022,RA-305,3.0,4,-1.0,14,Masculino,2019,Pública,Ágata,6.058,5.0,4.8,6.6,7.9,7.5,,5.208,2.8,6.7,,Não atendido,Não,Não,Ágata,False,Moderada (-1 a -2),3,1.0,False,3.0,-2.0,1.0,6.394291667,5.2,8.9,7.75,2022
2022,RA-306,3.0,4,-1.0,14,Feminino,2021,Pública,Ágata,6.427,5.0,5.2,6.8,8.3,7.5,,5.958,4.7,5.8,5.0,Não atendido,Não,Não,Ametista,False,Moderada (-1 a -2),1,1.0,False,4.0,-1.0,1.0,5.732375,4.0,7.9,7.46,2022
2022,RA-307,3.0,4,-1.0,14,Masculino,2022,Pública,Quartzo,4.733,5.0,2.5,4.5,5.4,7.5,,4.708,5.0,0.0,,Não atendido,Não,Não,,False,Moderada (-1 a -2),0,1.0,False,3.0,-2.0,1.0,6.047333333,6.3,6.5,7.46,2022
2022,RA-308,3.0,3,0.0,13,Masculino,2019,Pública,Ágata,6.93,10.0,5.0,7.4,7.9,6.9,,6.167,6.7,5.5,2.8,Sem limitações,Sim,Não,Ametista,False,Adequado (≥ 0),3,0.0,False,4.0,0.0,0.0,6.578558333,4.9,6.8,7.5025,2022
2022,RA-313,3.0,4,-1.0,14,Feminino,2022,Pública,Quartzo,5.8,5.0,4.1,7.0,7.5,5.0,,5.889,4.7,5.0,2.5,Requer avaliação,Não,Não,,False,Moderada (-1 a -2),0,1.0,False,4.0,0.0,0.0,7.011091667,3.9,8.7,7.75,2022
2022,RA-315,3.0,3,0.0,13,Feminino,2022,Pública,Quartzo,5.672,10.0,3.0,5.1,6.7,7.5,,5.056,3.0,4.2,1.8,Não atendido,Não,Não,,False,Adequado (≥ 0),0,0.0,False,3.0,-1.0,1.0,5.977708333,6.3,6.8,7.8375,2022
2022,RA-316,3.0,4,-1.0,14,Feminino,2022,Pública,Ametista,7.889,5.0,6.1,10.0,10.0,6.9,,8.389,7.0,6.5,4.7,Não atendido,Sim,Sim,,False,Moderada (-1 a -2),0,1.0,False,4.0,0.0,0.0,8.436908333,5.7,9.5,8.96,2022
2022,RA-318,3.0,4,-1.0,14,Feminino,2019,Pública,Ágata,6.527,5.0,5.8,6.9,8.3,6.9,,6.111,4.3,5.8,7.3,Sem limitações,Não,Não,Ametista,False,Moderada (-1 a -2),3,1.0,False,4.0,-1.0,1.0,6.856575,4.9,8.1,7.71,2022
2022,RA-319,3.0,3,0.0,13,Masculino,2022,Pública,Ametista,7.448,10.0,5.2,7.7,9.2,7.5,,7.5,6.3,4.3,5.0,Não atendido,Não,Não,,False,Adequado (≥ 0),0,0.0,False,4.0,0.0,0.0,8.367208333,7.2,9.2,8.88,2022
2022,RA-320,3.0,4,-1.0,14,Feminino,2022,Pública,Ametista,7.897,5.0,6.4,10.0,8.8,6.9,,8.667,7.3,6.3,5.7,Sem limitações,Sim,Sim,,False,Moderada (-1 a -2),0,1.0,False,4.0,0.0,0.0,8.393508333,5.5,9.9,8.96,2022
2022,RA-321,3.0,3,0.0,12,Feminino,2022,Pública,Ametista,7.792,10.0,5.2,9.1,9.2,5.6,,8.278,5.7,6.2,3.7,Sem limitações,Sim,Não,,False,Adequado (≥ 0),0,0.0,False,4.0,1.0,0.0,7.695233333,6.2,9.4,8.42,2022
2022,RA-322,3.0,3,0.0,13,Feminino,2022,Pública,Ágata,6.859,10.0,4.7,8.1,7.1,5.0,,6.778,4.3,5.7,4.0,Requer avaliação,Não,Não,,False,Adequado (≥ 0),0,0.0,False,4.0,0.0,0.0,7.037808333,5.3,8.3,8.045,2022
2022,RA-324,2.0,2,0.0,10,Feminino,2022,Pública,Topázio,8.27,10.0,6.8,9.3,10.0,6.9,,8.611,6.3,7.2,,Sem limitações,Sim,Sim,,False,Adequado (≥ 0),0,0.0,False,2.0,0.0,0.0,7.6354,8.4,9.0,7.5875,2022
2022,RA-325,2.0,2,0.0,10,Masculino,2022,Pública,Ametista,7.619,10.0,6.0,6.8,9.5,7.5,,8.444,6.0,6.0,,Sem limitações,Sim,Sim,,False,Adequado (≥ 0),0,0.0,False,2.0,0.0,0.0,6.243,5.6,7.1,7.0025,2022
2022,RA-326,2.0,3,-1.0,12,Feminino,2022,Pública,Topázio,8.22,5.0,9.0,9.7,10.0,5.0,,8.944,8.7,9.3,,Requer avaliação,Sim,Sim,,False,Moderada (-1 a -2),0,1.0,False,3.0,0.0,0.0,8.65075,8.2,9.4,9.76,2022
2022,RA-330,2.0,4,-2.0,14,Feminino,2018,Pública,Ágata,6.446,5.0,2.5,8.8,9.5,7.5,,7.056,2.3,2.7,,Sem limitações,Não,Não,Ágata,False,Moderada (-1 a -2),4,1.0,False,3.0,-2.0,1.0,6.084875,3.3,7.2,5.8275,2022
2022,RA-331,2.0,3,-1.0,12,Feminino,2019,Pública,Ágata,6.636,5.0,3.7,8.7,9.0,7.5,,6.944,2.3,5.0,,Sem limitações,Não,Não,Ametista,False,Moderada (-1 a -2),3,1.0,False,3.0,0.0,0.0,7.039791667,5.2,8.6,6.7975,2022
2022,RA-332,2.0,3,-1.0,13,Masculino,2017,Privada / bolsa,Ametista,7.883,5.0,7.5,9.0,9.5,8.1,,8.5,7.5,7.5,,Sem limitações,Não,Sim,Ametista,False,Moderada (-1 a -2),5,1.0,False,3.0,-1.0,1.0,8.002591667,6.8,8.4,9.175,2022
2022,RA-336,2.0,3,-1.0,13,Masculino,2016,Pública,Ágata,6.787,5.0,5.1,8.5,9.5,4.4,,7.889,4.5,5.7,,Requer avaliação,Não,Não,Ágata,False,Moderada (-1 a -2),6,1.0,False,3.0,-1.0,1.0,5.887708333,5.1,7.5,7.255,2022
2022,RA-338,2.0,3,-1.0,12,Masculino,2019,Pública,Ágata,6.837,5.0,5.8,7.3,8.5,7.5,,7.611,5.3,6.2,,Não atendido,Não,Não,Ametista,False,Moderada (-1 a -2),3,1.0,False,3.0,0.0,0.0,8.287441667,6.7,9.1,8.38,2022
2022,RA-339,2.0,2,0.0,11,Feminino,2019,Pública,Topázio,8.488,10.0,8.1,9.9,6.9,7.5,,8.889,7.1,9.2,,Não atendido,Sim,Sim,Ametista,False,Adequado (≥ 0),3,0.0,False,3.0,0.0,0.0,7.377583333,7.1,8.9,8.255,2022
2022,RA-340,2.0,2,0.0,11,Masculino,2017,Pública,Ametista,7.721,10.0,6.5,8.2,9.0,7.5,,7.667,6.0,7.0,,Não atendido,Não,Não,Ágata,False,Adequado (≥ 0),5,0.0,False,2.0,-1.0,1.0,7.059666667,8.9,9.6,8.505,2022
2022,RA-342,2.0,4,-2.0,14,Feminino,2021,Pública,Ágata,6.941,5.0,6.6,6.7,9.0,7.5,,7.5,5.5,7.7,,Não atendido,Não,Não,Quartzo,False,Moderada (-1 a -2),1,1.0,False,3.0,-2.0,1.0,7.539875,6.6,8.6,8.505,2022
2022,RA-343,2.0,4,-2.0,14,Masculino,2020,Pública,Ágata,6.9,5.0,5.9,7.4,9.5,7.5,,7.167,4.2,7.7,,Não atendido,Não,Não,Quartzo,False,Moderada (-1 a -2),2,1.0,False,3.0,-2.0,1.0,6.779591667,5.7,7.2,6.9225,2022
2022,RA-345,2.0,3,-1.0,13,Masculino,2021,Pública,Quartzo,5.75,5.0,3.6,5.4,9.5,5.6,,6.667,1.3,5.8,,Requer avaliação,Não,Não,Ametista,False,Moderada (-1 a -2),1,1.0,False,3.0,-1.0,1.0,6.534766667,4.6,6.8,7.1725,2022
2022,RA-346,2.0,2,0.0,10,Masculino,2022,Pública,Topázio,8.143,10.0,7.0,9.1,10.0,7.5,,7.889,6.0,8.0,,Não atendido,Não,Não,,False,Adequado (≥ 0),0,0.0,False,3.0,1.0,0.0,7.305541667,6.2,9.4,7.84,2022
2022,RA-347,2.0,3,-1.0,12,Feminino,2019,Pública,Ametista,7.908,5.0,8.5,10.0,9.0,5.6,,8.0,8.5,8.5,,Sem limitações,Sim,Não,Ametista,False,Moderada (-1 a -2),3,1.0,False,3.0,0.0,0.0,7.61835,7.3,9.5,7.7925,2022
2022,RA-348,2.0,3,-1.0,12,Masculino,2022,Pública,Quartzo,5.864,5.0,1.8,8.7,9.0,7.5,,5.833,0.5,3.0,,Sem limitações,Não,Não,,False,Moderada (-1 a -2),0,1.0,False,2.0,-1.0,1.0,6.817866667,4.4,8.7,8.0075,2022
2022,RA-350,2.0,2,0.0,11,Feminino,2022,Pública,Topázio,8.206,10.0,6.5,8.8,10.0,7.5,,8.611,7.0,6.0,,Não atendido,Não,Sim,,False,Adequado (≥ 0),0,0.0,False,2.0,-1.0,1.0,7.972033333,9.0,9.7,7.92,2022
2022,RA-352,2.0,2,0.0,11,Masculino,2019,Pública,Ametista,7.834,10.0,7.0,8.1,9.0,5.6,,8.389,7.3,6.7,,Requer avaliação,Não,Sim,Ametista,False,Adequado (≥ 0),3,0.0,False,3.0,0.0,0.0,7.840341667,7.2,8.1,7.17,2022
2022,RA-353,2.0,2,0.0,11,Feminino,2022,Pública,Topázio,8.264,10.0,7.5,10.0,7.0,7.5,,8.444,8.0,7.0,,Não atendido,Não,Sim,,False,Adequado (≥ 0),0,0.0,False,3.0,0.0,0.0,8.309016667,8.4,9.9,8.67,2022
2022,RA-356,2.0,3,-1.0,12,Masculino,2019,Pública,Ágata,6.69,5.0,4.6,8.4,10.0,5.0,,8.278,5.3,3.8,,Requer avaliação,Não,Não,Topázio,False,Moderada (-1 a -2),3,1.0,False,3.0,0.0,0.0,6.452008333,3.4,8.5,6.5025,2022
2022,RA-357,2.0,3,-1.0,12,Masculino,2022,Pública,Ametista,7.836,5.0,8.5,9.6,8.0,7.5,,7.778,10.0,7.0,,Não atendido,Não,Não,,False,Moderada (-1 a -2),0,1.0,False,2.0,-1.0,1.0,8.2832,8.7,9.6,8.23,2022
2022,RA-359,2.0,3,-1.0,12,Feminino,2019,Pública,Ágata,6.606,5.0,4.6,7.0,9.0,7.5,,7.5,3.3,5.8,,Não atendido,Não,Não,Ágata,False,Moderada (-1 a -2),3,1.0,False,3.0,0.0,0.0,7.627125,5.8,9.2,8.255,2022
2022,RA-360,2.0,3,-1.0,12,Feminino,2019,Pública,Ametista,7.075,5.0,5.2,8.5,9.5,7.5,,7.5,4.7,5.7,,Não atendido,Não,Não,Ágata,False,Moderada (-1 a -2),3,1.0,False,3.0,0.0,0.0,5.790875,4.3,7.3,7.4225,2022
2022,RA-362,2.0,3,-1.0,12,Feminino,2018,Pública,Ametista,7.413,5.0,7.9,7.9,8.5,7.5,,7.5,6.5,9.3,,Sem limitações,Não,Não,Quartzo,False,Moderada (-1 a -2),4,1.0,False,3.0,0.0,0.0,6.392625,5.1,7.5,7.0875,2022
2022,RA-363,2.0,3,-1.0,12,Masculino,2022,Pública,Ágata,6.644,5.0,2.0,10.0,10.0,6.9,,7.056,1.0,3.0,,Sem limitações,Não,Não,,False,Moderada (-1 a -2),0,1.0,False,2.0,-1.0,1.0,6.680833333,6.8,9.9,8.673333333,2022
2022,RA-364,2.0,2,0.0,11,Masculino,2019,Pública,Topázio,8.75,10.0,8.8,10.0,9.5,7.5,,8.167,9.5,8.0,,Sem limitações,Não,Não,Topázio,False,Adequado (≥ 0),3,0.0,False,3.0,0.0,0.0,7.734891667,5.8,9.0,7.505,2022
2022,RA-365,2.0,2,0.0,10,Feminino,2022,Pública,Topázio,8.063,10.0,7.8,10.0,8.0,5.0,,7.833,6.0,9.5,,Sem limitações,Não,Não,,False,Adequado (≥ 0),0,0.0,False,2.0,0.0,0.0,8.6587,8.7,9.9,8.953333333,2022
2022,RA-367,2.0,3,-1.0,12,Feminino,2018,Pública,Ágata,6.95,5.0,6.7,7.4,8.5,6.3,,7.5,5.2,8.2,,Sem limitações,Não,Não,Ametista,False,Moderada (-1 a -2),4,1.0,False,3.0,0.0,0.0,7.38685,5.9,8.7,7.7925,2022
2022,RA-368,2.0,3,-1.0,13,Masculino,2018,Privada / bolsa,Ágata,6.969,5.0,7.3,7.9,8.0,5.0,,7.5,5.5,9.0,,Requer avaliação,Não,Não,Ametista,False,Moderada (-1 a -2),4,1.0,False,3.0,-1.0,1.0,5.796458333,6.7,7.7,7.34,2022
2022,RA-369,2.0,2,0.0,11,Masculino,2022,Pública,Ágata,6.973,10.0,4.8,6.9,9.0,7.5,,6.889,4.0,5.5,,Sem limitações,Não,Não,,False,Adequado (≥ 0),0,0.0,False,2.0,-1.0,1.0,6.0197,4.0,4.1,7.726666667,2022
2022,RA-373,2.0,2,0.0,11,Masculino,2022,Pública,Ametista,7.503,10.0,7.3,9.5,6.4,5.0,,6.944,6.5,8.0,,Requer avaliação,Não,Não,,False,Adequado (≥ 0),0,0.0,False,2.0,-1.0,1.0,6.805,8.4,9.7,7.84,2022
2022,RA-374,2.0,3,-1.0,12,Feminino,2021,Pública,Ametista,7.747,5.0,6.9,9.8,9.0,7.5,,7.944,5.3,8.5,,Sem limitações,Não,Não,Ágata,False,Moderada (-1 a -2),1,1.0,False,3.0,0.0,0.0,7.533891667,5.4,8.3,7.9175,2022
2022,RA-375,2.0,2,0.0,11,Masculino,2019,Pública,Ametista,7.831,10.0,5.4,9.5,9.0,7.5,,7.667,3.3,7.5,,Sem limitações,Não,Não,Topázio,False,Adequado (≥ 0),3,0.0,False,2.0,-1.0,1.0,7.070833333,7.9,9.9,8.283333333,2022
2022,RA-376,2.0,3,-1.0,12,Feminino,2019,Pública,Ágata,6.957,5.0,4.3,9.0,9.0,7.5,,7.5,2.0,6.7,,Sem limitações,Não,Não,Ágata,False,Moderada (-1 a -2),3,1.0,False,2.0,-1.0,1.0,7.1392,5.9,9.6,8.226666667,2022
2022,RA-377,2.0,3,-1.0,12,Feminino,2021,Pública,Ágata,6.743,5.0,6.2,7.7,9.0,5.6,,6.833,4.3,8.0,,Requer avaliação,Não,Não,Quartzo,False,Moderada (-1 a -2),1,1.0,False,3.0,0.0,0.0,7.205041667,4.8,7.6,7.6275,2022
2022,RA-380,2.0,3,-1.0,13,Masculino,2017,Pública,Quartzo,4.556,5.0,2.5,4.4,7.9,5.0,,4.833,2.3,2.7,,Requer avaliação,Não,Não,Quartzo,False,Moderada (-1 a -2),5,1.0,False,3.0,-1.0,1.0,4.912375,4.5,6.4,6.5425,2022
2022,RA-381,2.0,3,-1.0,13,Masculino,2018,Pública,Ágata,6.454,5.0,3.3,8.3,9.0,6.9,,6.944,1.5,5.2,,Sem limitações,Não,Não,Ágata,False,Moderada (-1 a -2),4,1.0,False,3.0,-1.0,1.0,5.758041667,3.9,8.4,6.84,2022
2022,RA-382,2.0,4,-2.0,14,Masculino,2017,Pública,Ágata,6.777,5.0,5.4,7.7,9.0,6.3,,7.333,4.0,6.8,,Sem limitações,Não,Não,Ágata,False,Moderada (-1 a -2),5,1.0,False,3.0,-2.0,1.0,6.223833333,5.2,9.4,7.1725,2022
2022,RA-383,2.0,2,0.0,11,Masculino,2019,Pública,Topázio,8.4,10.0,8.1,9.6,9.0,7.5,,7.778,8.0,8.2,,Sem limitações,Não,Não,Ametista,False,Adequado (≥ 0),3,0.0,False,3.0,0.0,0.0,7.5408,6.5,8.8,7.5,2022
2022,RA-384,2.0,3,-1.0,12,Feminino,2017,Pública,Ametista,7.558,5.0,8.1,8.4,9.0,6.3,,8.0,8.0,8.2,,Requer avaliação,Não,Não,Ametista,False,Moderada (-1 a -2),5,1.0,False,3.0,0.0,0.0,6.757958333,7.3,9.1,7.335,2022
2022,RA-386,2.0,3,-1.0,13,Masculino,2019,Pública,Ágata,6.104,5.0,4.0,5.9,10.0,5.6,,7.222,3.7,4.3,,Requer avaliação,Não,Não,Ágata,False,Moderada (-1 a -2),3,1.0,False,3.0,-1.0,1.0,5.758425,3.3,7.0,6.6325,2022
2022,RA-387,2.0,3,-1.0,13,Masculino,2019,Pública,Ágata,6.323,5.0,3.7,8.2,7.0,7.5,,6.833,1.3,6.0,,Sem limitações,Não,Não,Ágata,False,Moderada (-1 a -2),3,1.0,False,3.0,-1.0,1.0,4.794333333,3.0,6.8,7.0075,2022
2022,RA-388,2.0,4,-2.0,14,Feminino,2019,Pública,Ágata,6.654,5.0,4.5,8.5,7.9,5.6,,7.722,3.5,5.5,,Requer avaliação,Não,Não,Ágata,False,Moderada (-1 a -2),3,1.0,False,3.0,-2.0,1.0,5.630833333,4.2,7.4,7.835,2022
2022,RA-389,2.0,2,0.0,11,Masculino,2019,Pública,Ametista,7.184,10.0,3.5,8.9,8.0,7.5,,7.556,2.0,5.0,,Sem limitações,Não,Não,Ágata,False,Adequado (≥ 0),3,0.0,False,2.0,-1.0,1.0,6.687,8.2,8.2,8.95,2022
2022,RA-390,2.0,3,-1.0,12,Feminino,2022,Pública,Ágata,6.776,5.0,4.7,8.8,7.4,6.3,,7.722,4.0,5.3,,Requer avaliação,Não,Não,,False,Moderada (-1 a -2),0,1.0,False,3.0,0.0,0.0,6.905741667,4.8,8.8,7.005,2022
2022,RA-391,2.0,3,-1.0,12,Feminino,2022,Pública,Ametista,7.117,5.0,5.1,8.1,10.0,7.5,,8.056,5.0,5.2,,Sem limitações,Não,Não,,False,Moderada (-1 a -2),0,1.0,False,3.0,0.0,0.0,6.5107,3.5,7.5,7.585,2022
2022,RA-392,2.0,4,-2.0,14,Masculino,2022,Pública,Ágata,6.418,5.0,4.8,8.8,9.5,5.6,,6.778,3.7,5.8,,Não indicado,Não,Não,,False,Moderada (-1 a -2),0,1.0,False,3.0,-2.0,1.0,6.567208333,4.6,9.5,7.17,2022
2022,RA-395,2.0,2,0.0,11,Feminino,2018,Pública,Ametista,7.683,10.0,4.9,8.9,9.0,7.5,,8.333,4.2,5.7,,Sem limitações,Não,Não,Topázio,False,Adequado (≥ 0),4,0.0,False,3.0,0.0,0.0,7.469175,6.0,8.6,7.9175,2022
2022,RA-397,2.0,4,-2.0,14,Feminino,2017,Pública,Quartzo,5.852,5.0,2.8,5.7,9.0,6.9,,7.167,3.3,2.3,,Requer avaliação,Não,Não,Quartzo,False,Moderada (-1 a -2),5,1.0,False,4.0,-1.0,1.0,6.207083333,4.6,7.9,7.465,2022
2022,RA-398,2.0,2,0.0,10,Feminino,2022,Pública,Ametista,7.742,10.0,5.5,9.3,9.0,7.5,,7.5,3.0,8.0,,Sem limitações,Não,Não,,False,Adequado (≥ 0),0,0.0,False,3.0,1.0,0.0,7.153766667,6.5,8.1,7.7925,2022
2022,RA-399,2.0,3,-1.0,12,Feminino,2022,Pública,Ágata,6.58,5.0,4.3,9.3,6.8,5.6,,7.5,3.0,5.5,,Requer avaliação,Não,Não,,False,Moderada (-1 a -2),0,1.0,False,3.0,0.0,0.0,7.000033333,4.7,8.2,8.165,2022
2022,RA-400,2.0,4,-2.0,14,Masculino,2018,Pública,Ágata,6.042,5.0,1.7,8.5,9.0,5.0,,7.444,1.2,2.2,,Requer avaliação,Não,Não,Quartzo,False,Moderada (-1 a -2),4,1.0,False,3.0,-1.0,1.0,6.529425,4.1,9.0,7.375,2022
2022,RA-401,2.0,3,-1.0,12,Feminino,2021,Pública,Ágata,6.645,5.0,4.3,9.6,6.9,7.5,,6.722,3.7,5.0,,Sem limitações,Não,Não,Quartzo,False,Moderada (-1 a -2),1,1.0,False,2.0,-1.0,1.0,6.363666667,7.3,8.1,7.116666667,2022
2022,RA-402,2.0,3,-1.0,12,Feminino,2019,Pública,Quartzo,5.261,5.0,3.0,3.7,9.0,5.0,,7.222,4.3,1.7,,Requer avaliação,Não,Não,Ágata,False,Moderada (-1 a -2),3,1.0,False,3.0,0.0,0.0,6.632716667,4.2,7.3,6.88,2022
2022,RA-403,2.0,3,-1.0,12,Masculino,2020,Pública,Ametista,7.455,5.0,6.3,9.3,9.5,7.5,,7.5,6.5,6.2,,Sem limitações,Não,Não,Ametista,False,Moderada (-1 a -2),2,1.0,False,2.0,-1.0,1.0,7.716366667,7.8,8.8,8.45,2022
2022,RA-404,2.0,3,-1.0,12,Feminino,2020,Pública,Ágata,6.658,5.0,5.3,7.3,9.0,7.5,,6.944,4.0,6.5,,Sem limitações,Não,Não,Ágata,False,Moderada (-1 a -2),2,1.0,False,2.0,-1.0,1.0,6.7093,6.0,8.3,6.89,2022
2022,RA-407,2.0,3,-1.0,13,Masculino,2022,Pública,Ametista,7.195,5.0,6.0,9.3,8.5,7.5,,7.056,4.0,8.0,,Sem limitações,Não,Não,,False,Moderada (-1 a -2),0,1.0,False,3.0,-1.0,1.0,7.665083333,7.3,8.6,7.5,2022
2022,RA-408,2.0,3,-1.0,12,Feminino,2022,Pública,Ágata,6.725,5.0,3.3,9.7,8.0,7.5,,7.333,1.0,5.5,,Sem limitações,Não,Não,,False,Moderada (-1 a -2),0,1.0,False,2.0,-1.0,1.0,7.242133333,6.8,8.5,8.45,2022
2022,RA-409,2.0,2,0.0,11,Feminino,2022,Pública,Topázio,8.15,10.0,7.8,9.7,7.9,7.5,,7.5,6.0,9.5,,Sem limitações,Não,Não,,False,Adequado (≥ 0),0,0.0,False,2.0,-1.0,1.0,7.621466667,8.0,9.5,8.73,2022
2022,RA-410,2.0,4,-2.0,14,Masculino,2018,Pública,Quartzo,5.675,5.0,2.0,6.5,7.4,6.3,,7.444,2.0,2.0,,Requer avaliação,Não,Não,Quartzo,False,Moderada (-1 a -2),4,1.0,False,3.0,-1.0,1.0,6.140808333,4.9,5.8,6.0425,2022
2022,RA-411,2.0,3,-1.0,12,Feminino,2019,Pública,Ametista,7.232,5.0,7.1,8.6,6.4,7.5,,7.833,6.7,7.5,,Não atendido,Não,Não,Ametista,False,Moderada (-1 a -2),3,1.0,False,3.0,0.0,0.0,7.779983333,6.6,9.0,7.5425,2022
2022,RA-412,2.0,3,-1.0,12,Feminino,2018,Pública,Ametista,7.556,5.0,7.3,9.0,8.5,7.5,,7.778,6.5,8.2,,Não atendido,Não,Não,Ágata,False,Moderada (-1 a -2),4,1.0,False,3.0,0.0,0.0,7.373891667,6.2,8.9,7.585,2022
2022,RA-413,2.0,3,-1.0,12,Feminino,2022,Pública,Ágata,6.408,5.0,4.7,8.7,6.4,5.6,,7.056,4.2,5.2,,Requer avaliação,Não,Não,,False,Moderada (-1 a -2),0,1.0,False,2.0,-1.0,1.0,6.803633333,6.3,8.9,7.503333333,2022
2022,RA-414,2.0,3,-1.0,12,Feminino,2021,Pública,Ametista,7.284,5.0,5.9,9.3,8.0,7.5,,7.667,5.7,6.2,,Não atendido,Não,Não,Ágata,False,Moderada (-1 a -2),1,1.0,False,3.0,0.0,0.0,7.25025,6.5,9.5,7.585,2022
2022,RA-415,2.0,2,0.0,11,Feminino,2019,Pública,Ametista,7.695,10.0,6.2,8.3,8.0,7.5,,8.056,4.8,7.5,,Não atendido,Não,Não,Ametista,False,Adequado (≥ 0),3,0.0,False,3.0,0.0,0.0,7.18805,3.7,8.2,7.8325,2022
2022,RA-416,2.0,3,-1.0,12,Masculino,2018,Privada / bolsa,Ametista,7.913,5.0,7.2,9.3,9.5,8.8,,8.222,6.7,7.7,,Sem limitações,Não,Não,Ametista,False,Moderada (-1 a -2),4,1.0,False,3.0,0.0,0.0,8.144425,7.6,9.8,8.3375,2022
2022,RA-417,2.0,3,-1.0,13,Feminino,2022,Pública,Topázio,8.428,5.0,8.0,10.0,10.0,7.5,,9.556,6.0,10.0,,Não atendido,Não,Sim,,False,Moderada (-1 a -2),0,1.0,False,3.0,0.0,0.0,8.257658333,7.8,9.7,8.2125,2022
2022,RA-418,2.0,2,0.0,10,Feminino,2020,Privada / bolsa,Topázio,8.175,10.0,7.5,9.4,8.0,7.5,,8.222,6.5,8.5,,Não atendido,Não,Não,Topázio,False,Adequado (≥ 0),2,0.0,False,3.0,1.0,0.0,8.1686,8.1,10.0,8.045,2022
2022,RA-419,2.0,3,-1.0,12,Feminino,2019,Privada / bolsa,Ametista,7.359,5.0,6.9,9.2,7.5,5.6,,8.389,5.3,8.5,,Requer avaliação,Não,Sim,Ametista,False,Moderada (-1 a -2),3,1.0,False,3.0,0.0,0.0,7.7261,7.6,9.5,7.875,2022
2022,RA-420,2.0,2,0.0,11,Feminino,2019,Privada / bolsa,Ametista,7.461,10.0,4.5,9.0,9.5,5.6,,8.0,1.3,7.7,,Requer avaliação,Não,Não,Ametista,False,Adequado (≥ 0),3,0.0,False,3.0,0.0,0.0,7.356358333,5.3,9.3,7.96,2022
2022,RA-421,2.0,2,0.0,11,Masculino,2021,Pública,Topázio,8.717,10.0,8.8,9.3,8.5,7.5,,9.111,9.2,8.5,,Não atendido,Sim,Sim,Topázio,False,Adequado (≥ 0),1,0.0,False,3.0,0.0,0.0,8.030716667,7.3,9.9,8.17,2022
2022,RA-422,2.0,3,-1.0,12,Masculino,2022,Pública,Ágata,6.746,5.0,2.5,10.0,8.5,7.5,,7.5,1.0,4.0,,Não atendido,Não,Não,,False,Moderada (-1 a -2),0,1.0,False,2.0,-1.0,1.0,5.57,4.4,7.8,6.106666667,2022
2022,RA-423,2.0,3,-1.0,12,Feminino,2022,Pública,Ágata,6.647,5.0,2.3,9.6,8.4,7.5,,7.667,0.5,4.0,,Sem limitações,Não,Não,,False,Moderada (-1 a -2),0,1.0,False,2.0,-1.0,1.0,6.607533333,3.4,8.7,7.45,2022
2022,RA-424,2.0,3,-1.0,12,Feminino,2022,Pública,Ametista,7.94,5.0,7.5,10.0,9.0,7.5,,8.222,10.0,5.0,,Não atendido,Não,Não,,False,Moderada (-1 a -2),0,1.0,False,3.0,0.0,0.0,7.72685,6.4,9.9,7.7925,2022
2022,RA-425,2.0,3,-1.0,12,Masculino,2022,Pública,Topázio,8.117,5.0,9.0,10.0,9.0,7.5,,7.5,9.0,9.0,,Não atendido,Não,Não,,False,Moderada (-1 a -2),0,1.0,False,3.0,0.0,0.0,8.10555,7.5,9.9,8.3775,2022
2022,RA-426,2.0,4,-2.0,14,Feminino,2022,Pública,Ágata,6.35,5.0,4.6,6.5,9.0,7.5,,7.111,2.3,6.8,,Não atendido,Não,Não,,False,Moderada (-1 a -2),0,1.0,False,3.0,-1.0,1.0,6.329158333,5.0,7.6,7.5425,2022
2022,RA-428,2.0,3,-1.0,13,Masculino,2022,Pública,Ametista,7.683,5.0,9.5,8.7,6.8,7.5,,7.111,10.0,9.0,,Não atendido,Não,Não,,False,Moderada (-1 a -2),0,1.0,False,3.0,0.0,0.0,7.821816667,7.2,9.5,8.0425,2022
2022,RA-430,2.0,3,-1.0,13,Masculino,2022,Pública,Ametista,7.585,5.0,8.5,8.6,9.5,7.5,,6.611,7.5,9.5,,Não atendido,Não,Não,,False,Moderada (-1 a -2),0,1.0,False,3.0,-1.0,1.0,7.146716667,6.4,9.3,7.75,2022
2022,RA-432,2.0,4,-2.0,14,Feminino,2019,Pública,Ágata,6.34,5.0,5.1,6.8,10.0,5.0,,6.611,5.7,4.5,,Requer avaliação,Não,Não,Quartzo,False,Moderada (-1 a -2),3,1.0,False,3.0,-2.0,1.0,6.850183333,5.2,9.0,8.0425,2022
2022,RA-433,2.0,3,-1.0,12,Masculino,2022,Pública,Quartzo,5.557,5.0,2.6,7.3,8.5,5.0,,5.778,2.2,3.0,,Requer avaliação,Não,Não,,False,Moderada (-1 a -2),0,1.0,False,2.0,-1.0,1.0,6.5982,4.8,7.2,7.613333333,2022
2022,RA-434,2.0,2,0.0,11,Masculino,2022,Pública,Ametista,7.403,10.0,5.7,8.1,9.0,7.5,,6.778,4.8,6.5,,Sem limitações,Não,Não,,False,Adequado (≥ 0),0,0.0,False,2.0,-1.0,1.0,7.069766667,6.6,8.0,7.613333333,2022
2022,RA-436,2.0,2,0.0,11,Masculino,2022,Pública,Ágata,6.687,10.0,2.0,8.1,9.5,7.5,,6.611,4.0,0.0,,Sem limitações,Não,Não,,False,Adequado (≥ 0),0,0.0,False,2.0,-1.0,1.0,5.322366667,3.4,4.7,7.613333333,2022
2022,RA-437,2.0,3,-1.0,13,Masculino,2022,Pública,Ágata,6.875,5.0,5.8,8.3,8.5,7.5,,6.611,6.0,5.5,,Sem limitações,Não,Não,,False,Moderada (-1 a -2),0,1.0,False,2.0,-2.0,1.0,6.947366667,4.7,8.4,7.78,2022
2022,RA-438,2.0,2,0.0,10,Masculino,2022,Pública,Ametista,7.764,10.0,7.3,8.7,8.0,7.5,,6.889,6.5,8.0,,Sem limitações,Não,Não,,False,Adequado (≥ 0),0,0.0,False,2.0,0.0,0.0,6.9883,5.4,7.5,7.223333333,2022
2022,RA-440,2.0,2,0.0,11,Masculino,2022,Pública,Ametista,7.329,10.0,5.5,9.0,9.5,6.9,,5.833,6.0,5.0,,Não atendido,Não,Não,,False,Adequado (≥ 0),0,0.0,False,3.0,0.0,0.0,6.989208333,6.2,8.2,7.835,2022
2022,RA-442,2.0,2,0.0,11,Feminino,2022,Pública,Topázio,8.226,10.0,7.5,8.2,10.0,7.5,,8.222,9.0,6.0,,Não atendido,Não,Não,,False,Adequado (≥ 0),0,0.0,False,3.0,0.0,0.0,6.814166667,5.8,7.6,8.1275,2022
2022,RA-443,2.0,3,-1.0,13,Feminino,2019,Pública,Ametista,7.482,5.0,5.6,9.1,9.0,7.5,,8.5,8.0,3.2,,Não atendido,Sim,Sim,Ametista,False,Moderada (-1 a -2),3,1.0,False,3.0,-1.0,1.0,6.895508333,7.6,7.5,8.125,2022
2022,RA-444,2.0,2,0.0,11,Masculino,2018,Pública,Ágata,6.665,10.0,3.1,7.2,9.0,5.0,,7.778,1.5,4.7,,Requer avaliação,Não,Não,Ametista,False,Adequado (≥ 0),4,0.0,False,3.0,1.0,0.0,5.958791667,4.7,7.9,6.4575,2022
2022,RA-445,2.0,3,-1.0,12,Masculino,2022,Pública,Ágata,6.924,5.0,3.8,9.4,9.0,7.5,,7.5,0.0,7.5,,Não atendido,Não,Não,,False,Moderada (-1 a -2),0,1.0,False,2.0,-1.0,1.0,7.9087,8.4,8.8,8.176666667,2022
2022,RA-449,2.0,3,-1.0,12,Feminino,2022,Pública,Ágata,6.143,5.0,7.0,6.0,0.0,7.5,,8.111,6.0,8.0,,Não atendido,Não,Não,,False,Moderada (-1 a -2),0,1.0,False,3.0,0.0,0.0,7.396508333,7.0,7.2,6.8425,2022
2022,RA-450,2.0,3,-1.0,13,Masculino,2021,Pública,Ametista,7.843,5.0,7.5,9.1,10.0,7.5,,8.111,6.8,8.2,,Não atendido,Não,Não,Ágata,False,Moderada (-1 a -2),1,1.0,False,3.0,-1.0,1.0,6.819625,5.4,8.4,7.9175,2022
2022,RA-451,2.0,3,-1.0,13,Feminino,2019,Pública,Ágata,6.434,5.0,6.1,6.0,9.0,6.3,,6.889,3.1,9.2,,Requer avaliação,Não,Não,Quartzo,False,Moderada (-1 a -2),3,1.0,False,2.0,-2.0,1.0,8.386033333,8.9,9.5,9.896666667,2022
2022,RA-454,2.0,4,-2.0,14,Masculino,2018,Pública,Quartzo,5.561,5.0,2.3,8.6,9.5,5.0,,5.444,0.0,4.7,,Não indicado,Não,Não,Ágata,False,Moderada (-1 a -2),4,1.0,False,3.0,-2.0,1.0,4.603416667,2.6,7.5,5.54,2022
2022,RA-456,2.0,3,-1.0,12,Feminino,2022,Pública,Ametista,7.193,5.0,7.3,8.2,6.4,6.3,,8.389,6.0,8.7,,Requer avaliação,Não,Sim,,False,Moderada (-1 a -2),0,1.0,False,2.0,-1.0,1.0,7.518,9.9,8.3,9.953333333,2022
2022,RA-457,2.0,3,-1.0,12,Feminino,2022,Pública,Ametista,7.68,5.0,8.5,8.8,8.0,7.5,,7.667,7.0,10.0,,Não atendido,Não,Não,,False,Moderada (-1 a -2),0,1.0,False,3.0,0.0,0.0,8.256833333,8.1,8.6,8.045,2022
2022,RA-458,2.0,3,-1.0,13,Masculino,2019,Pública,Ágata,6.512,5.0,5.6,7.7,8.0,7.5,,5.833,4.7,6.5,,Não atendido,Não,Não,Quartzo,False,Moderada (-1 a -2),3,1.0,False,3.0,-1.0,1.0,6.312083333,3.8,6.9,6.2475,2022
2022,RA-459,2.0,3,-1.0,12,Masculino,2019,Pública,Ametista,7.28,5.0,7.3,9.1,7.0,8.1,,7.222,5.3,9.2,,Sem limitações,Não,Não,Ametista,False,Moderada (-1 a -2),3,1.0,False,3.0,0.0,0.0,8.240016667,8.3,9.3,7.88,2022
2022,RA-461,2.0,3,-1.0,12,Feminino,2018,Pública,Quartzo,5.451,5.0,3.8,6.7,0.0,7.5,,7.222,1.5,6.2,,Sem limitações,Não,Não,Ametista,False,Moderada (-1 a -2),4,1.0,False,2.0,-1.0,1.0,7.2379,7.4,7.9,8.616666667,2022
2022,RA-462,2.0,4,-2.0,14,Masculino,2022,Pública,Ágata,6.626,5.0,3.6,8.5,10.0,7.5,,6.778,2.0,5.2,,Sem limitações,Não,Não,,False,Moderada (-1 a -2),0,1.0,False,3.0,-2.0,1.0,6.2267,2.7,8.1,6.5825,2022
2022,RA-463,2.0,3,-1.0,12,Feminino,2020,Pública,Ágata,6.41,5.0,2.5,7.8,10.0,7.5,,7.389,2.0,3.0,,Não atendido,Não,Não,Quartzo,False,Moderada (-1 a -2),2,1.0,False,3.0,0.0,0.0,6.382383333,4.0,5.4,7.795,2022
2022,RA-464,2.0,3,-1.0,13,Feminino,2022,Pública,Ágata,6.745,5.0,4.8,8.0,7.5,7.5,,7.722,2.7,7.0,,Não atendido,Não,Não,,False,Moderada (-1 a -2),0,1.0,False,3.0,-1.0,1.0,6.081675,3.0,7.7,7.38,2022
2022,RA-465,2.0,2,0.0,11,Masculino,2019,Pública,Ametista,8.012,10.0,7.8,7.9,8.0,7.5,,8.444,9.3,6.3,,Não atendido,Não,Sim,Ametista,False,Adequado (≥ 0),3,0.0,False,3.0,0.0,0.0,8.012875,8.5,9.4,8.17,2022
2022,RA-466,2.0,3,-1.0,13,Masculino,2022,Pública,Ágata,6.826,5.0,3.3,9.7,8.5,7.5,,7.556,0.5,6.0,,Não atendido,Não,Não,,False,Moderada (-1 a -2),0,1.0,False,2.0,-2.0,1.0,6.595533333,4.5,7.6,7.056666667,2022
2022,RA-467,2.0,3,-1.0,13,Feminino,2022,Pública,Ágata,6.38,5.0,5.5,8.4,5.8,5.0,,7.111,5.0,6.0,,Requer avaliação,Não,Não,,False,Moderada (-1 a -2),0,1.0,False,3.0,-1.0,1.0,6.552916667,5.2,9.2,7.5425,2022
2022,RA-468,2.0,3,-1.0,13,Masculino,2022,Pública,Ágata,6.313,5.0,4.1,6.7,9.5,7.5,,6.722,4.5,3.7,,Não atendido,Não,Não,,False,Moderada (-1 a -2),0,1.0,False,3.0,-1.0,1.0,5.911108333,3.4,6.0,6.715,2022
2022,RA-469,2.0,2,0.0,11,Feminino,2022,Pública,Ametista,7.624,10.0,5.7,9.6,9.0,5.0,,7.833,6.2,5.2,,Requer avaliação,Não,Não,,False,Adequado (≥ 0),0,0.0,False,2.0,-1.0,1.0,7.482533333,7.8,9.3,8.843333333,2022
2022,RA-470,2.0,3,-1.0,13,Feminino,2019,Pública,Ametista,7.378,5.0,6.3,9.7,8.0,7.5,,7.5,5.3,7.3,,Não atendido,Não,Não,Ametista,False,Moderada (-1 a -2),3,1.0,False,3.0,-1.0,1.0,6.993766667,4.9,9.2,7.71,2022
2022,RA-471,2.0,3,-1.0,13,Feminino,2020,Pública,Ágata,6.535,5.0,6.3,8.5,3.5,5.0,,8.056,5.7,6.8,,Requer avaliação,Não,Não,Ágata,False,Moderada (-1 a -2),2,1.0,False,3.0,0.0,0.0,6.855541667,5.0,9.0,8.125,2022
2022,RA-472,2.0,3,-1.0,12,Feminino,2022,Pública,Quartzo,5.93,5.0,2.0,7.0,9.0,7.5,,7.056,1.8,2.2,,Não atendido,Não,Não,,False,Moderada (-1 a -2),0,1.0,False,2.0,-1.0,1.0,6.6858,5.5,7.1,8.223333333,2022
2022,RA-474,2.0,3,-1.0,13,Masculino,2019,Pública,Ágata,6.446,5.0,3.0,9.1,9.5,7.5,,6.0,1.3,4.7,,Não atendido,Não,Não,Ametista,False,Moderada (-1 a -2),3,1.0,False,3.0,-1.0,1.0,5.283583333,3.3,7.8,6.7575,2022
2022,RA-476,2.0,3,-1.0,12,Feminino,2019,Pública,Ágata,6.931,5.0,5.5,9.3,9.0,4.4,,7.556,5.0,6.0,,Requer avaliação,Não,Não,Ametista,False,Moderada (-1 a -2),3,1.0,False,3.0,0.0,0.0,6.492408333,4.1,7.0,7.505,2022
2022,RA-478,2.0,3,-1.0,12,Feminino,2019,Pública,Ágata,6.709,5.0,4.9,9.1,8.5,5.6,,7.056,3.8,6.0,,Requer avaliação,Não,Não,Ametista,False,Moderada (-1 a -2),3,1.0,False,3.0,0.0,0.0,6.443616667,4.4,7.3,7.2975,2022
2022,RA-479,1.0,2,-1.0,10,Masculino,2020,Privada / bolsa,Topázio,8.465,5.0,9.8,9.2,8.0,7.5,,9.5,10.0,9.7,,Sem limitações,Não,Sim,Topázio,False,Moderada (-1 a -2),2,1.0,False,2.0,0.0,0.0,8.988866667,9.7,10.0,9.6375,2022
2022,RA-480,1.0,2,-1.0,10,Feminino,2021,Pública,Ametista,7.502,5.0,6.3,8.8,9.0,7.5,,8.444,6.8,5.7,,Não atendido,Sim,Sim,Ametista,False,Moderada (-1 a -2),1,1.0,False,1.0,-1.0,1.0,8.226408333,7.9,9.7,8.336666667,2022
2022,RA-483,1.0,2,-1.0,11,Feminino,2019,Pública,Quartzo,5.263,5.0,2.4,4.8,9.0,5.0,,6.833,2.0,2.8,,Requer avaliação,Não,Não,Ágata,False,Moderada (-1 a -2),3,1.0,False,1.0,-2.0,1.0,6.3972,5.6,6.0,8.166666667,2022
2022,RA-484,1.0,2,-1.0,11,Masculino,2022,Pública,Ágata,6.71,5.0,6.5,8.7,9.5,5.0,,6.389,8.0,5.0,,Requer avaliação,Não,Não,,False,Moderada (-1 a -2),0,1.0,False,2.0,-1.0,1.0,5.515466667,3.6,7.5,6.8,2022
2022,RA-486,1.0,2,-1.0,10,Feminino,2020,Pública,Ametista,7.621,5.0,7.3,9.9,10.0,7.5,,7.222,6.7,7.8,,Não atendido,Não,Não,Topázio,False,Moderada (-1 a -2),2,1.0,False,2.0,0.0,0.0,7.1043,6.2,6.4,8.7525,2022
2022,RA-487,1.0,2,-1.0,10,Feminino,2019,Privada / bolsa,Topázio,8.417,5.0,9.6,9.7,7.5,7.5,,9.333,9.7,9.5,,Não atendido,Não,Sim,Topázio,False,Moderada (-1 a -2),3,1.0,False,2.0,0.0,0.0,8.988866667,9.5,9.9,9.26,2022
2022,RA-490,1.0,2,-1.0,10,Feminino,2022,Pública,Ametista,7.576,5.0,7.7,8.2,7.9,7.5,,8.722,6.0,9.3,,Não atendido,Não,Sim,,False,Moderada (-1 a -2),0,1.0,False,2.0,0.0,0.0,7.429466667,5.8,7.9,9.0075,2022
2022,RA-491,1.0,2,-1.0,11,Masculino,2022,Pública,Ametista,7.461,5.0,7.0,9.7,7.5,7.5,,7.722,6.0,8.0,,Não atendido,Não,Não,,False,Moderada (-1 a -2),0,1.0,False,2.0,0.0,0.0,7.560533333,5.0,9.6,8.3375,2022
2022,RA-493,1.0,1,0.0,9,Feminino,2020,Pública,Topázio,8.306,10.0,7.2,9.4,10.0,7.5,,8.278,7.3,7.0,,Sem limitações,Não,Não,Topázio,False,Adequado (≥ 0),2,0.0,False,2.0,0.0,0.0,7.934366667,6.0,9.6,8.84,2022
2022,RA-494,1.0,2,-1.0,11,Feminino,2022,Pública,Ágata,6.407,5.0,5.8,8.3,6.4,5.0,,6.944,6.3,5.2,,Requer avaliação,Não,Não,,False,Moderada (-1 a -2),0,1.0,False,2.0,-1.0,1.0,7.116633333,6.8,9.0,8.71,2022
2022,RA-495,1.0,2,-1.0,11,Masculino,2022,Pública,Ametista,7.857,5.0,8.4,8.9,9.0,7.5,,8.056,8.0,8.8,,Sem limitações,Não,Não,,False,Moderada (-1 a -2),0,1.0,False,2.0,-1.0,1.0,7.417366667,7.4,8.4,8.755,2022
2022,RA-496,1.0,2,-1.0,11,Masculino,2018,Pública,Ágata,6.683,5.0,5.7,6.8,8.5,7.5,,7.556,5.8,5.5,,Requer avaliação,Não,Não,Quartzo,False,Moderada (-1 a -2),4,1.0,False,2.0,-1.0,1.0,6.603666667,8.3,7.1,8.71,2022
2022,RA-497,1.0,3,-2.0,13,Feminino,2016,Privada / bolsa,Ágata,6.323,5.0,5.1,9.2,6.9,5.0,,5.833,4.2,6.0,,Não indicado,Não,Não,Quartzo,False,Moderada (-1 a -2),6,1.0,False,2.0,-2.0,1.0,5.7191,3.5,8.7,6.885,2022
2022,RA-499,1.0,2,-1.0,10,Masculino,2020,Pública,Ametista,7.826,5.0,8.2,10.0,8.5,7.5,,7.444,8.2,8.2,,Sem limitações,Não,Não,Ametista,False,Moderada (-1 a -2),2,1.0,False,2.0,0.0,0.0,7.8883,6.6,10.0,8.2975,2022
2022,RA-500,1.0,2,-1.0,10,Feminino,2020,Pública,Topázio,8.232,5.0,9.5,10.0,9.0,7.5,,7.889,9.5,9.5,,Sem limitações,Sim,Não,Topázio,False,Moderada (-1 a -2),2,1.0,False,2.0,0.0,0.0,8.427533333,7.9,10.0,8.7975,2022
2022,RA-501,1.0,1,0.0,9,Masculino,2021,Pública,Ametista,7.794,10.0,6.8,8.8,8.5,7.5,,7.333,8.0,5.7,,Sem limitações,Não,Não,Topázio,False,Adequado (≥ 0),1,0.0,False,1.0,-1.0,1.0,8.1357,8.9,8.4,9.396666667,2022
2022,RA-502,1.0,0,1.0,8,Feminino,2021,Privada / bolsa,Topázio,8.287,10.0,7.4,9.7,9.5,7.5,,7.778,6.7,8.2,,Sem limitações,Não,Não,Topázio,False,Adequado (≥ 0),1,0.0,False,1.0,0.0,0.0,8.749075,8.0,9.8,8.95,2022
2022,RA-503,1.0,2,-1.0,10,Masculino,2020,Pública,Ametista,7.95,5.0,8.8,10.0,8.5,7.5,,7.5,8.7,9.0,,Sem limitações,Não,Não,Topázio,False,Moderada (-1 a -2),2,1.0,False,2.0,0.0,0.0,8.4682,8.7,10.0,8.255,2022
2022,RA-504,1.0,1,0.0,9,Feminino,2021,Pública,Topázio,8.072,10.0,8.0,8.9,8.5,7.5,,7.556,7.8,8.2,,Sem limitações,Não,Não,Topázio,False,Adequado (≥ 0),1,0.0,False,1.0,0.0,0.0,8.299533333,7.9,8.3,8.836666667,2022
2022,RA-506,1.0,3,-2.0,12,Masculino,2020,Pública,Ametista,7.132,5.0,7.2,7.3,9.5,7.5,,7.278,8.3,6.0,,Sem limitações,Não,Não,Ágata,False,Moderada (-1 a -2),2,1.0,False,2.0,-1.0,1.0,7.750033333,8.5,8.1,7.92,2022
2022,RA-508,1.0,2,-1.0,10,Masculino,2022,Pública,Ágata,6.575,5.0,4.5,7.4,8.0,7.5,,7.556,0.0,9.0,,Não atendido,Não,Não,,False,Moderada (-1 a -2),0,1.0,False,2.0,0.0,0.0,7.671633333,7.5,8.6,8.6725,2022
2022,RA-509,1.0,3,-2.0,12,Feminino,2018,Pública,Ametista,7.808,5.0,9.2,8.2,9.0,7.5,,7.833,9.3,9.0,,Não atendido,Sim,Não,Ágata,False,Moderada (-1 a -2),4,1.0,False,2.0,-1.0,1.0,7.606033333,8.6,8.1,8.84,2022
2022,RA-513,1.0,1,0.0,9,Masculino,2021,Pública,Topázio,8.229,10.0,8.3,9.6,9.0,5.6,,7.778,8.2,8.5,,Requer avaliação,Não,Não,Topázio,False,Adequado (≥ 0),1,0.0,False,2.0,0.0,0.0,8.297866667,7.5,9.7,9.0075,2022
2022,RA-514,1.0,1,0.0,9,Feminino,2022,Pública,Ametista,7.039,10.0,4.8,9.7,8.0,7.5,,5.889,2.0,7.5,,Não atendido,Não,Não,,False,Adequado (≥ 0),0,0.0,False,1.0,-1.0,1.0,5.823133333,5.5,7.5,5.896666667,2022
2022,RA-516,1.0,1,0.0,9,Masculino,2019,Privada / bolsa,Topázio,8.903,10.0,9.9,9.7,10.0,7.5,,8.056,10.0,9.8,,Não atendido,Não,Não,Topázio,False,Adequado (≥ 0),3,0.0,False,2.0,0.0,0.0,8.6807,9.3,9.8,8.7175,2022
2022,RA-517,1.0,3,-2.0,12,Feminino,2017,Pública,Ametista,7.604,5.0,7.7,9.5,6.9,7.5,,7.833,7.8,7.5,,Não atendido,Não,Não,Ágata,False,Moderada (-1 a -2),5,1.0,False,2.0,-1.0,1.0,6.3104,6.6,9.0,6.7125,2022
2022,RA-518,1.0,2,-1.0,10,Masculino,2022,Pública,Ametista,7.661,5.0,7.5,9.4,9.0,7.5,,7.5,6.0,9.0,,Não atendido,Não,Não,,False,Moderada (-1 a -2),0,1.0,False,2.0,0.0,0.0,7.5762,6.7,8.5,6.9175,2022
2022,RA-519,1.0,1,0.0,9,Masculino,2022,Pública,Ametista,8.0,10.0,7.5,9.6,7.4,7.5,,7.333,7.0,8.0,,Não atendido,Não,Não,,False,Adequado (≥ 0),0,0.0,False,1.0,-1.0,1.0,8.0177,7.4,9.9,8.223333333,2022
2022,RA-521,1.0,1,0.0,9,Masculino,2022,Pública,Ametista,7.725,10.0,6.0,10.0,9.0,5.0,,7.5,5.0,7.0,,Requer avaliação,Não,Não,,False,Adequado (≥ 0),0,0.0,False,1.0,-1.0,1.0,6.768666667,7.9,9.9,8.166666667,2022
2022,RA-522,1.0,1,0.0,9,Masculino,2021,Pública,Topázio,8.306,10.0,7.5,9.1,9.5,7.5,,8.167,7.0,8.0,,Não atendido,Não,Não,Topázio,False,Adequado (≥ 0),1,0.0,False,1.0,-1.0,1.0,7.890533333,8.3,9.2,8.45,2022
2022,RA-524,1.0,2,-1.0,11,Masculino,2019,Pública,Ágata,6.947,5.0,9.1,9.4,0.0,5.0,,8.056,9.0,9.2,,Requer avaliação,Sim,Não,Ametista,False,Moderada (-1 a -2),3,1.0,False,2.0,-1.0,1.0,7.331133333,8.9,9.2,7.42,2022
2022,RA-525,1.0,2,-1.0,11,Feminino,2021,Pública,Ametista,8.013,5.0,8.6,9.3,9.0,7.5,,8.167,8.3,8.8,,Não atendido,Não,Não,Ágata,False,Moderada (-1 a -2),1,1.0,False,2.0,-1.0,1.0,7.911366667,9.2,8.6,9.566666667,2022
2022,RA-526,1.0,3,-2.0,12,Masculino,2022,Pública,Topázio,8.079,5.0,8.0,9.9,10.0,7.5,,8.167,7.7,8.3,,Não atendido,Não,Não,,False,Moderada (-1 a -2),0,1.0,False,2.0,-1.0,1.0,8.0957,8.8,9.8,7.7525,2022
2022,RA-527,1.0,1,0.0,9,Feminino,2022,Pública,Ametista,8.025,10.0,6.5,10.0,8.5,7.5,,7.5,5.0,8.0,,Não atendido,Não,Não,,False,Adequado (≥ 0),0,0.0,False,1.0,-1.0,1.0,7.5682,6.5,9.1,7.78,2022
2022,RA-528,1.0,2,-1.0,11,Masculino,2021,Pública,Quartzo,5.335,5.0,4.0,6.2,0.0,7.5,,6.944,5.3,2.7,,Não atendido,Não,Não,Ametista,False,Moderada (-1 a -2),1,1.0,False,2.0,-1.0,1.0,7.6892,8.2,8.5,7.92,2022
2022,RA-529,1.0,3,-2.0,12,Masculino,2020,Pública,Ágata,6.51,5.0,5.2,8.9,8.5,5.0,,6.556,3.3,7.0,,Requer avaliação,Não,Não,Ametista,False,Moderada (-1 a -2),2,1.0,False,1.0,-2.0,1.0,7.278991667,6.8,9.6,6.893333333,2022
2022,RA-530,1.0,2,-1.0,10,Masculino,2019,Pública,Topázio,8.338,5.0,8.9,9.0,10.0,7.5,,9.056,9.0,8.8,,Não atendido,Sim,Sim,Topázio,False,Moderada (-1 a -2),3,1.0,False,2.0,0.0,0.0,7.653033333,5.7,8.8,7.46,2022
2022,RA-531,1.0,2,-1.0,10,Masculino,2022,Pública,Ametista,8.057,5.0,7.8,9.8,9.5,7.5,,8.167,8.7,7.0,,Não atendido,Sim,Não,,False,Moderada (-1 a -2),0,1.0,False,2.0,0.0,0.0,8.3252,7.7,10.0,8.59,2022
2022,RA-533,1.0,2,-1.0,10,Masculino,2022,Pública,Ágata,6.962,5.0,6.0,8.8,8.5,5.6,,7.333,5.0,7.0,,Requer avaliação,Não,Não,,False,Moderada (-1 a -2),0,1.0,False,1.0,-1.0,1.0,7.434866667,5.8,9.3,7.613333333,2022
2022,RA-534,1.0,3,-2.0,12,Feminino,2021,Pública,Ametista,7.131,5.0,7.1,7.4,9.0,7.5,,7.333,6.5,7.7,,Não atendido,Não,Não,Ametista,False,Moderada (-1 a -2),1,1.0,False,2.0,-1.0,1.0,5.8385,5.4,8.1,7.92,2022
2022,RA-535,1.0,2,-1.0,10,Feminino,2019,Pública,Ágata,6.953,5.0,5.1,9.2,9.0,7.5,,6.917,4.7,5.5,,Sem limitações,Não,Não,Ametista,False,Moderada (-1 a -2),3,1.0,False,2.0,0.0,0.0,8.0027,5.6,9.4,8.95,2022
2022,RA-536,1.0,2,-1.0,10,Feminino,2020,Pública,Ametista,7.106,5.0,6.0,8.9,9.5,5.6,,7.75,6.3,5.7,,Sem limitações,Não,Não,Ametista,False,Moderada (-1 a -2),2,1.0,False,2.0,0.0,0.0,7.759533333,5.9,9.3,9.17,2022
2022,RA-538,1.0,3,-2.0,13,Masculino,2022,Pública,Ágata,6.309,5.0,6.8,7.5,8.5,5.6,,5.583,4.5,9.0,,Requer avaliação,Não,Não,,False,Moderada (-1 a -2),0,1.0,False,2.0,-1.0,1.0,6.413466667,4.7,8.6,7.39,2022
2022,RA-539,1.0,2,-1.0,11,Feminino,2022,Pública,Ametista,7.665,5.0,7.5,9.3,8.5,6.9,,8.417,6.8,8.2,,Sem limitações,Não,Sim,,False,Moderada (-1 a -2),0,1.0,False,2.0,-1.0,1.0,7.796866667,8.5,8.6,8.84,2022
2022,RA-540,1.0,2,-1.0,10,Feminino,2019,Pública,Ametista,7.303,5.0,7.0,9.5,8.5,5.6,,7.5,6.8,7.2,,Sem limitações,Não,Não,Topázio,False,Moderada (-1 a -2),3,1.0,False,2.0,0.0,0.0,8.216033333,7.1,8.8,8.95,2022
2022,RA-542,1.0,2,-1.0,11,Feminino,2019,Pública,Ametista,7.221,5.0,6.5,9.8,8.0,6.3,,7.417,5.3,7.7,,Sem limitações,Não,Não,Ágata,False,Moderada (-1 a -2),3,1.0,False,2.0,-1.0,1.0,7.816533333,6.3,9.7,9.006666667,2022
2022,RA-543,1.0,2,-1.0,10,Feminino,2022,Pública,Ametista,7.05,5.0,6.5,9.8,8.5,4.4,,7.167,5.0,8.0,,Sem limitações,Não,Não,,False,Moderada (-1 a -2),0,1.0,False,2.0,0.0,0.0,7.971833333,6.5,9.8,9.006666667,2022
2022,RA-546,1.0,2,-1.0,11,Feminino,2021,Pública,Ágata,6.77,5.0,5.6,7.9,9.0,5.0,,7.917,3.3,7.8,,Não indicado,Não,Não,Quartzo,False,Moderada (-1 a -2),1,1.0,False,2.0,-1.0,1.0,6.031666667,5.7,7.2,9.173333333,2022
2022,RA-547,1.0,2,-1.0,11,Feminino,2019,Pública,Ametista,7.745,5.0,7.6,9.7,9.5,5.0,,8.833,7.3,7.8,,Não indicado,Não,Sim,Ágata,False,Moderada (-1 a -2),3,1.0,False,2.0,-1.0,1.0,6.467,6.2,9.1,8.95,2022
2022,RA-548,1.0,3,-2.0,12,Masculino,2019,Pública,Ametista,7.292,5.0,7.2,9.1,8.0,6.9,,7.583,5.7,8.7,,Sem limitações,Não,Não,Ametista,False,Moderada (-1 a -2),3,1.0,False,2.0,-1.0,1.0,7.4322,7.4,9.1,8.283333333,2022
2022,RA-549,1.0,2,-1.0,10,Masculino,2021,Pública,Ágata,6.301,5.0,4.2,7.9,10.0,6.9,,6.167,2.2,6.2,,Sem limitações,Não,Não,Ametista,False,Moderada (-1 a -2),1,1.0,False,1.0,-1.0,1.0,7.0297,6.4,8.1,7.5,2022
2022,RA-551,1.0,3,-2.0,12,Feminino,2018,Pública,Ágata,6.853,5.0,6.6,7.3,8.5,6.9,,7.333,5.0,8.2,,Sem limitações,Não,Não,Ametista,False,Moderada (-1 a -2),4,1.0,False,2.0,-1.0,1.0,7.075033333,5.4,8.6,8.393333333,2022
2022,RA-552,1.0,2,-1.0,11,Masculino,2022,Pública,Ágata,6.625,5.0,5.5,8.8,9.5,5.0,,7.167,6.0,5.0,,Não indicado,Não,Não,,False,Moderada (-1 a -2),0,1.0,False,1.0,-2.0,1.0,5.248666667,6.4,5.6,6.89,2022
2022,RA-555,1.0,3,-2.0,12,Masculino,2019,Pública,Quartzo,5.949,5.0,4.4,8.1,9.5,5.0,,5.167,1.8,7.0,,Não indicado,Não,Não,Ametista,False,Moderada (-1 a -2),3,1.0,False,2.0,-1.0,1.0,5.898133333,3.9,8.1,6.946666667,2022
2022,RA-556,1.0,2,-1.0,11,Feminino,2018,Pública,Ametista,7.181,5.0,6.4,8.8,9.0,5.0,,8.25,4.8,8.0,,Não indicado,Não,Não,Ametista,False,Moderada (-1 a -2),4,1.0,False,2.0,-1.0,1.0,7.7482,7.2,9.6,9.396666667,2022
2022,RA-557,1.0,2,-1.0,10,Masculino,2019,Pública,Topázio,8.334,5.0,9.4,8.4,10.0,7.5,,9.333,10.0,8.8,,Sem limitações,Sim,Sim,Topázio,False,Moderada (-1 a -2),3,1.0,False,2.0,0.0,0.0,8.7717,8.9,8.2,9.62,2022
2022,RA-558,1.0,4,-3.0,14,Masculino,2022,Pública,Quartzo,5.539,2.5,4.3,8.5,9.0,5.0,,4.5,0.5,8.0,,Não indicado,Não,Não,,False,Severa (≤ -3),0,1.0,False,2.0,-3.0,1.0,6.615333333,6.0,9.4,6.78,2022
2022,RA-559,1.0,2,-1.0,11,Masculino,2021,Pública,Ametista,7.634,5.0,7.1,9.2,9.5,7.5,,8.083,7.2,7.0,,Sem limitações,Não,Não,Ametista,False,Moderada (-1 a -2),1,1.0,False,2.0,-1.0,1.0,7.947366667,7.4,9.4,8.506666667,2022
2022,RA-560,1.0,2,-1.0,11,Masculino,2020,Pública,Quartzo,4.949,5.0,3.8,7.2,6.9,5.0,,3.75,3.2,4.3,,Não indicado,Não,Não,Quartzo,False,Moderada (-1 a -2),2,1.0,False,2.0,-1.0,1.0,4.932,4.0,8.4,6.0,2022
2022,RA-562,1.0,2,-1.0,11,Feminino,2021,Pública,Ametista,7.855,5.0,8.0,9.0,8.0,7.5,,8.75,8.3,7.7,,Sem limitações,Não,Sim,Ametista,False,Moderada (-1 a -2),1,1.0,False,2.0,-1.0,1.0,6.824833333,8.7,8.5,8.893333333,2022
2022,RA-563,1.0,2,-1.0,11,Feminino,2020,Pública,Topázio,8.22,5.0,8.5,9.2,10.0,7.5,,8.833,9.0,8.0,,Sem limitações,Sim,Sim,Ametista,False,Moderada (-1 a -2),2,1.0,False,2.0,0.0,0.0,7.684133333,6.2,9.7,8.726666667,2022
2022,RA-566,1.0,3,-2.0,12,Feminino,2022,Pública,Ametista,7.729,5.0,8.5,8.4,9.5,7.5,,7.917,9.5,7.5,,Sem limitações,Não,Não,,False,Moderada (-1 a -2),0,1.0,False,2.0,-1.0,1.0,7.7227,8.4,8.8,8.673333333,2022
2022,RA-568,1.0,4,-3.0,14,Masculino,2018,Pública,Ametista,7.306,2.5,8.3,8.6,8.0,6.9,,7.944,8.0,8.5,,Não atendido,Não,Não,Ametista,False,Severa (≤ -3),4,1.0,False,2.0,-3.0,1.0,6.9647,7.6,7.9,8.01,2022
2022,RA-570,1.0,2,-1.0,10,Feminino,2019,Pública,Quartzo,5.722,5.0,1.3,7.0,9.0,7.5,,6.778,0.7,2.0,,Não atendido,Não,Não,Ágata,False,Moderada (-1 a -2),3,1.0,False,1.0,-1.0,1.0,6.781033333,5.9,7.3,8.056666667,2022
2022,RA-571,1.0,2,-1.0,11,Feminino,2019,Pública,Ágata,6.589,5.0,3.7,8.8,8.5,7.5,,6.944,3.3,4.0,,Não atendido,Não,Não,Ametista,False,Moderada (-1 a -2),3,1.0,False,1.0,-2.0,1.0,6.6097,5.0,7.9,7.616666667,2022
2022,RA-573,1.0,2,-1.0,11,Masculino,2020,Pública,Topázio,8.261,5.0,8.2,9.9,9.5,7.5,,8.944,8.3,8.0,,Não atendido,Sim,Sim,Topázio,False,Moderada (-1 a -2),2,1.0,False,2.0,-1.0,1.0,7.774366667,6.6,9.8,8.45,2022
2022,RA-574,1.0,2,-1.0,10,Masculino,2022,Pública,Ágata,6.86,5.0,7.5,7.2,9.5,5.0,,6.944,5.5,9.5,,Requer avaliação,Não,Não,,False,Moderada (-1 a -2),0,1.0,False,2.0,0.0,0.0,7.878133333,8.1,8.2,8.173333333,2022
2022,RA-576,1.0,2,-1.0,10,Feminino,2022,Pública,Ametista,7.59,5.0,7.8,9.1,9.5,7.5,,7.111,7.5,8.0,,Não atendido,Não,Não,,False,Moderada (-1 a -2),0,1.0,False,1.0,-1.0,1.0,7.984741667,8.0,9.3,8.503333333,2022
2022,RA-577,1.0,2,-1.0,10,Feminino,2022,Pública,Ametista,7.862,5.0,9.0,9.3,9.5,7.5,,7.111,8.3,9.7,,Não atendido,Não,Não,,False,Moderada (-1 a -2),0,1.0,False,1.0,-1.0,1.0,7.219366667,7.4,8.2,7.673333333,2022
2022,RA-578,1.0,2,-1.0,10,Masculino,2019,Pública,Topázio,8.814,5.0,9.5,10.0,9.5,8.8,,9.611,9.3,9.7,,Sem limitações,Sim,Sim,Topázio,False,Moderada (-1 a -2),3,1.0,False,2.0,0.0,0.0,9.013866667,9.7,10.0,9.7625,2022
2022,RA-580,1.0,2,-1.0,10,Feminino,2020,Pública,Ametista,7.525,5.0,7.6,9.6,8.0,7.5,,7.167,6.3,8.8,,Não atendido,Não,Não,Ametista,False,Moderada (-1 a -2),2,1.0,False,1.0,-1.0,1.0,8.4712,9.0,9.8,8.67,2022
2022,RA-581,1.0,2,-1.0,10,Masculino,2019,Pública,Ágata,6.464,5.0,5.0,8.9,7.5,7.5,,5.889,5.3,4.7,,Não atendido,Não,Não,Ametista,False,Moderada (-1 a -2),3,1.0,False,1.0,-1.0,1.0,7.7167,7.9,9.8,7.393333333,2022
2022,RA-583,1.0,3,-2.0,12,Feminino,2019,Pública,Ametista,7.456,5.0,7.1,9.4,8.5,7.5,,7.333,6.2,8.0,,Não atendido,Não,Não,Ametista,False,Moderada (-1 a -2),3,1.0,False,2.0,-1.0,1.0,7.838866667,6.3,9.4,8.616666667,2022
2022,RA-584,1.0,2,-1.0,10,Feminino,2019,Pública,Ágata,6.714,5.0,4.6,8.5,8.0,7.5,,7.333,4.5,4.7,,Não atendido,Não,Não,Ametista,False,Moderada (-1 a -2),3,1.0,False,2.0,0.0,0.0,7.697533333,5.8,9.0,8.56,2022
2022,RA-586,1.0,2,-1.0,10,Feminino,2021,Privada / bolsa,Ametista,7.988,5.0,8.2,9.6,10.0,5.6,,8.778,8.2,8.2,,Requer avaliação,Não,Sim,Topázio,False,Moderada (-1 a -2),1,1.0,False,2.0,0.0,0.0,8.4242,8.4,10.0,9.343333333,2022
2022,RA-587,1.0,2,-1.0,10,Masculino,2022,Pública,Ágata,6.632,5.0,3.8,9.3,9.5,7.5,,6.167,1.0,6.5,,Não atendido,Não,Não,,False,Moderada (-1 a -2),0,1.0,False,1.0,-1.0,1.0,6.032033333,2.7,7.0,6.72,2022
2022,RA-588,1.0,1,0.0,9,Feminino,2021,Privada / bolsa,Topázio,8.622,10.0,9.3,10.0,9.5,5.6,,8.278,9.3,9.2,,Sem limitações,Não,Não,Topázio,False,Adequado (≥ 0),1,0.0,False,2.0,0.0,0.0,8.3527,7.8,9.6,9.673333333,2022
2022,RA-590,1.0,2,-1.0,10,Feminino,2020,Pública,Ametista,7.435,5.0,7.4,8.6,8.5,7.5,,7.611,5.7,9.2,,Não atendido,Não,Não,Ágata,False,Moderada (-1 a -2),2,1.0,False,2.0,0.0,0.0,7.647666667,6.5,9.7,8.34,2022
2022,RA-591,1.0,2,-1.0,11,Masculino,2021,Pública,Ametista,7.507,5.0,7.1,9.3,9.5,7.5,,7.389,7.8,6.3,,Não atendido,Não,Não,Ametista,False,Moderada (-1 a -2),1,1.0,False,2.0,-1.0,1.0,7.1472,6.9,8.5,7.333333333,2022
2022,RA-592,1.0,2,-1.0,10,Feminino,2020,Pública,Ametista,7.381,5.0,8.4,8.5,8.0,5.6,,7.778,7.2,9.7,,Requer avaliação,Não,Não,Ametista,False,Moderada (-1 a -2),2,1.0,False,2.0,0.0,0.0,7.935466667,7.6,9.2,8.95,2022
2022,RA-594,1.0,2,-1.0,10,Masculino,2022,Pública,Ametista,7.392,5.0,7.8,9.4,8.0,7.5,,6.889,6.0,9.5,,Não atendido,Não,Não,,False,Moderada (-1 a -2),0,1.0,False,1.0,-1.0,1.0,6.702033333,5.8,7.1,7.336666667,2022
2022,RA-595,1.0,3,-2.0,12,Masculino,2018,Pública,Quartzo,5.18,5.0,1.0,5.5,8.5,7.5,,6.0,2.0,0.0,,Não atendido,Não,Não,Ametista,False,Moderada (-1 a -2),4,1.0,False,2.0,-1.0,1.0,5.078666667,3.3,7.0,5.55,2022
2022,RA-597,1.0,1,0.0,9,Masculino,2022,Pública,Topázio,8.265,10.0,8.0,10.0,9.0,7.5,,7.056,6.5,9.5,,Sem limitações,Não,Não,,False,Adequado (≥ 0),0,0.0,False,1.0,-1.0,1.0,8.49045,8.5,9.6,8.56,2022
2022,RA-599,1.0,2,-1.0,10,Masculino,2022,Pública,Topázio,8.2,5.0,9.1,9.2,9.5,7.5,,8.556,8.3,9.8,,Sem limitações,Sim,Sim,,False,Moderada (-1 a -2),0,1.0,False,2.0,0.0,0.0,8.532866667,8.5,9.5,9.286666667,2022
2022,RA-600,1.0,1,0.0,9,Feminino,2021,Pública,Ágata,7.011,10.0,3.9,8.4,8.5,7.5,,6.833,2.8,5.0,,Sem limitações,Não,Não,Ametista,False,Adequado (≥ 0),1,0.0,False,1.0,-1.0,1.0,7.651658333,7.2,8.4,8.056666667,2022
2022,RA-601,1.0,0,1.0,8,Masculino,2021,Pública,Ametista,7.713,10.0,5.7,9.7,9.0,7.5,,7.167,5.3,6.0,,Sem limitações,Não,Não,Topázio,False,Adequado (≥ 0),1,0.0,False,1.0,0.0,0.0,8.955783333,8.7,10.0,8.336666667,2022
2022,RA-602,1.0,2,-1.0,11,Masculino,2019,Pública,Ametista,8.041,5.0,8.6,9.7,10.0,7.5,,7.667,8.3,8.8,,Sem limitações,Sim,Não,Ametista,False,Moderada (-1 a -2),3,1.0,False,2.0,-1.0,1.0,8.5592,8.1,9.6,9.51,2022
2022,RA-603,1.0,2,-1.0,11,Feminino,2022,Pública,Ametista,7.78,5.0,7.5,9.5,9.0,7.5,,8.0,6.7,8.3,,Sem limitações,Não,Não,,False,Moderada (-1 a -2),0,1.0,False,2.0,0.0,0.0,6.748833333,7.0,8.9,7.78,2022
2022,RA-604,1.0,2,-1.0,10,Feminino,2021,Pública,Ametista,8.018,5.0,8.8,9.0,9.0,7.5,,8.333,8.0,9.7,,Sem limitações,Sim,Não,Ametista,False,Moderada (-1 a -2),1,1.0,False,2.0,0.0,0.0,8.548033333,7.5,9.3,8.616666667,2022
2022,RA-605,1.0,3,-2.0,12,Feminino,2021,Pública,Ametista,7.276,5.0,7.1,9.3,6.9,6.9,,7.556,6.2,8.0,,Sem limitações,Não,Não,Ametista,False,Moderada (-1 a -2),1,1.0,False,2.0,-1.0,1.0,7.709366667,6.8,9.5,7.84,2022
2022,RA-606,1.0,2,-1.0,10,Masculino,2022,Pública,Ágata,6.127,5.0,1.8,9.0,9.5,7.5,,6.111,2.0,1.5,,Sem limitações,Não,Não,,False,Moderada (-1 a -2),0,1.0,False,1.0,-1.0,1.0,7.402491667,6.0,8.5,8.223333333,2022
2022,RA-607,1.0,2,-1.0,10,Masculino,2022,Pública,Ágata,6.44,5.0,4.0,8.1,6.8,7.5,,7.444,3.0,5.0,,Sem limitações,Não,Não,,False,Moderada (-1 a -2),0,1.0,False,1.0,-1.0,1.0,7.333075,6.8,7.5,8.17,2022
2022,RA-608,1.0,2,-1.0,10,Masculino,2022,Pública,Ametista,7.216,5.0,6.3,9.6,7.8,7.5,,7.222,3.0,9.5,,Sem limitações,Não,Não,,False,Moderada (-1 a -2),0,1.0,False,1.0,-1.0,1.0,7.401741667,6.2,7.5,8.113333333,2022
2022,RA-609,1.0,2,-1.0,11,Masculino,2019,Pública,Ágata,6.794,5.0,6.0,7.6,8.5,7.5,,7.056,6.5,5.5,,Sem limitações,Não,Não,Ágata,False,Moderada (-1 a -2),3,1.0,False,2.0,-1.0,1.0,6.463033333,5.3,6.4,6.216666667,2022
2022,RA-610,1.0,1,0.0,9,Feminino,2022,Pública,Topázio,8.18,10.0,6.5,9.6,9.0,7.5,,8.5,6.0,7.0,,Sem limitações,Não,Sim,,False,Adequado (≥ 0),0,0.0,False,2.0,0.0,0.0,8.2857,7.0,10.0,8.896666667,2022
2022,RA-612,1.0,2,-1.0,10,Feminino,2021,Pública,Ametista,7.594,5.0,7.9,9.2,9.0,7.5,,7.167,9.7,6.2,,Não atendido,Não,Não,Topázio,False,Moderada (-1 a -2),1,1.0,False,1.0,-1.0,1.0,8.410783333,9.7,9.7,9.286666667,2022
2022,RA-613,1.0,3,-2.0,13,Masculino,2020,Pública,Topázio,8.121,5.0,9.2,9.2,9.0,7.5,,8.556,9.2,9.2,,Não atendido,Sim,Sim,Ametista,False,Moderada (-1 a -2),2,1.0,False,3.0,-1.0,1.0,6.864508333,4.8,9.4,7.2125,2022
2022,RA-614,1.0,3,-2.0,12,Masculino,2021,Pública,Topázio,8.339,5.0,9.6,9.7,9.5,7.5,,8.278,9.8,9.3,,Não atendido,Sim,Não,Topázio,False,Moderada (-1 a -2),1,1.0,False,2.0,-1.0,1.0,8.2282,8.6,9.1,8.563333333,2022
2022,RA-615,1.0,1,0.0,9,Feminino,2020,Pública,Topázio,8.086,10.0,7.3,9.7,9.5,7.5,,6.889,7.8,6.7,,Não atendido,Não,Não,Topázio,False,Adequado (≥ 0),2,0.0,False,1.0,-1.0,1.0,7.815658333,7.6,9.7,8.616666667,2022
2022,RA-616,1.0,3,-2.0,12,Masculino,2019,Pública,Ametista,7.303,5.0,8.8,7.4,7.4,7.5,,7.278,9.2,8.5,,Não atendido,Não,Não,Ametista,False,Moderada (-1 a -2),3,1.0,False,2.0,-1.0,1.0,5.612,6.8,6.6,6.783333333,2022
2022,RA-617,1.0,2,-1.0,11,Feminino,2021,Pública,Ametista,7.107,5.0,6.3,8.9,8.5,7.5,,6.778,4.5,8.0,,Não atendido,Não,Não,Ametista,False,Moderada (-1 a -2),1,1.0,False,1.0,-1.0,1.0,6.816166667,6.9,9.0,8.116666667,2022
2022,RA-618,1.0,3,-2.0,13,Masculino,2020,Pública,Ametista,7.18,5.0,6.7,8.3,8.9,7.5,,7.333,6.8,6.5,,Não atendido,Não,Não,Ametista,False,Moderada (-1 a -2),2,1.0,False,2.0,-2.0,1.0,6.4745,6.2,9.2,7.95,2022
2022,RA-619,1.0,2,-1.0,11,Feminino,2021,Pública,Ametista,7.693,5.0,9.0,8.0,9.5,7.5,,7.333,9.2,8.8,,Não atendido,Não,Não,Ametista,False,Moderada (-1 a -2),1,1.0,False,2.0,0.0,0.0,7.891366667,9.0,7.1,8.116666667,2022
2022,RA-620,1.0,3,-2.0,12,Masculino,2021,Pública,Ágata,6.018,5.0,6.8,7.5,0.0,7.5,,6.833,8.5,5.0,,Não atendido,Não,Não,Ametista,False,Moderada (-1 a -2),1,1.0,False,2.0,-1.0,1.0,7.043666667,6.2,8.4,7.503333333,2022
2022,RA-623,1.0,3,-2.0,13,Masculino,2022,Pública,Ametista,7.524,5.0,8.3,9.0,7.5,7.5,,7.389,9.3,7.2,,Não atendido,Não,Não,,False,Moderada (-1 a -2),0,1.0,False,2.0,-2.0,1.0,7.8307,7.3,9.5,7.446666667,2022
2022,RA-624,1.0,2,-1.0,10,Masculino,2022,Pública,Ametista,7.425,5.0,6.8,8.9,9.0,7.5,,7.722,8.0,5.5,,Não atendido,Não,Não,,False,Moderada (-1 a -2),0,1.0,False,1.0,-1.0,1.0,8.270825,8.6,9.2,8.39,2022
2022,RA-626,1.0,2,-1.0,11,Masculino,2021,Pública,Quartzo,5.818,5.0,1.3,7.6,7.4,7.5,,7.278,2.5,0.0,,Não atendido,Não,Não,Ágata,False,Moderada (-1 a -2),1,1.0,False,2.0,-1.0,1.0,7.231033333,6.5,9.2,7.613333333,2022
2022,RA-628,1.0,2,-1.0,11,Masculino,2022,Pública,Ametista,7.577,5.0,9.2,7.6,9.5,7.5,,7.333,9.3,9.0,,Não atendido,Não,Não,,False,Moderada (-1 a -2),0,1.0,False,1.0,-2.0,1.0,8.370325,9.4,8.9,8.45,2022
2022,RA-629,1.0,1,0.0,9,Masculino,2022,Pública,Topázio,8.11,10.0,7.0,10.0,9.0,7.5,,7.278,5.0,9.0,,Não atendido,Não,Não,,False,Adequado (≥ 0),0,0.0,False,1.0,-1.0,1.0,8.013866667,7.5,9.4,7.95,2022
2022,RA-630,1.0,1,0.0,9,Masculino,2022,Pública,Topázio,8.064,10.0,7.3,9.2,9.5,7.5,,7.278,6.5,8.0,,Não atendido,Não,Não,,False,Adequado (≥ 0),0,0.0,False,1.0,-1.0,1.0,7.199991667,5.7,8.6,8.673333333,2022
2022,RA-631,1.0,3,-2.0,12,Masculino,2022,Pública,Ágata,6.928,5.0,7.0,6.8,8.5,7.5,,7.222,7.3,6.7,,Não atendido,Não,Não,,False,Moderada (-1 a -2),0,1.0,False,2.0,-1.0,1.0,5.954666667,7.0,6.4,6.78,2022
2022,RA-632,1.0,2,-1.0,10,Feminino,2022,Pública,Ágata,6.996,5.0,6.3,9.3,8.5,6.9,,6.722,5.5,7.2,,Sem limitações,Não,Não,,False,Moderada (-1 a -2),0,1.0,False,2.0,0.0,0.0,7.8768,7.4,9.1,8.563333333,2022
2022,RA-633,1.0,2,-1.0,11,Feminino,2020,Pública,Ametista,7.476,5.0,7.7,8.9,7.3,7.5,,7.833,6.8,8.5,,Não atendido,Não,Não,Ágata,False,Moderada (-1 a -2),2,1.0,False,2.0,-1.0,1.0,6.6552,7.2,8.1,7.286666667,2022
2022,RA-636,1.0,2,-1.0,10,Masculino,2022,Pública,Ametista,7.189,5.0,7.3,8.0,8.5,6.9,,7.389,7.3,7.3,,Requer avaliação,Sim,Não,,False,Moderada (-1 a -2),0,1.0,False,1.0,-1.0,1.0,6.836666667,9.0,8.3,7.446666667,2022
2022,RA-637,1.0,2,-1.0,10,Feminino,2021,Pública,Ametista,7.039,5.0,5.8,9.0,8.5,7.5,,7.0,4.8,6.8,,Não atendido,Não,Não,Topázio,False,Moderada (-1 a -2),1,1.0,False,1.0,-1.0,1.0,8.109533333,8.5,9.5,8.17,2022
2022,RA-638,1.0,1,0.0,9,Feminino,2020,Pública,Ametista,7.059,10.0,3.9,9.3,8.5,7.5,,6.278,2.0,5.8,,Não atendido,Não,Não,Ametista,False,Adequado (≥ 0),2,0.0,False,1.0,-1.0,1.0,7.754866667,6.5,9.4,7.946666667,2022
2022,RA-639,1.0,2,-1.0,10,Feminino,2021,Pública,Ágata,6.613,5.0,5.5,7.4,8.5,7.5,,6.611,3.2,7.8,,Não atendido,Não,Não,Ametista,False,Moderada (-1 a -2),1,1.0,False,2.0,0.0,0.0,7.5853,6.3,8.1,7.62,2022
2022,RA-640,1.0,2,-1.0,11,Feminino,2022,Pública,Ágata,6.73,5.0,4.8,8.4,9.0,7.5,,6.778,2.5,7.0,,Não atendido,Não,Não,,False,Moderada (-1 a -2),0,1.0,False,1.0,-2.0,1.0,6.1105,4.9,7.3,8.446666667,2022
2022,RA-642,1.0,2,-1.0,10,Feminino,2021,Pública,Ametista,7.75,5.0,7.3,9.7,10.0,6.9,,7.778,7.0,7.7,,Sem limitações,Não,Não,Topázio,False,Moderada (-1 a -2),1,1.0,False,2.0,0.0,0.0,8.416866667,6.5,9.2,9.173333333,2022
2022,RA-643,1.0,2,-1.0,10,Masculino,2022,Pública,Ágata,6.763,5.0,6.2,8.0,9.0,7.5,,6.722,6.3,6.0,,Não atendido,Não,Não,,False,Moderada (-1 a -2),0,1.0,False,1.0,-1.0,1.0,7.389033333,7.1,8.2,7.613333333,2022
2022,RA-644,1.0,2,-1.0,11,Feminino,2021,Pública,Ametista,7.83,5.0,8.8,8.0,9.5,7.5,,8.278,9.7,8.0,,Não atendido,Sim,Não,Ametista,False,Moderada (-1 a -2),1,1.0,False,2.0,-1.0,1.0,6.897033333,5.9,5.6,7.503333333,2022
2022,RA-645,1.0,2,-1.0,10,Feminino,2022,Pública,Ágata,6.086,5.0,2.0,8.1,8.5,7.5,,6.833,4.0,0.0,,Requer avaliação,Não,Não,,False,Moderada (-1 a -2),0,1.0,False,1.0,-1.0,1.0,7.613033333,7.3,8.5,8.116666667,2022
2022,RA-646,1.0,3,-2.0,13,Masculino,2019,Pública,Topázio,8.181,5.0,8.4,9.8,8.5,8.1,,8.389,8.8,8.0,,Não atendido,Sim,Sim,Ametista,False,Moderada (-1 a -2),3,1.0,False,2.0,-1.0,1.0,8.3547,8.4,8.9,8.783333333,2022
2022,RA-647,1.0,2,-1.0,10,Masculino,2022,Pública,Ágata,6.606,5.0,3.3,8.6,9.5,7.5,,7.278,1.5,5.2,,Não atendido,Não,Não,,False,Moderada (-1 a -2),0,1.0,False,1.0,-1.0,1.0,7.100566667,5.2,8.7,8.446666667,2022
2022,RA-649,1.0,3,-2.0,12,Feminino,2019,Pública,Ametista,7.302,5.0,7.4,8.9,8.5,5.6,,7.611,6.3,8.5,,Requer avaliação,Não,Não,Ametista,False,Moderada (-1 a -2),3,1.0,False,2.0,-1.0,1.0,7.579533333,6.5,9.3,8.836666667,2022
2022,RA-651,1.0,2,-1.0,10,Feminino,2022,Pública,Ametista,7.866,5.0,7.8,9.3,8.5,7.5,,8.333,7.7,7.8,,Não atendido,Sim,Não,,False,Moderada (-1 a -2),0,1.0,False,2.0,0.0,0.0,7.332,9.3,8.2,7.95,2022
2022,RA-652,1.0,1,0.0,9,Feminino,2022,Pública,Topázio,8.151,10.0,7.8,9.6,8.0,7.5,,7.5,7.0,8.5,,Não atendido,Não,Não,,False,Adequado (≥ 0),0,0.0,False,1.0,-1.0,1.0,7.871033333,7.0,9.4,8.446666667,2022
2022,RA-653,1.0,2,-1.0,11,Feminino,2022,Pública,Topázio,8.101,5.0,9.3,9.6,9.5,7.5,,7.5,9.5,9.0,,Não atendido,Não,Não,,False,Moderada (-1 a -2),0,1.0,False,2.0,-1.0,1.0,7.385666667,7.9,9.8,9.06,2022
2022,RA-655,1.0,3,-2.0,12,Feminino,2019,Pública,Ametista,7.785,5.0,8.3,9.2,7.5,7.5,,8.389,8.3,8.2,,Não atendido,Sim,Sim,Ametista,False,Moderada (-1 a -2),3,1.0,False,2.0,-1.0,1.0,8.3198,8.3,9.9,8.896666667,2022
2022,RA-656,1.0,2,-1.0,11,Feminino,2020,Pública,Ágata,6.652,5.0,6.3,7.5,7.4,5.6,,7.5,5.0,7.5,,Requer avaliação,Não,Não,Ametista,False,Moderada (-1 a -2),2,1.0,False,2.0,-1.0,1.0,6.780833333,7.3,8.9,7.173333333,2022
2022,RA-657,1.0,3,-2.0,12,Feminino,2021,Pública,Topázio,8.093,5.0,9.0,9.8,9.5,7.5,,7.5,9.0,9.0,,Não atendido,Não,Não,Ametista,False,Moderada (-1 a -2),1,1.0,False,2.0,-1.0,1.0,8.3532,8.2,10.0,8.73,2022
2022,RA-658,1.0,2,-1.0,10,Feminino,2022,Pública,Ametista,7.407,5.0,5.6,9.3,10.0,7.5,,7.917,4.7,6.5,,Não atendido,Não,Não,,False,Moderada (-1 a -2),0,1.0,False,2.0,0.0,0.0,8.438533333,6.1,9.5,9.173333333,2022
2022,RA-661,1.0,2,-1.0,11,Masculino,2022,Pública,Ametista,7.593,5.0,7.8,8.3,9.0,7.5,,7.917,8.3,7.3,,Não atendido,Não,Não,,False,Moderada (-1 a -2),0,1.0,False,2.0,0.0,0.0,6.846333333,6.5,7.7,7.836666667,2022
2022,RA-662,1.0,2,-1.0,11,Feminino,2022,Pública,Ametista,7.044,5.0,6.8,8.8,9.0,7.5,,6.083,5.7,7.8,,Não atendido,Não,Não,,False,Moderada (-1 a -2),0,1.0,False,2.0,-1.0,1.0,6.733566667,6.7,7.6,6.72,2022
2022,RA-663,1.0,2,-1.0,10,Masculino,2022,Pública,Ágata,6.376,5.0,5.8,8.7,6.9,7.5,,5.25,5.0,6.5,,Não atendido,Não,Não,,False,Moderada (-1 a -2),0,1.0,False,1.0,-1.0,1.0,6.969133333,7.0,7.4,7.393333333,2022
2022,RA-664,1.0,2,-1.0,10,Feminino,2022,Pública,Ametista,7.277,5.0,6.3,8.8,9.5,7.5,,7.167,5.0,7.5,,Não atendido,Não,Não,,False,Moderada (-1 a -2),0,1.0,False,1.0,-1.0,1.0,8.0872,8.0,9.6,8.116666667,2022
2022,RA-665,1.0,2,-1.0,11,Feminino,2022,Pública,Ágata,6.996,5.0,6.8,7.4,9.0,7.5,,7.25,6.5,7.0,,Não atendido,Não,Não,,False,Moderada (-1 a -2),0,1.0,False,1.0,-1.0,1.0,6.185658333,5.2,4.9,8.226666667,2022
2022,RA-666,1.0,2,-1.0,10,Masculino,2022,Pública,Ametista,7.929,5.0,7.8,9.1,9.5,7.5,,8.833,8.0,7.5,,Não atendido,Não,Sim,,False,Moderada (-1 a -2),0,1.0,False,2.0,0.0,0.0,8.720366667,7.1,9.1,9.62,2022
2022,RA-667,1.0,2,-1.0,11,Masculino,2021,Pública,Quartzo,5.844,5.0,4.5,5.6,8.5,7.5,,5.833,3.7,5.3,,Não atendido,Não,Não,Ametista,False,Moderada (-1 a -2),1,1.0,False,2.0,-1.0,1.0,6.774866667,5.2,6.9,7.836666667,2022
2022,RA-668,1.0,2,-1.0,11,Masculino,2022,Pública,Quartzo,4.365,5.0,2.8,3.3,6.9,7.5,,3.75,2.8,2.8,,Não atendido,Não,Não,,False,Moderada (-1 a -2),0,1.0,False,2.0,-1.0,1.0,6.017933333,3.4,6.3,7.616666667,2022
2022,RA-669,1.0,2,-1.0,11,Masculino,2022,Pública,Ametista,7.475,5.0,6.0,9.7,9.0,7.5,,7.833,5.0,7.0,,Não atendido,Não,Não,,False,Moderada (-1 a -2),0,1.0,False,2.0,0.0,0.0,7.345033333,5.0,7.8,7.06,2022
2022,RA-670,1.0,2,-1.0,10,Feminino,2022,Pública,Ametista,7.451,5.0,6.9,8.8,8.0,7.5,,8.167,6.5,7.3,,Não atendido,Não,Não,,False,Moderada (-1 a -2),0,1.0,False,2.0,0.0,0.0,8.6067,7.0,8.7,9.343333333,2022
2022,RA-671,0.0,1,-1.0,9,Masculino,2021,Pública,Ametista,7.617,5.0,8.8,8.2,8.5,8.1,,7.417,8.8,8.8,,Sem limitações,Não,Não,Ametista,False,Moderada (-1 a -2),1,1.0,False,0.0,-2.0,1.0,6.5143,7.8,8.3,5.68,2022
2022,RA-672,0.0,1,-1.0,9,Feminino,2021,Pública,Ametista,7.48,5.0,8.8,8.5,8.5,8.1,,6.75,8.5,9.1,,Não atendido,Não,Não,Ametista,False,Moderada (-1 a -2),1,1.0,False,0.0,-2.0,1.0,6.5623,6.4,9.5,6.43,2022
2022,RA-674,0.0,0,0.0,8,Masculino,2022,Pública,Ametista,7.862,10.0,8.0,8.7,9.5,8.1,,6.333,8.9,7.0,,Sem limitações,Não,Não,,False,Adequado (≥ 0),0,0.0,False,0.0,-1.0,1.0,6.6328,5.2,8.5,8.67,2022
2022,RA-675,0.0,0,0.0,8,Masculino,2022,Pública,Ametista,7.576,10.0,7.4,6.6,10.0,8.1,,7.083,8.8,5.9,,Não atendido,Sim,Não,,False,Adequado (≥ 0),0,0.0,False,0.0,0.0,0.0,8.3577,8.3,8.0,8.34,2022
2022,RA-677,0.0,0,0.0,8,Feminino,2021,Pública,Topázio,8.358,10.0,7.3,9.4,10.0,7.5,,8.583,7.7,6.8,,Não atendido,Não,Sim,Ametista,False,Adequado (≥ 0),1,0.0,False,0.0,-1.0,1.0,8.5257,8.7,8.2,9.84,2022
2022,RA-678,0.0,1,-1.0,9,Masculino,2022,Pública,Ametista,8.0,5.0,7.3,10.0,9.0,6.9,,9.5,7.5,7.0,,Sem limitações,Não,Sim,,False,Moderada (-1 a -2),0,1.0,False,1.0,-1.0,1.0,7.570158333,7.3,8.8,8.336666667,2022
2022,RA-679,0.0,2,-2.0,10,Masculino,2020,Pública,Ametista,7.172,5.0,6.3,8.2,9.0,7.5,,7.833,6.7,5.8,,Sem limitações,Não,Não,Ametista,False,Moderada (-1 a -2),2,1.0,False,1.0,-1.0,1.0,6.138366667,3.6,7.5,7.393333333,2022
2022,RA-680,0.0,2,-2.0,10,Feminino,2019,Pública,Ametista,7.518,5.0,7.4,8.8,9.5,7.5,,7.75,8.0,6.8,,Não atendido,Não,Não,Ametista,False,Moderada (-1 a -2),3,1.0,False,1.0,-1.0,1.0,6.5855,6.4,9.1,7.78,2022
2022,RA-681,0.0,2,-2.0,10,Masculino,2022,Pública,Ametista,7.204,5.0,6.5,8.5,8.5,6.9,,8.0,6.5,6.5,,Requer avaliação,Não,Não,,False,Moderada (-1 a -2),0,1.0,False,0.0,-2.0,1.0,6.2955,8.3,7.8,8.18,2022
2022,RA-684,0.0,0,0.0,7,Masculino,2022,Pública,Topázio,8.26,10.0,9.3,7.5,9.5,8.1,,7.917,9.0,9.6,,Não atendido,Não,Não,,False,Adequado (≥ 0),0,0.0,False,0.0,0.0,0.0,7.4277,6.5,8.1,5.84,2022
2022,RA-686,0.0,1,-1.0,9,Feminino,2022,Pública,Ametista,7.729,5.0,8.8,8.6,7.5,8.1,,8.083,9.2,8.5,,Sem limitações,Não,Não,,False,Moderada (-1 a -2),0,1.0,False,1.0,-1.0,1.0,7.9642,8.0,9.0,8.56,2022
2022,RA-687,0.0,1,-1.0,9,Masculino,2022,Pública,Ametista,7.703,5.0,8.3,9.0,8.5,8.1,,8.0,9.0,7.5,,Sem limitações,Não,Não,,False,Moderada (-1 a -2),0,1.0,False,1.0,-1.0,1.0,7.617533333,6.9,9.0,8.226666667,2022
2022,RA-688,0.0,1,-1.0,9,Masculino,2022,Pública,Ametista,7.771,5.0,7.9,9.7,8.5,7.5,,7.917,8.0,7.8,,Sem limitações,Não,Não,,False,Moderada (-1 a -2),0,1.0,False,1.0,-1.0,1.0,8.0442,8.6,9.3,8.06,2022
2022,RA-690,0.0,1,-1.0,9,Feminino,2022,Pública,Ametista,7.541,5.0,7.0,9.5,9.5,7.5,,7.417,7.2,6.8,,Requer avaliação,Não,Não,,False,Moderada (-1 a -2),0,1.0,False,0.0,-2.0,1.0,8.6112,9.1,9.8,10.01,2022
2022,RA-692,0.0,1,-1.0,9,Feminino,2021,Pública,Ametista,7.569,5.0,6.9,8.9,9.5,8.1,,7.917,7.0,6.8,,Sem limitações,Não,Não,Ametista,False,Moderada (-1 a -2),1,1.0,False,1.0,-1.0,1.0,6.588466667,4.6,7.7,7.39,2022
2022,RA-693,0.0,0,0.0,7,Feminino,2022,Pública,Ametista,7.944,10.0,5.7,9.8,9.5,8.1,,7.667,5.0,6.3,,Sem limitações,Não,Não,,False,Adequado (≥ 0),0,0.0,False,0.0,0.0,0.0,9.0112,8.5,9.4,10.01,2022
2022,RA-696,0.0,1,-1.0,9,Feminino,2021,Pública,Ametista,7.441,5.0,6.6,9.0,8.5,7.5,,8.167,6.5,6.7,,Sem limitações,Não,Não,Ametista,False,Moderada (-1 a -2),1,1.0,False,1.0,0.0,0.0,7.172666667,6.7,9.4,8.503333333,2022
2022,RA-698,0.0,1,-1.0,9,Masculino,2021,Pública,Ametista,7.44,5.0,8.1,9.8,9.0,2.5,,8.083,8.0,8.2,,Requer avaliação,Não,Não,Ametista,False,Moderada (-1 a -2),1,1.0,False,1.0,0.0,0.0,7.553616667,5.7,9.9,8.113333333,2022
2022,RA-699,0.0,1,-1.0,9,Masculino,2022,Pública,Ágata,6.658,5.0,7.1,9.2,5.2,7.5,,6.0,7.5,6.7,,Sem limitações,Não,Não,,False,Moderada (-1 a -2),0,1.0,False,1.0,-1.0,1.0,6.389991667,6.0,8.3,6.173333333,2022
2022,RA-700,0.0,1,-1.0,9,Feminino,2022,Pública,Ametista,7.738,5.0,9.2,8.7,9.0,7.5,,7.083,9.2,9.2,,Não atendido,Não,Não,,False,Moderada (-1 a -2),0,1.0,False,0.0,-1.0,1.0,8.2852,7.8,9.7,9.84,2022
2022,RA-701,0.0,2,-2.0,10,Masculino,2021,Pública,Ametista,7.755,5.0,8.7,9.3,9.0,7.5,,7.417,8.7,8.7,,Não indicado,Não,Não,Ametista,False,Moderada (-1 a -2),1,1.0,False,0.0,-2.0,1.0,7.3982,7.2,9.9,7.68,2022
2022,RA-702,0.0,0,0.0,8,Feminino,2022,Pública,Ametista,7.387,10.0,6.8,8.6,10.0,5.0,,7.0,7.0,6.7,,Não indicado,Não,Não,,False,Adequado (≥ 0),0,0.0,False,0.0,-1.0,1.0,8.239866667,9.3,10.0,7.833333333,2022
2022,RA-703,0.0,2,-2.0,10,Masculino,2021,Pública,Ágata,6.099,5.0,5.1,7.4,7.5,5.0,,6.833,5.3,4.8,,Não indicado,Não,Não,Quartzo,False,Moderada (-1 a -2),1,1.0,False,0.0,-2.0,1.0,6.2737,4.6,8.4,6.16,2022
2022,RA-704,0.0,2,-2.0,10,Masculino,2022,Pública,Ágata,6.741,5.0,7.2,8.6,9.0,5.0,,6.583,7.7,6.6,,Não atendido,Não,Não,,False,Moderada (-1 a -2),0,1.0,False,0.0,-2.0,1.0,6.8297,6.1,9.9,6.265,2022
2022,RA-705,0.0,2,-2.0,10,Masculino,2022,Pública,Ágata,6.634,5.0,7.1,6.2,9.5,7.5,,6.333,7.0,7.2,,Não atendido,Não,Não,,False,Moderada (-1 a -2),0,1.0,False,0.0,-2.0,1.0,6.982,8.8,8.3,8.165,2022
2022,RA-706,0.0,2,-2.0,10,Feminino,2021,Pública,Ametista,7.659,5.0,9.1,6.7,9.5,7.5,,8.417,9.1,9.1,,Não atendido,Não,Sim,Ágata,False,Moderada (-1 a -2),1,1.0,False,0.0,-2.0,1.0,7.1527,7.3,7.8,8.08,2022
2022,RA-707,0.0,2,-2.0,10,Feminino,2020,Pública,Ametista,7.679,5.0,8.5,8.1,10.0,6.9,,8.083,8.8,8.2,,Não atendido,Não,Não,Ágata,False,Moderada (-1 a -2),2,1.0,False,1.0,-1.0,1.0,6.518,6.5,9.8,7.946666667,2022
2022,RA-708,0.0,1,-1.0,9,Masculino,2022,Pública,Ametista,7.282,5.0,7.3,8.4,8.0,7.5,,7.583,7.1,7.6,,Não atendido,Não,Não,Topázio,False,Moderada (-1 a -2),0,1.0,False,0.0,-1.0,1.0,7.5105,9.2,9.8,8.28,2022
2022,RA-709,0.0,2,-2.0,10,Feminino,2022,Pública,Quartzo,5.313,5.0,2.3,3.5,9.5,7.5,,7.083,2.3,2.3,,Não atendido,Não,Não,,False,Moderada (-1 a -2),0,1.0,False,0.0,-2.0,1.0,6.6927,4.9,7.9,6.59,2022
2022,RA-710,0.0,2,-2.0,10,Masculino,2020,Pública,Ametista,7.285,5.0,6.9,8.9,9.5,5.0,,8.0,7.0,6.8,,Não atendido,Não,Não,Ametista,False,Moderada (-1 a -2),2,1.0,False,1.0,-1.0,1.0,7.0582,6.5,9.0,7.113333333,2022
2022,RA-712,0.0,2,-2.0,11,Masculino,2019,Pública,Ágata,6.026,5.0,8.0,5.1,8.0,5.0,,5.833,8.7,7.3,,Não indicado,Não,Não,Quartzo,False,Moderada (-1 a -2),3,1.0,False,1.0,-2.0,1.0,6.331533333,6.7,5.6,6.836666667,2022
2022,RA-713,0.0,1,-1.0,9,Masculino,2021,Pública,Ametista,7.42,5.0,7.8,8.7,10.0,7.5,,7.25,8.0,7.7,,Não atendido,Não,Não,Ametista,False,Moderada (-1 a -2),1,1.0,False,1.0,-1.0,1.0,7.408033333,7.5,9.6,8.166666667,2022
2022,RA-714,0.0,2,-2.0,11,Masculino,2019,Pública,Ágata,6.953,5.0,8.0,6.9,9.0,5.6,,7.25,8.5,7.5,,Não indicado,Não,Não,Ametista,False,Moderada (-1 a -2),3,1.0,False,1.0,-2.0,1.0,6.078666667,7.4,8.0,7.223333333,2022
2022,RA-715,0.0,1,-1.0,9,Feminino,2022,Pública,Ágata,6.656,5.0,4.9,8.7,8.5,4.4,,7.917,4.8,5.0,,Não indicado,Não,Não,,False,Moderada (-1 a -2),0,1.0,False,0.0,-2.0,1.0,5.8915,5.4,9.5,7.675,2022
2022,RA-716,0.0,1,-1.0,9,Masculino,2022,Pública,Ágata,6.525,5.0,6.7,8.1,8.9,7.5,,5.417,7.3,6.0,,Não atendido,Não,Não,,False,Moderada (-1 a -2),0,1.0,False,1.0,-1.0,1.0,6.813366667,5.6,8.7,7.443333333,2022
2022,RA-717,0.0,2,-2.0,10,Feminino,2021,Pública,Ágata,6.832,5.0,5.4,7.3,9.0,7.5,,7.917,5.0,5.8,,Não atendido,Não,Não,Ametista,False,Moderada (-1 a -2),1,1.0,False,1.0,-1.0,1.0,6.633833333,5.9,8.5,8.446666667,2022
2022,RA-718,0.0,0,0.0,8,Feminino,2022,Pública,Topázio,8.093,10.0,9.2,8.9,8.0,6.3,,7.417,9.2,9.2,,Sem limitações,Não,Não,,False,Adequado (≥ 0),0,0.0,False,1.0,0.0,0.0,8.166866667,7.8,9.1,8.39,2022
2022,RA-719,0.0,2,-2.0,10,Feminino,2021,Pública,Quartzo,5.552,5.0,4.2,4.6,9.0,7.5,,6.083,5.0,3.3,,Não atendido,Não,Não,Quartzo,False,Moderada (-1 a -2),1,1.0,False,0.0,-2.0,1.0,6.4137,5.9,5.3,7.095,2022
2022,RA-721,0.0,0,0.0,8,Feminino,2021,Pública,Ametista,7.973,10.0,7.6,8.1,9.5,7.5,,7.917,8.2,7.0,,Não atendido,Não,Não,Topázio,False,Adequado (≥ 0),1,0.0,False,1.0,0.0,0.0,8.683366667,8.4,9.5,8.443333333,2022
2022,RA-722,0.0,1,-1.0,9,Feminino,2021,Pública,Ametista,7.41,5.0,8.1,8.1,10.0,4.4,,8.333,7.8,8.3,,Sem limitações,Não,Não,Topázio,False,Moderada (-1 a -2),1,1.0,False,1.0,-1.0,1.0,7.3387,6.4,9.6,8.67,2022
2022,RA-725,0.0,0,0.0,8,Masculino,2022,Pública,Ágata,6.33,10.0,5.0,5.9,8.0,8.1,,5.5,4.0,6.0,,Não atendido,Não,Não,,False,Adequado (≥ 0),0,0.0,False,0.0,-1.0,1.0,8.117366667,8.4,9.0,8.113333333,2022
2022,RA-726,0.0,0,0.0,7,Feminino,2022,Pública,Ágata,6.985,10.0,4.4,7.5,10.0,7.5,,6.583,5.8,3.0,,Não atendido,Não,Não,,False,Adequado (≥ 0),0,0.0,False,0.0,0.0,0.0,7.3687,6.0,6.1,8.17,2022
2022,RA-727,0.0,0,0.0,8,Masculino,2022,Pública,Ametista,7.736,10.0,8.4,7.7,9.0,8.1,,6.75,9.3,7.4,,Não atendido,Não,Não,,False,Adequado (≥ 0),0,0.0,False,0.0,-1.0,1.0,7.6802,8.0,8.8,9.34,2022
2022,RA-729,0.0,0,0.0,8,Feminino,2022,Pública,Topázio,8.155,10.0,8.1,8.7,10.0,8.1,,7.25,8.5,7.8,,Não atendido,Não,Não,,False,Adequado (≥ 0),0,0.0,False,0.0,-1.0,1.0,7.26545,8.6,9.1,7.01,2022
2022,RA-730,0.0,2,-2.0,10,Feminino,2021,Pública,Ametista,7.902,5.0,8.3,8.2,10.0,8.8,,8.25,8.7,8.0,,Não atendido,Não,Não,Ametista,False,Moderada (-1 a -2),1,1.0,False,1.0,-1.0,1.0,7.979325,7.8,8.7,8.67,2022
2022,RA-731,0.0,2,-2.0,10,Feminino,2019,Pública,Ametista,7.151,5.0,7.3,8.5,9.0,6.9,,7.083,7.3,7.2,,Requer avaliação,Não,Não,Ágata,False,Moderada (-1 a -2),3,1.0,False,1.0,-1.0,1.0,6.7742,6.8,7.6,7.45,2022
2022,RA-733,0.0,1,-1.0,9,Feminino,2022,Pública,Ágata,6.684,5.0,5.1,8.5,9.5,5.6,,6.917,6.0,4.2,,Sem limitações,Não,Não,,False,Moderada (-1 a -2),0,1.0,False,1.0,0.0,0.0,8.3342,6.2,8.7,8.893333333,2022
2022,RA-734,0.0,2,-2.0,10,Feminino,2022,Pública,Ágata,6.952,5.0,7.3,7.2,9.5,5.6,,7.417,8.0,6.5,,Sem limitações,Não,Não,,False,Moderada (-1 a -2),0,1.0,False,1.0,-1.0,1.0,7.305908333,6.9,8.0,7.446666667,2022
2022,RA-735,0.0,2,-2.0,10,Feminino,2021,Pública,Ametista,7.485,5.0,7.3,9.0,9.0,5.6,,8.583,7.8,6.7,,Sem limitações,Não,Sim,Ametista,False,Moderada (-1 a -2),1,1.0,False,1.0,-1.0,1.0,7.184,8.1,9.0,8.393333333,2022
2022,RA-736,0.0,2,-2.0,10,Masculino,2022,Pública,Ágata,6.707,5.0,5.4,8.5,9.0,5.6,,7.0,4.7,6.2,,Sem limitações,Não,Não,,False,Moderada (-1 a -2),0,1.0,False,1.0,-1.0,1.0,7.600033333,6.7,9.5,8.11,2022
2022,RA-737,0.0,1,-1.0,9,Feminino,2022,Pública,Ametista,8.058,5.0,9.0,9.2,9.5,5.6,,9.167,8.5,9.5,,Sem limitações,Não,Sim,,False,Moderada (-1 a -2),0,1.0,False,1.0,0.0,0.0,8.048033333,7.5,7.8,7.783333333,2022
2022,RA-738,0.0,0,0.0,8,Feminino,2022,Pública,Ametista,7.227,10.0,5.7,8.1,8.5,5.6,,7.5,7.7,3.7,,Sem limitações,Não,Não,,False,Adequado (≥ 0),0,0.0,False,1.0,0.0,0.0,8.123283333,6.0,9.3,8.336666667,2022
2022,RA-739,0.0,0,0.0,8,Masculino,2022,Pública,Ágata,6.82,10.0,5.9,7.3,6.4,5.6,,7.083,6.0,5.8,,Sem limitações,Não,Não,,False,Adequado (≥ 0),0,0.0,False,0.0,-1.0,1.0,7.5972,7.6,8.3,8.25,2022
2022,RA-740,0.0,1,-1.0,9,Feminino,2022,Pública,Ametista,7.218,5.0,7.2,9.0,8.5,5.6,,7.5,7.3,7.0,,Sem limitações,Não,Não,,False,Moderada (-1 a -2),0,1.0,False,0.0,-2.0,1.0,7.2845,9.1,8.7,8.925,2022
2022,RA-741,0.0,2,-2.0,10,Feminino,2022,Pública,Ágata,6.896,5.0,6.3,8.4,9.5,5.6,,7.417,7.3,5.2,,Sem limitações,Não,Não,,False,Moderada (-1 a -2),0,1.0,False,0.0,-2.0,1.0,6.2707,5.1,6.9,7.095,2022
2022,RA-742,0.0,1,-1.0,9,Feminino,2022,Pública,Ametista,7.097,5.0,7.3,8.7,8.5,5.0,,7.5,8.3,6.2,,Sem limitações,Não,Não,,False,Moderada (-1 a -2),0,1.0,False,0.0,-2.0,1.0,7.024,7.5,7.6,10.01,2022
2022,RA-743,0.0,1,-1.0,9,Feminino,2022,Pública,Ágata,6.672,5.0,4.8,7.9,10.0,5.6,,7.5,4.8,4.8,,Sem limitações,Não,Não,,False,Moderada (-1 a -2),0,1.0,False,0.0,-2.0,1.0,6.659,7.1,9.1,9.01,2022
2022,RA-745,0.0,1,-1.0,9,Masculino,2021,Privada / bolsa,Ametista,7.382,5.0,8.1,8.5,9.0,5.6,,7.75,8.5,7.7,,Sem limitações,Não,Não,Topázio,False,Moderada (-1 a -2),1,1.0,False,1.0,-1.0,1.0,7.668366667,7.0,9.3,8.893333333,2022
2022,RA-746,0.0,0,0.0,8,Masculino,2022,Pública,Ametista,7.656,10.0,7.2,9.1,8.0,5.6,,7.417,7.7,6.7,,Sem limitações,Não,Não,,False,Adequado (≥ 0),0,0.0,False,1.0,0.0,0.0,6.517166667,7.2,8.0,7.113333333,2022
2022,RA-747,0.0,2,-2.0,11,Feminino,2022,Pública,Ametista,7.676,5.0,8.8,7.6,10.0,7.5,,7.917,8.2,9.4,,Não atendido,Sim,Não,,False,Moderada (-1 a -2),0,1.0,False,1.0,-1.0,1.0,6.026366667,3.1,8.0,6.94,2022
2022,RA-748,0.0,1,-1.0,9,Masculino,2022,Pública,Topázio,8.084,5.0,9.1,9.0,10.0,7.5,,8.25,9.6,8.6,,Não atendido,Sim,Não,,False,Moderada (-1 a -2),0,1.0,False,0.0,-2.0,1.0,8.7142,9.1,9.7,10.01,2022
2022,RA-749,0.0,1,-1.0,9,Masculino,2022,Pública,Ametista,7.484,5.0,8.8,7.7,9.5,7.5,,7.25,9.5,8.1,,Não atendido,Não,Não,,False,Moderada (-1 a -2),0,1.0,False,0.0,-1.0,1.0,7.7597,7.3,9.0,8.425,2022
2022,RA-750,0.0,2,-2.0,10,Masculino,2019,Pública,Ágata,6.344,5.0,6.8,8.9,9.5,4.4,,5.167,7.1,6.4,,Não indicado,Não,Não,Ágata,False,Moderada (-1 a -2),3,1.0,False,0.0,-2.0,1.0,5.6857,3.4,7.7,6.32,2022
2022,RA-752,0.0,2,-2.0,11,Feminino,2022,Pública,Topázio,8.197,5.0,9.5,9.0,10.0,7.5,,8.417,9.6,9.4,,Não atendido,Sim,Sim,,False,Moderada (-1 a -2),0,1.0,False,1.0,-1.0,1.0,8.073825,6.4,9.9,9.23,2022
2022,RA-753,0.0,0,0.0,8,Feminino,2022,Pública,Topázio,8.481,10.0,9.1,8.6,9.5,7.5,,8.417,9.4,8.8,,Não atendido,Sim,Sim,,False,Adequado (≥ 0),0,0.0,False,0.0,-1.0,1.0,8.6672,9.0,9.9,9.925,2022
2022,RA-754,0.0,1,-1.0,9,Masculino,2022,Pública,Ágata,6.602,5.0,7.9,5.8,10.0,4.4,,6.917,7.8,8.1,,Não indicado,Não,Não,,False,Moderada (-1 a -2),0,1.0,False,0.0,-2.0,1.0,6.0537,5.6,6.1,6.67,2022
2022,RA-755,0.0,0,0.0,8,Masculino,2022,Pública,Topázio,8.566,10.0,9.5,9.2,9.5,6.9,,8.083,9.8,9.3,,Não atendido,Sim,Não,,False,Adequado (≥ 0),0,0.0,False,0.0,-1.0,1.0,8.7442,9.2,9.5,10.01,2022
2022,RA-756,0.0,1,-1.0,9,Masculino,2022,Pública,Ágata,6.976,5.0,5.7,7.9,10.0,7.5,,7.25,5.6,5.8,,Não atendido,Não,Não,,False,Moderada (-1 a -2),0,1.0,False,0.0,-2.0,1.0,7.0927,6.1,8.7,6.59,2022
2022,RA-757,0.0,1,-1.0,9,Feminino,2022,Pública,Topázio,8.26,5.0,9.7,9.3,9.5,7.5,,8.5,9.9,9.6,,Não atendido,Sim,Sim,,False,Moderada (-1 a -2),0,1.0,False,0.0,-2.0,1.0,8.6742,9.3,9.6,10.01,2022
2022,RA-760,0.0,2,-2.0,11,Masculino,2021,Pública,Topázio,8.172,5.0,8.8,9.2,9.0,7.5,,8.917,9.3,8.2,,Não atendido,Não,Sim,Ametista,False,Moderada (-1 a -2),1,1.0,False,2.0,-1.0,1.0,6.548333333,6.3,8.8,7.84,2022
2022,RA-761,0.0,1,-1.0,9,Masculino,2022,Pública,Topázio,8.06,5.0,8.2,9.4,10.0,7.5,,8.25,8.8,7.5,,Não atendido,Não,Não,,False,Moderada (-1 a -2),0,1.0,False,1.0,-1.0,1.0,8.219533333,8.4,9.7,8.12,2022
2022,RA-762,0.0,3,-3.0,12,Masculino,2022,Pública,Ametista,7.28,2.5,6.7,9.7,10.0,7.5,,7.083,7.3,6.0,,Não atendido,Não,Não,,False,Severa (≤ -3),0,1.0,False,1.0,-2.0,1.0,7.09945,5.8,9.1,7.67,2022
2022,RA-763,0.0,2,-2.0,10,Feminino,2021,Pública,Ametista,7.402,5.0,6.5,9.7,9.5,7.5,,7.167,6.3,6.7,,Não atendido,Não,Não,Ágata,False,Moderada (-1 a -2),1,1.0,False,0.0,-2.0,1.0,6.7215,7.9,9.2,9.0,2022
2022,RA-764,0.0,0,0.0,8,Masculino,2022,Pública,Ametista,8.004,10.0,7.5,8.8,9.0,7.5,,7.667,7.2,7.8,,Não atendido,Não,Não,,False,Adequado (≥ 0),0,0.0,False,1.0,0.0,0.0,7.682125,7.8,9.2,8.56,2022
2022,RA-766,0.0,2,-2.0,11,Feminino,2020,Pública,Topázio,8.185,5.0,8.7,9.5,10.0,7.5,,8.333,8.5,8.8,,Não atendido,Não,Não,Ametista,False,Moderada (-1 a -2),2,1.0,False,1.0,-1.0,1.0,8.008408333,8.7,8.7,8.336666667,2022
2022,RA-767,0.0,2,-2.0,10,Masculino,2021,Pública,Ametista,7.511,5.0,7.0,9.0,9.5,7.5,,7.583,7.3,6.7,,Não atendido,Não,Não,Ametista,False,Moderada (-1 a -2),1,1.0,False,1.0,-1.0,1.0,7.3807,6.3,8.3,7.446666667,2022
2022,RA-768,0.0,2,-2.0,10,Feminino,2021,Pública,Ametista,7.646,5.0,7.1,10.0,9.0,7.5,,7.583,7.0,7.2,,Não atendido,Não,Não,Ametista,False,Moderada (-1 a -2),1,1.0,False,0.0,-2.0,1.0,8.4042,7.9,9.1,10.01,2022
2022,RA-769,0.0,1,-1.0,9,Feminino,2022,Pública,Ametista,7.598,5.0,7.9,7.5,10.0,7.5,,8.5,9.6,6.2,,Não avaliado,Sim,Sim,,False,Moderada (-1 a -2),0,1.0,False,0.0,-2.0,1.0,7.85345,8.0,9.3,8.675,2022
2022,RA-770,0.0,0,0.0,7,Masculino,2022,Pública,Topázio,8.143,10.0,8.3,8.9,9.5,7.5,,7.333,8.5,8.1,,Não avaliado,Não,Não,,False,Adequado (≥ 0),0,0.0,False,0.0,0.0,0.0,6.6785,5.9,8.3,8.92,2022
2022,RA-771,0.0,0,0.0,7,Feminino,2022,Pública,Ametista,7.873,10.0,7.0,8.3,10.0,7.5,,7.5,7.2,6.9,,Não avaliado,Não,Não,,False,Adequado (≥ 0),0,0.0,False,0.0,0.0,0.0,7.056,8.2,8.8,8.585,2022
2022,RA-772,0.0,2,-2.0,11,Masculino,2021,Pública,Ágata,6.994,5.0,9.2,5.4,9.0,7.5,,7.25,9.3,9.2,,Não avaliado,Não,Não,Quartzo,False,Moderada (-1 a -2),1,1.0,False,1.0,-2.0,1.0,5.930166667,4.8,7.2,8.003333333,2022
2022,RA-773,0.0,1,-1.0,9,Feminino,2022,Pública,Ágata,6.922,5.0,8.1,6.8,10.0,5.0,,7.083,9.3,6.8,,Não indicado,Não,Não,,False,Moderada (-1 a -2),0,1.0,False,0.0,-1.0,1.0,6.9287,7.9,7.5,7.67,2022
2022,RA-774,0.0,0,0.0,8,Feminino,2022,Pública,Ametista,7.587,10.0,6.1,7.8,10.0,7.5,,7.417,7.8,4.4,,Não avaliado,Não,Não,,False,Adequado (≥ 0),0,0.0,False,0.0,-1.0,1.0,5.852,6.9,9.5,6.34,2022
2022,RA-776,0.0,1,-1.0,9,Feminino,2022,Pública,Quartzo,3.898,5.0,1.7,4.3,0.0,4.4,,6.333,0.0,3.3,,Requer avaliação,Não,Não,,False,Moderada (-1 a -2),0,1.0,False,1.0,-1.0,1.0,5.567916667,3.5,7.0,7.223333333,2022
2022,RA-777,0.0,0,0.0,8,Masculino,2022,Pública,Ametista,7.096,10.0,5.3,7.7,8.0,7.5,,7.0,6.5,4.0,,Não atendido,Não,Não,,False,Adequado (≥ 0),0,0.0,False,1.0,0.0,0.0,7.468125,6.3,9.3,8.84,2022
2022,RA-778,0.0,1,-1.0,9,Feminino,2021,Pública,Ametista,7.432,5.0,7.1,6.7,10.0,7.5,,8.833,6.0,8.2,,Não atendido,Não,Sim,Topázio,False,Moderada (-1 a -2),1,1.0,False,1.0,-1.0,1.0,7.926825,8.2,7.9,8.62,2022
2022,RA-780,0.0,1,-1.0,9,Feminino,2022,Pública,Ágata,6.955,5.0,6.9,7.6,8.0,7.5,,7.167,6.3,7.5,,Não atendido,Não,Não,,False,Moderada (-1 a -2),0,1.0,False,0.0,-2.0,1.0,7.7842,8.3,8.8,8.675,2022
2022,RA-781,0.0,1,-1.0,9,Feminino,2021,Pública,Ametista,7.786,5.0,8.3,8.9,10.0,7.5,,7.75,8.0,8.5,,Não atendido,Não,Não,Topázio,False,Moderada (-1 a -2),1,1.0,False,1.0,-1.0,1.0,8.209283333,7.9,9.8,9.116666667,2022
2022,RA-782,0.0,0,0.0,8,Masculino,2022,Pública,Ametista,7.485,10.0,6.0,8.4,9.5,7.5,,7.0,5.7,6.3,,Não atendido,Não,Não,,False,Adequado (≥ 0),0,0.0,False,0.0,-1.0,1.0,7.6812,7.5,9.8,9.345,2022
2022,RA-783,0.0,0,0.0,8,Masculino,2021,Pública,Ágata,6.996,10.0,6.0,5.8,9.5,7.5,,6.917,4.7,7.3,,Não atendido,Não,Não,Ametista,False,Adequado (≥ 0),1,0.0,False,0.0,-1.0,1.0,7.2922,8.9,6.8,7.925,2022
2022,RA-784,0.0,1,-1.0,9,Masculino,2022,Pública,Topázio,8.34,5.0,8.2,10.0,9.5,7.5,,9.25,7.8,8.5,,Não atendido,Não,Sim,,False,Moderada (-1 a -2),0,1.0,False,1.0,-1.0,1.0,8.171366667,7.3,9.5,8.783333333,2022
2022,RA-785,0.0,1,-1.0,9,Feminino,2022,Pública,Ametista,7.642,5.0,8.4,8.6,9.0,7.5,,7.667,8.8,8.0,,Não atendido,Não,Não,,False,Moderada (-1 a -2),0,1.0,False,1.0,-1.0,1.0,8.137866667,8.8,8.5,8.67,2022
2022,RA-787,0.0,0,0.0,8,Masculino,2022,Pública,Ametista,7.205,10.0,3.4,9.5,8.5,7.5,,7.25,4.2,2.7,,Não atendido,Não,Não,,False,Adequado (≥ 0),0,0.0,False,0.0,-1.0,1.0,7.5227,5.9,9.8,8.34,2022
2022,RA-788,0.0,0,0.0,8,Masculino,2021,Privada / bolsa,Topázio,8.264,10.0,8.0,9.3,10.0,5.6,,8.667,7.8,8.2,,Requer avaliação,Não,Sim,Topázio,False,Adequado (≥ 0),1,0.0,False,1.0,0.0,0.0,7.806091667,6.9,9.8,8.283333333,2022
2022,RA-789,0.0,0,0.0,7,Feminino,2022,Pública,Ametista,7.405,10.0,4.2,9.4,9.0,7.5,,7.417,3.7,4.7,,Não atendido,Não,Não,,False,Adequado (≥ 0),0,0.0,False,0.0,0.0,0.0,7.974,7.9,9.5,10.01,2022
2022,RA-790,0.0,2,-2.0,11,Feminino,2022,Pública,Ametista,7.504,5.0,7.8,8.9,9.0,7.5,,7.417,8.5,7.2,,Não atendido,Não,Não,,False,Moderada (-1 a -2),0,1.0,False,1.0,-2.0,1.0,6.707666667,7.4,8.1,8.286666667,2022
2022,RA-791,0.0,2,-2.0,11,Feminino,2022,Pública,Ametista,7.507,5.0,6.5,8.7,9.5,7.5,,8.5,6.3,6.7,,Não atendido,Não,Sim,,False,Moderada (-1 a -2),0,1.0,False,1.0,-2.0,1.0,6.247916667,5.3,8.1,7.723333333,2022
2022,RA-792,0.0,1,-1.0,9,Feminino,2022,Pública,Ágata,7.025,5.0,6.2,8.0,9.5,7.5,,7.167,6.5,5.8,,Não atendido,Não,Não,,False,Moderada (-1 a -2),0,1.0,False,0.0,-2.0,1.0,7.6267,7.2,7.7,9.085,2022
2022,RA-794,0.0,0,0.0,8,Feminino,2022,Pública,Ametista,7.335,10.0,4.1,8.9,9.5,7.5,,7.333,3.7,4.5,,Não atendido,Não,Não,,False,Adequado (≥ 0),0,0.0,False,0.0,-1.0,1.0,7.9842,6.2,9.2,10.01,2022
2022,RA-795,0.0,0,0.0,8,Feminino,2022,Pública,Topázio,8.064,10.0,7.3,9.7,9.0,7.5,,7.333,8.0,6.5,,Não atendido,Não,Não,,False,Adequado (≥ 0),0,0.0,False,0.0,-1.0,1.0,8.4642,8.2,9.6,10.01,2022
2022,RA-796,0.0,2,-2.0,10,Feminino,2022,Pública,Ametista,7.232,5.0,5.4,9.3,9.5,7.5,,7.667,5.8,5.0,,Não atendido,Não,Não,,False,Moderada (-1 a -2),0,1.0,False,1.0,-1.0,1.0,7.462866667,5.5,9.8,8.336666667,2022
2022,RA-797,0.0,2,-2.0,10,Masculino,2021,Pública,Ametista,7.217,5.0,7.3,8.5,9.0,7.5,,7.5,8.2,6.5,,Não atendido,Não,Não,Ágata,False,Moderada (-1 a -2),1,1.0,False,1.0,-1.0,1.0,7.373033333,7.5,8.6,7.233333333,2022
2022,RA-798,0.0,2,-2.0,10,Masculino,2022,Pública,Ametista,7.049,5.0,6.3,8.3,8.0,7.5,,7.667,7.0,5.7,,Não atendido,Não,Não,,False,Moderada (-1 a -2),0,1.0,False,1.0,-1.0,1.0,7.018033333,6.1,8.1,6.95,2022
2022,RA-799,0.0,2,-2.0,10,Feminino,2022,Pública,Ametista,7.676,5.0,7.8,9.6,8.0,7.5,,7.917,8.5,7.2,,Não atendido,Não,Não,,False,Moderada (-1 a -2),0,1.0,False,1.0,-1.0,1.0,8.061533333,8.3,9.6,8.17,2022
2022,RA-801,0.0,1,-1.0,9,Masculino,2022,Pública,Ágata,6.644,5.0,6.8,6.6,7.0,7.5,,7.5,7.2,6.3,,Não atendido,Não,Não,,False,Moderada (-1 a -2),0,1.0,False,1.0,0.0,0.0,6.8735,7.6,7.5,7.12,2022
2022,RA-802,0.0,1,-1.0,9,Masculino,2021,Pública,Ametista,7.831,5.0,8.3,9.0,9.0,7.5,,8.333,9.0,7.5,,Não atendido,Não,Não,Ametista,False,Moderada (-1 a -2),1,1.0,False,1.0,-1.0,1.0,8.126866667,9.4,9.3,7.506666667,2022
2022,RA-804,0.0,2,-2.0,10,Masculino,2022,Pública,Ágata,6.848,5.0,4.8,8.4,10.0,6.3,,7.667,5.5,4.0,,Não atendido,Não,Não,,False,Moderada (-1 a -2),0,1.0,False,1.0,-1.0,1.0,7.2352,6.9,8.6,7.173333333,2022
2022,RA-805,0.0,0,0.0,8,Masculino,2021,Pública,Topázio,8.279,10.0,8.8,9.0,9.5,7.5,,7.333,8.7,8.9,,Sem limitações,Não,Não,Ametista,False,Adequado (≥ 0),1,0.0,False,0.0,-1.0,1.0,6.492,6.8,9.1,7.175,2022
2022,RA-806,0.0,0,0.0,8,Masculino,2022,Pública,Ametista,7.561,10.0,6.6,7.3,9.5,7.5,,7.917,5.0,8.2,,Sem limitações,Não,Não,,False,Adequado (≥ 0),0,0.0,False,0.0,-1.0,1.0,7.2937,7.8,8.3,7.095,2022
2022,RA-807,0.0,0,0.0,8,Masculino,2022,Pública,Topázio,8.121,10.0,9.0,8.7,9.5,6.3,,7.5,9.5,8.6,,Sem limitações,Não,Não,,False,Adequado (≥ 0),0,0.0,False,0.0,-1.0,1.0,7.8632,8.0,9.1,8.08,2022
2022,RA-808,0.0,0,0.0,8,Masculino,2022,Pública,Topázio,8.361,10.0,9.3,9.1,10.0,6.3,,8.0,9.7,8.8,,Sem limitações,Não,Não,,False,Adequado (≥ 0),0,0.0,False,0.0,-1.0,1.0,8.1932,8.7,10.0,9.755,2022
2022,RA-810,0.0,0,0.0,8,Masculino,2021,Pública,Ametista,7.887,10.0,9.6,9.1,8.5,5.0,,7.25,9.7,9.5,,Não indicado,Não,Não,Ametista,False,Adequado (≥ 0),1,0.0,False,1.0,0.0,0.0,7.782866667,6.9,8.5,7.836666667,2022
2022,RA-812,0.0,0,0.0,8,Masculino,2022,Pública,Ametista,7.497,10.0,7.4,8.1,9.0,5.6,,7.333,8.3,6.6,,Sem limitações,Não,Não,,False,Adequado (≥ 0),0,0.0,False,0.0,0.0,0.0,8.0357,5.8,9.1,8.33,2022
2022,RA-813,0.0,0,0.0,8,Masculino,2022,Pública,Ametista,7.093,10.0,6.0,6.5,9.5,6.9,,7.417,6.7,5.3,,Sem limitações,Não,Não,,False,Adequado (≥ 0),0,0.0,False,1.0,0.0,0.0,7.5867,3.9,8.4,8.06,2022
2022,RA-814,0.0,1,-1.0,9,Masculino,2022,Pública,Ametista,7.592,5.0,7.5,9.0,8.9,6.9,,8.417,7.8,7.2,,Requer avaliação,Não,Sim,,False,Moderada (-1 a -2),0,1.0,False,1.0,-1.0,1.0,8.367866667,8.2,9.6,9.226666667,2022
2022,RA-815,0.0,1,-1.0,9,Masculino,2022,Pública,Ágata,6.81,5.0,6.5,7.9,10.0,5.6,,7.0,7.7,5.3,,Requer avaliação,Não,Não,,False,Moderada (-1 a -2),0,1.0,False,1.0,-1.0,1.0,6.122166667,6.5,8.6,7.063333333,2022
2022,RA-816,0.0,1,-1.0,9,Feminino,2022,Pública,Topázio,8.513,5.0,9.6,9.3,10.0,7.5,,9.417,9.5,9.7,,Sem limitações,Sim,Sim,,False,Moderada (-1 a -2),0,1.0,False,1.0,-1.0,1.0,8.5572,8.9,9.8,9.283333333,2022
2022,RA-817,0.0,0,0.0,8,Feminino,2022,Pública,Ametista,7.819,10.0,7.1,8.7,10.0,6.3,,7.417,7.7,6.5,,Requer avaliação,Não,Não,,False,Adequado (≥ 0),0,0.0,False,1.0,0.0,0.0,7.8597,5.4,8.8,7.89,2022
2022,RA-818,0.0,0,0.0,7,Masculino,2022,Pública,Ametista,7.483,10.0,6.2,7.3,9.5,7.5,,7.5,6.5,5.8,,Sem limitações,Não,Não,,False,Adequado (≥ 0),0,0.0,False,1.0,1.0,0.0,7.997366667,6.2,8.4,7.613333333,2022
2022,RA-819,0.0,0,0.0,8,Masculino,2022,Pública,Ametista,7.741,10.0,7.3,7.9,10.0,7.5,,7.333,8.0,6.5,,Sem limitações,Não,Não,,False,Adequado (≥ 0),0,0.0,False,1.0,0.0,0.0,7.944833333,9.5,8.3,8.893333333,2022
2022,RA-820,0.0,1,-1.0,9,Masculino,2022,Pública,Ametista,7.417,5.0,6.0,10.0,9.5,6.9,,7.583,7.7,4.3,,Sem limitações,Não,Não,,False,Moderada (-1 a -2),0,1.0,False,1.0,-1.0,1.0,7.85605,8.9,7.4,8.28,2022
2022,RA-822,0.0,2,-2.0,10,Masculino,2022,Pública,Ágata,6.922,5.0,6.1,8.4,8.0,7.5,,7.083,6.5,5.7,,Não atendido,Não,Não,,False,Moderada (-1 a -2),0,1.0,False,0.0,-2.0,1.0,6.4497,7.1,8.4,5.925,2022
2022,RA-826,0.0,0,0.0,8,Masculino,2022,Pública,Ametista,7.776,10.0,5.4,9.6,9.5,7.5,,7.5,4.3,6.5,,Não atendido,Não,Não,,False,Adequado (≥ 0),0,0.0,False,0.0,-1.0,1.0,7.77645,7.3,10.0,8.34,2022
2022,RA-827,0.0,2,-2.0,10,Feminino,2022,Pública,Ametista,7.412,5.0,7.6,7.0,9.5,7.5,,8.667,7.7,7.5,,Não atendido,Não,Sim,,False,Moderada (-1 a -2),0,1.0,False,1.0,-1.0,1.0,7.419925,8.1,8.1,8.73,2022
2022,RA-829,0.0,0,0.0,8,Feminino,2022,Pública,Ametista,8.003,10.0,7.8,8.6,9.0,7.5,,7.5,8.2,7.5,,Não atendido,Não,Não,,False,Adequado (≥ 0),0,0.0,False,1.0,0.0,0.0,8.532075,8.4,9.4,9.23,2022
2022,RA-830,0.0,1,-1.0,9,Feminino,2022,Pública,Ametista,7.234,5.0,6.0,8.6,10.0,7.5,,7.5,5.8,6.2,,Não atendido,Não,Não,,False,Moderada (-1 a -2),0,1.0,False,0.0,-1.0,1.0,6.78,8.3,8.9,9.505,2022
2022,RA-831,0.0,1,-1.0,9,Masculino,2022,Pública,Ametista,7.41,5.0,7.2,9.2,9.5,7.5,,7.167,7.3,7.0,,Não atendido,Não,Não,,False,Moderada (-1 a -2),0,1.0,False,0.0,-1.0,1.0,7.71645,8.3,9.4,8.59,2022
2022,RA-832,0.0,1,-1.0,9,Masculino,2022,Pública,Topázio,8.179,5.0,8.8,9.2,10.0,7.5,,8.833,8.8,8.8,,Não atendido,Não,Sim,,False,Moderada (-1 a -2),0,1.0,False,1.0,-1.0,1.0,8.2697,8.5,9.5,8.283333333,2022
2022,RA-833,0.0,1,-1.0,9,Masculino,2022,Pública,Ametista,7.791,5.0,7.8,9.5,10.0,7.5,,7.583,8.2,7.5,,Não atendido,Não,Não,,False,Moderada (-1 a -2),0,1.0,False,1.0,-1.0,1.0,7.81295,7.4,9.5,8.56,2022
2022,RA-834,0.0,1,-1.0,9,Masculino,2022,Pública,Topázio,8.136,5.0,9.0,9.0,9.0,7.5,,9.083,9.2,8.8,,Não atendido,Não,Sim,,False,Moderada (-1 a -2),0,1.0,False,1.0,-1.0,1.0,8.662616667,9.2,9.9,9.283333333,2022
2022,RA-835,0.0,0,0.0,8,Masculino,2022,Pública,Ametista,7.263,10.0,7.5,7.3,6.9,7.5,,6.667,7.6,7.3,,Não atendido,Não,Não,,False,Adequado (≥ 0),0,0.0,False,0.0,0.0,0.0,8.2467,8.7,8.5,7.835,2022
2022,RA-836,0.0,1,-1.0,9,Masculino,2022,Pública,Ametista,7.665,5.0,9.2,8.3,8.5,7.5,,7.583,9.0,9.3,,Não atendido,Não,Não,,False,Moderada (-1 a -2),0,1.0,False,0.0,-2.0,1.0,7.6417,6.7,9.6,8.085,2022
2022,RA-837,0.0,0,0.0,8,Masculino,2022,Pública,Topázio,8.207,10.0,8.8,9.0,8.5,7.5,,7.5,9.2,8.3,,Não atendido,Não,Não,,False,Adequado (≥ 0),0,0.0,False,1.0,0.0,0.0,8.2712,7.0,9.3,7.836666667,2022
2022,RA-840,0.0,0,0.0,8,Masculino,2022,Pública,Ametista,7.875,10.0,7.8,8.2,9.0,7.5,,7.5,9.6,5.9,,Não atendido,Não,Não,,False,Adequado (≥ 0),0,0.0,False,0.0,-1.0,1.0,7.7862,8.2,9.0,8.59,2022
2022,RA-841,0.0,2,-2.0,11,Masculino,2022,Pública,Ametista,7.3,5.0,7.2,8.5,8.5,7.5,,7.5,8.6,5.8,,Não atendido,Não,Não,,False,Moderada (-1 a -2),0,1.0,False,0.0,-2.0,1.0,6.78,6.9,7.2,9.84,2022
2022,RA-842,0.0,0,0.0,8,Feminino,2022,Pública,Ametista,7.952,10.0,9.1,8.3,7.5,7.5,,8.25,9.1,9.1,,Não atendido,Não,Não,,False,Adequado (≥ 0),0,0.0,False,0.0,-1.0,1.0,7.2117,7.9,8.5,8.01,2022
2022,RA-846,0.0,0,0.0,7,Feminino,2022,Pública,Ametista,7.412,10.0,5.9,7.2,9.0,7.5,,7.917,7.7,4.0,,Não atendido,Não,Não,,False,Adequado (≥ 0),0,0.0,False,0.0,0.0,0.0,7.4637,6.0,8.2,8.67,2022
2022,RA-847,0.0,1,-1.0,9,Masculino,2022,Pública,Ágata,6.839,5.0,7.7,8.2,7.9,4.4,,7.417,7.8,7.6,,Sem limitações,Não,Não,,False,Moderada (-1 a -2),0,1.0,False,0.0,-2.0,1.0,6.5418,7.6,9.1,5.84,2022
2022,RA-850,0.0,0,0.0,8,Masculino,2022,Pública,Ametista,7.641,10.0,8.5,7.3,10.0,7.5,,7.167,8.1,8.8,,Não atendido,Não,Não,,False,Adequado (≥ 0),0,0.0,False,0.0,-1.0,1.0,6.06525,7.3,7.9,6.265,2022
2022,RA-851,0.0,0,0.0,8,Masculino,2022,Pública,Ametista,7.515,10.0,8.3,7.9,9.0,7.5,,6.583,7.9,8.7,,Não atendido,Não,Não,,False,Adequado (≥ 0),0,0.0,False,0.0,-1.0,1.0,6.1683,6.6,7.5,6.01,2022
2022,RA-853,0.0,0,0.0,8,Feminino,2022,Pública,Topázio,8.616,10.0,8.5,9.6,10.0,7.5,,8.5,8.8,8.2,,Não atendido,Não,Sim,,False,Adequado (≥ 0),0,0.0,False,0.0,-1.0,1.0,7.8402,7.4,9.5,9.84,2022
2022,RA-854,0.0,0,0.0,8,Feminino,2022,Pública,Topázio,8.098,10.0,9.3,9.0,8.0,7.5,,7.167,9.5,9.0,,Não atendido,Não,Não,,False,Adequado (≥ 0),0,0.0,False,0.0,0.0,0.0,6.6415,6.0,9.5,8.01,2022
2022,RA-855,0.0,1,-1.0,9,Feminino,2022,Pública,Topázio,8.453,5.0,9.7,9.6,10.0,7.5,,9.0,9.7,9.6,,Não atendido,Não,Sim,,False,Moderada (-1 a -2),0,1.0,False,1.0,0.0,0.0,8.62995,6.8,10.0,8.67,2022
2022,RA-856,0.0,0,0.0,7,Masculino,2022,Pública,Topázio,8.398,10.0,8.4,9.1,10.0,7.5,,8.0,8.5,8.2,,Não atendido,Não,Não,,False,Adequado (≥ 0),0,0.0,False,0.0,0.0,0.0,7.3355,7.3,9.6,8.255,2022
2022,RA-857,0.0,1,-1.0,9,Feminino,2022,Pública,Topázio,8.154,5.0,9.5,8.9,8.5,7.5,,9.083,9.6,9.3,,Não atendido,Não,Sim,,False,Moderada (-1 a -2),0,1.0,False,0.0,-1.0,1.0,8.1442,8.5,9.0,9.01,2022
2022,RA-858,0.0,0,0.0,7,Masculino,2022,Pública,Ametista,7.523,10.0,7.7,7.1,10.0,5.6,,7.333,8.4,6.9,,Requer avaliação,Não,Não,,False,Adequado (≥ 0),0,0.0,False,0.0,0.0,0.0,7.248833333,9.3,8.1,7.946666667,2022
2022,RA-859,0.0,0,0.0,7,Feminino,2022,Pública,Topázio,8.325,10.0,8.9,8.7,8.5,7.5,,8.25,9.4,8.4,,Não atendido,Não,Não,,False,Adequado (≥ 0),0,0.0,False,0.0,0.0,0.0,8.6042,7.3,9.2,10.01,2022
2022,RA-860,0.0,0,0.0,7,Masculino,2022,Pública,Topázio,8.136,10.0,8.1,8.5,9.5,7.5,,7.75,8.9,7.2,,Não atendido,Não,Não,,False,Adequado (≥ 0),0,0.0,False,0.0,0.0,0.0,8.2372,7.4,9.8,8.34,2022
2023,RA-861,0.0,0,0.0,8,Feminino,2023,Pública,Topázio,9.31095,10.0,9.6,10.0,9.5,8.13,8.4375,8.92,9.8,9.4,,,,,,False,Adequado (≥ 0),0,0.0,False,0.0,-1.0,1.0,8.959700000000002,10.0,10.0,9.73,2023
2023,RA-862,0.0,1,-1.0,9,Masculino,2023,Pública,Topázio,8.2212,5.0,8.9,9.1,8.5,8.14,7.5,8.585,8.5,9.2,,,,,,False,Moderada (-1 a -2),0,1.0,False,0.0,-2.0,1.0,7.346677272700001,7.5,8.6136363635,6.27,2023
2023,RA-863,0.0,0,0.0,7,Masculino,2023,Pública,Quartzo,5.92975,10.0,6.3,7.6,0.0,3.14,5.9375,6.26,7.0,5.5,,,,,,False,Adequado (≥ 0),0,0.0,False,0.0,-1.0,1.0,4.6684348484000004,5.5,3.159090909,4.333333333,2023
2023,RA-867,0.0,0,0.0,8,Masculino,2023,Pública,Topázio,8.6992,10.0,8.9,8.6,9.0,8.76,7.5,8.415,8.7,9.0,,,,,,False,Adequado (≥ 0),0,0.0,False,0.0,-1.0,1.0,7.583018181800001,8.5,7.409090909,7.5,2023
2023,RA-868,0.0,0,0.0,7,Masculino,2023,Pública,Topázio,8.63895,10.0,7.1,9.5,10.0,8.76,7.1875,8.67,7.8,6.3,,,,,,False,Adequado (≥ 0),0,0.0,False,0.0,-1.0,1.0,7.156366666600001,7.0,9.75,7.213333333,2023
2023,RA-871,0.0,1,-1.0,9,Masculino,2023,Pública,Ágata,6.8617,5.0,6.9,9.5,9.0,3.76,4.375,6.84,6.8,7.0,,,,,,False,Moderada (-1 a -2),0,1.0,False,1.0,0.0,0.0,7.2917293147999995,7.25,9.328063240999999,5.783333333,2023
2023,RA-873,0.0,2,-2.0,11,Feminino,2023,Pública,Ametista,7.8012,5.0,7.0,9.7,8.5,7.52,6.25,8.67,7.2,6.8,,,,,,False,Moderada (-1 a -2),0,1.0,False,1.0,-2.0,1.0,7.61095,6.75,10.0,7.77,2023
2023,RA-874,0.0,1,-1.0,9,Masculino,2023,Pública,Quartzo,5.811,5.0,4.8,8.2,0.0,7.52,6.25,6.67,6.3,3.3,,,,,,False,Moderada (-1 a -2),0,1.0,False,1.0,-1.0,1.0,7.0235939394,7.75,4.696969697,7.915,2023
2023,RA-876,0.0,0,0.0,8,Masculino,2023,Pública,Topázio,8.6492,10.0,7.5,9.4,10.0,7.52,7.5,8.835,7.3,7.7,,,,,,False,Adequado (≥ 0),0,0.0,False,1.0,0.0,0.0,7.612057142800001,3.75,9.0476190475,8.09,2023
2023,RA-878,0.0,2,-2.0,10,Masculino,2023,Pública,Ágata,6.24,5.0,8.1,9.5,0.0,2.52,5.0,7.34,8.0,8.2,,,,,,False,Moderada (-1 a -2),0,1.0,False,1.0,-1.0,1.0,6.5335560606000005,6.75,6.1363636360000005,6.996666667,2023
2023,RA-879,0.0,1,-1.0,9,Feminino,2023,Pública,Ágata,6.8225,5.0,8.2,9.8,0.0,2.52,6.875,8.915,8.2,8.2,,,,,,False,Moderada (-1 a -2),0,1.0,False,1.0,-1.0,1.0,8.1096318182,8.5,9.090909091,8.67,2023
2023,RA-880,0.0,0,0.0,7,Feminino,2023,Pública,Ágata,6.724,10.0,6.3,9.4,0.0,2.52,6.25,8.585,6.3,6.2,,,,,,False,Adequado (≥ 0),0,0.0,False,0.0,-1.0,1.0,6.853080434800001,6.5,8.445652174,7.22,2023
2023,RA-884,0.0,0,0.0,7,Feminino,2023,Pública,Topázio,8.4587,10.0,8.8,9.7,9.0,4.39,6.875,8.66,8.4,9.2,,,,,,False,Adequado (≥ 0),0,0.0,False,0.0,-1.0,1.0,8.0345030302,8.75,8.818181818,8.223333333,2023
2023,RA-885,0.0,0,0.0,7,Masculino,2023,Pública,Topázio,8.8252,10.0,8.7,9.8,9.0,7.52,7.5,8.665,8.5,8.8,,,,,,False,Adequado (≥ 0),0,0.0,False,0.0,-1.0,1.0,8.2072,8.5,10.0,8.28,2023
2023,RA-886,0.0,0,0.0,7,Feminino,2023,Pública,Topázio,8.6422,10.0,8.1,9.4,8.5,7.52,7.5,9.0,7.6,8.5,,,,,,False,Adequado (≥ 0),0,0.0,False,0.0,-1.0,1.0,8.419200000000002,8.75,10.0,8.28,2023
2023,RA-888,0.0,0,0.0,7,Masculino,2023,Pública,Topázio,8.9182,10.0,8.8,10.0,9.0,7.52,7.5,8.83,8.2,9.3,,,,,,False,Adequado (≥ 0),0,0.0,False,0.0,-1.0,1.0,8.1942,8.5,10.0,8.28,2023
2023,RA-889,0.0,0,0.0,8,Masculino,2023,Pública,Topázio,8.8092,10.0,9.1,9.5,8.5,6.89,7.5,9.0,8.7,9.5,,,,,,False,Adequado (≥ 0),0,0.0,False,0.0,-1.0,1.0,8.191290909100001,9.75,9.2954545455,8.28,2023
2023,RA-891,0.0,1,-1.0,9,Feminino,2023,Pública,Ametista,7.8882,5.0,7.5,9.5,9.5,6.89,7.5,7.995,6.2,8.8,,,,,,False,Moderada (-1 a -2),0,1.0,False,0.0,-1.0,1.0,8.035957575700001,8.75,9.0454545455,8.003333333,2023
2023,RA-684,0.0,0,0.0,8,Masculino,2022,Privada / bolsa,Ametista,7.4277,10.0,6.5,8.1,9.0,7.52,6.875,5.84,8.3,4.7,,,,,Topázio,False,Adequado (≥ 0),1,0.0,False,1.0,0.0,0.0,7.769381818200001,4.25,9.090909091,8.0,2023
2023,RA-892,0.0,0,0.0,8,Masculino,2023,Pública,Topázio,8.8112,10.0,8.3,9.6,8.0,6.89,7.5,10.01,8.5,8.0,,,,,,False,Adequado (≥ 0),0,0.0,False,1.0,0.0,0.0,8.697700000000001,8.75,10.0,7.92,2023
2023,RA-893,0.0,1,-1.0,9,Masculino,2023,Pública,Topázio,8.8042,5.0,9.3,10.0,9.5,7.52,7.5,10.01,9.5,9.0,,,,,,False,Moderada (-1 a -2),0,1.0,False,1.0,0.0,0.0,8.8910333334,9.25,10.0,7.886666667,2023
2023,RA-894,0.0,1,-1.0,9,Feminino,2023,Pública,Topázio,8.8142,5.0,9.4,9.9,9.5,7.52,7.5,10.01,9.3,9.5,,,,,,False,Moderada (-1 a -2),0,1.0,False,1.0,-1.0,1.0,8.67895,9.5,10.0,8.42,2023
2023,RA-690,0.0,2,-2.0,10,Feminino,2022,Pública,Topázio,8.6112,5.0,9.1,9.8,9.0,6.89,7.5,10.01,9.3,8.8,,,,,Ametista,False,Moderada (-1 a -2),1,1.0,False,1.0,-1.0,1.0,7.3853681818000005,6.25,8.409090909,7.835,2023
2023,RA-895,0.0,0,0.0,8,Feminino,2023,Pública,Topázio,8.5397,10.0,6.8,9.5,9.5,7.52,6.875,9.5,6.8,6.7,,,,,,False,Adequado (≥ 0),0,0.0,False,0.0,-1.0,1.0,8.2579575757,9.5,9.5454545455,8.113333333,2023
2023,RA-896,0.0,0,0.0,7,Masculino,2023,Pública,Topázio,9.0912,10.0,8.5,10.0,9.5,6.89,7.5,10.01,9.0,8.0,,,,,,False,Adequado (≥ 0),0,0.0,False,1.0,0.0,0.0,8.2852454545,6.5,9.7727272725,8.085,2023
2023,RA-693,0.0,0,0.0,8,Feminino,2022,Pública,Topázio,9.0112,10.0,8.5,9.4,10.0,6.89,7.5,10.01,8.2,8.7,,,,,Ametista,False,Adequado (≥ 0),1,0.0,False,1.0,0.0,0.0,8.9079954545,8.0,9.5227272725,8.42,2023
2023,RA-850,0.0,1,-1.0,9,Masculino,2022,Pública,Ágata,6.06525,5.0,7.3,7.9,0.0,6.26,6.5625,6.265,6.8,7.7,,,,,Ametista,False,Moderada (-1 a -2),1,1.0,False,1.0,-1.0,1.0,7.864245454500001,7.75,9.2727272725,7.92,2023
2023,RA-897,0.0,1,-1.0,9,Masculino,2023,Pública,Quartzo,5.48225,5.0,6.5,8.1,0.0,7.52,6.5625,3.32,7.2,5.7,,,,,,False,Moderada (-1 a -2),0,1.0,False,0.0,-1.0,1.0,5.2212050505,6.0,2.7525252525,6.66,2023
2023,RA-842,0.0,1,-1.0,9,Feminino,2022,Pública,Ametista,7.2117,5.0,7.9,8.5,9.0,3.77,5.625,8.01,8.2,7.5,,,,,Ametista,False,Moderada (-1 a -2),1,1.0,False,1.0,-1.0,1.0,7.072914756400001,7.5,7.549407115,6.996666667,2023
2023,RA-898,0.0,1,-1.0,9,Masculino,2023,Pública,Topázio,8.4217,5.0,9.4,9.8,9.0,3.77,8.125,10.01,9.7,9.0,,,,,,False,Moderada (-1 a -2),0,1.0,False,1.0,-1.0,1.0,7.8661333334000005,7.5,10.0,8.616666667,2023
2023,RA-899,0.0,0,0.0,8,Masculino,2023,Pública,Topázio,8.8452,10.0,9.5,9.8,10.0,3.77,7.5,9.34,9.3,9.6,,,,,,False,Adequado (≥ 0),0,0.0,False,1.0,0.0,0.0,8.425024769300002,8.25,9.1007905135,7.893333333,2023
2023,RA-900,0.0,0,0.0,8,Feminino,2023,Pública,Topázio,8.8947,10.0,7.8,9.8,9.0,9.38,8.125,8.67,8.0,7.5,,,,,,False,Adequado (≥ 0),0,0.0,False,1.0,0.0,0.0,8.802003030200002,8.5,9.318181818,8.563333333,2023
2023,RA-743,0.0,2,-2.0,10,Feminino,2022,Pública,Ágata,6.659,5.0,7.1,9.1,0.0,3.77,7.5,9.01,7.3,6.8,,,,,Ágata,False,Moderada (-1 a -2),1,1.0,False,1.0,-1.0,1.0,7.655745454500001,7.0,9.2727272725,7.5,2023
2023,RA-681,0.0,2,-2.0,10,Masculino,2022,Pública,Ágata,6.2955,5.0,8.3,7.8,0.0,3.77,5.625,8.18,8.8,7.8,,,,,Ametista,False,Moderada (-1 a -2),1,1.0,False,1.0,-1.0,1.0,6.0398818182000005,2.5,7.840909091,6.665,2023
2023,RA-903,0.0,0,0.0,8,Feminino,2023,Pública,Topázio,8.5242,10.0,7.8,9.6,10.0,5.02,7.5,9.01,7.7,7.8,,,,,,False,Adequado (≥ 0),0,0.0,False,1.0,0.0,0.0,8.0758287879,5.0,9.7727272725,7.946666667,2023
2023,RA-851,0.0,1,-1.0,9,Masculino,2022,Pública,Ágata,6.1683,5.0,6.6,7.5,8.4,2.52,5.625,6.01,6.8,6.3,,,,,Ametista,False,Moderada (-1 a -2),1,1.0,False,1.0,-1.0,1.0,6.2114602109,6.0,7.3221343875,5.106666667,2023
2023,RA-847,0.0,2,-2.0,10,Masculino,2022,Pública,Ágata,6.5418,5.0,7.6,9.1,7.9,2.52,5.0,5.84,7.5,7.6,,,,,Ágata,False,Moderada (-1 a -2),1,1.0,False,1.0,-1.0,1.0,5.009290909100001,1.0,4.5454545455,6.245,2023
2023,RA-904,0.0,0,0.0,7,Feminino,2023,Pública,Topázio,8.140783333,10.0,6.4,9.3,9.0,7.52,7.8125,7.836666667,6.0,6.8,,,,,,False,Adequado (≥ 0),0,0.0,False,0.0,-1.0,1.0,7.6352,6.0,8.75,8.67,2023
2023,RA-858,0.0,0,0.0,8,Masculino,2022,Pública,Ametista,7.248833333,10.0,9.3,8.1,0.0,3.77,8.125,7.946666667,9.3,9.2,,,,,Ametista,False,Adequado (≥ 0),1,0.0,False,0.0,-1.0,1.0,6.917866666700001,8.25,6.833333333500001,7.5,2023
2023,RA-905,0.0,1,-1.0,9,Masculino,2023,Pública,Ametista,7.831033333,5.0,8.3,9.4,9.5,7.52,6.875,7.056666667,7.5,9.0,,,,,,False,Moderada (-1 a -2),0,1.0,False,0.0,-2.0,1.0,6.3925823529,3.0,7.7794117645,6.99,2023
2023,RA-702,0.0,1,-1.0,9,Feminino,2022,Pública,Topázio,8.239866667,5.0,9.3,10.0,10.0,5.63,7.5,7.833333333,9.3,9.3,,,,,Ametista,False,Moderada (-1 a -2),1,1.0,False,0.0,-2.0,1.0,7.665116666600001,9.25,9.75,7.163333333,2023
2023,RA-725,0.0,1,-1.0,9,Masculino,2022,Pública,Topázio,8.117366667,5.0,8.4,9.0,9.5,7.52,8.125,8.113333333,8.1,8.7,,,,,Ágata,False,Moderada (-1 a -2),1,1.0,False,0.0,-1.0,1.0,7.0900771929,7.25,7.6710526315,6.773333333,2023
2023,RA-907,0.0,0,0.0,8,Feminino,2023,Privada / bolsa,Topázio,8.962033333,10.0,9.3,9.6,9.5,7.52,8.125,8.336666667,9.2,9.4,,,,,,False,Adequado (≥ 0),0,0.0,False,0.0,-1.0,1.0,7.9400888889,8.75,8.9444444445,7.5,2023
2023,RA-908,0.0,0,0.0,8,Feminino,2023,Pública,Topázio,8.479366667,10.0,7.9,9.0,9.0,7.52,8.125,8.223333333,6.7,9.0,,,,,,False,Adequado (≥ 0),0,0.0,False,0.0,-1.0,1.0,6.764292246,4.75,8.14171123,6.83,2023
2023,RA-909,0.0,2,-2.0,10,Feminino,2023,Pública,Topázio,8.486033333,5.0,9.2,9.9,10.0,7.52,8.125,8.056666667,9.1,9.2,,,,,,False,Moderada (-1 a -2),0,1.0,False,0.0,-2.0,1.0,7.722033333300001,8.25,8.1666666665,7.5,2023
2023,RA-910,0.0,0,0.0,8,Masculino,2023,Pública,Ametista,7.801,10.0,8.9,8.8,0.0,7.52,8.75,8.17,8.8,9.0,,,,,,False,Adequado (≥ 0),0,0.0,False,1.0,0.0,0.0,8.1163818182,7.5,8.674242424500001,7.443333333,2023
2023,RA-836,0.0,2,-2.0,10,Masculino,2022,Pública,Ametista,7.6417,5.0,6.7,9.6,9.5,6.27,6.875,8.085,6.7,6.7,,,,,Ametista,False,Moderada (-1 a -2),1,1.0,False,1.0,-1.0,1.0,6.0234537878,2.75,6.439393939,6.25,2023
2023,RA-911,0.0,2,-2.0,11,Masculino,2023,Pública,Quartzo,5.59545,5.0,3.4,6.7,9.0,2.52,5.3125,7.01,3.7,3.0,,,,,,False,Moderada (-1 a -2),0,1.0,False,1.0,-2.0,1.0,5.4552454547,4.5,4.772727273,4.726666667,2023
2023,RA-860,0.0,0,0.0,8,Masculino,2022,Pública,Topázio,8.2372,10.0,7.4,9.8,7.0,6.89,7.5,8.34,7.2,7.5,,,,,Topázio,False,Adequado (≥ 0),1,0.0,False,1.0,0.0,0.0,8.7738666667,8.5,9.7916666665,7.946666667,2023
2023,RA-727,0.0,1,-1.0,9,Masculino,2022,Pública,Ametista,7.6802,5.0,8.0,8.8,9.5,2.52,7.5,9.34,8.3,7.7,,,,,Ametista,False,Moderada (-1 a -2),1,1.0,False,1.0,0.0,0.0,8.447003030300001,8.5,8.4848484845,8.056666667,2023
2023,RA-740,0.0,2,-2.0,10,Feminino,2022,Privada / bolsa,Ametista,7.2845,5.0,9.1,8.7,0.0,7.52,6.875,8.925,9.0,9.2,,,,,Ametista,False,Moderada (-1 a -2),1,1.0,False,1.0,-1.0,1.0,8.1611005269,8.0,9.555335968,8.223333333,2023
2023,RA-912,0.0,1,-1.0,9,Feminino,2023,Pública,Ametista,7.0797,5.0,6.3,9.4,7.0,7.52,5.625,7.175,6.2,6.3,,,,,,False,Moderada (-1 a -2),0,1.0,False,0.0,-2.0,1.0,7.697103508700001,7.25,9.4736842105,6.943333333,2023
2023,RA-706,0.0,2,-2.0,10,Feminino,2021,Pública,Ametista,7.1527,5.0,7.3,7.8,9.0,4.39,6.875,8.08,6.7,7.8,,,,,Ametista,False,Moderada (-1 a -2),2,1.0,False,2.0,0.0,0.0,5.8701964286,3.25,7.1428571430000005,7.0,2023
2023,RA-840,0.0,1,-1.0,9,Masculino,2022,Pública,Ametista,7.7862,5.0,8.2,9.0,9.5,4.38,7.5,8.59,8.3,8.0,,,,,Ametista,False,Moderada (-1 a -2),1,1.0,False,1.0,0.0,0.0,8.5912909091,8.0,9.337121212,7.946666667,2023
2023,RA-841,0.0,2,-2.0,11,Masculino,2022,Pública,Ágata,6.78,5.0,6.9,7.2,0.0,7.52,7.5,9.84,6.7,7.0,,,,,Ametista,False,Moderada (-1 a -2),1,1.0,False,2.0,-1.0,1.0,6.035771224300001,3.25,6.3272311215000006,5.83,2023
2023,RA-709,0.0,2,-2.0,11,Feminino,2022,Pública,Ágata,6.6927,5.0,4.9,7.9,10.0,7.52,5.625,6.59,5.5,4.3,,,,,Quartzo,False,Moderada (-1 a -2),1,1.0,False,1.0,-1.0,1.0,6.833780895800001,6.0,7.994071146,6.773333333,2023
2023,RA-916,0.0,1,-1.0,9,Feminino,2023,Pública,Ametista,7.3882,5.0,6.6,9.7,9.5,2.52,6.25,9.005,7.7,5.5,,,,,,False,Moderada (-1 a -2),0,1.0,False,0.0,-2.0,1.0,5.5058531621,2.75,7.3320158105,6.16,2023
2023,RA-918,0.0,0,0.0,7,Feminino,2023,Pública,Ametista,7.4967,10.0,7.7,8.7,10.0,2.52,5.625,7.01,7.1,8.3,,,,,,False,Adequado (≥ 0),0,0.0,False,0.0,-1.0,1.0,5.657357017600001,2.75,8.697368421,6.156666667,2023
2023,RA-919,0.0,1,-1.0,9,Masculino,2023,Pública,Ágata,6.225,5.0,5.3,8.4,0.0,7.52,6.25,8.09,5.5,5.0,,,,,,False,Moderada (-1 a -2),0,1.0,False,0.0,-2.0,1.0,5.799702673800001,5.25,4.692513369,6.49,2023
2023,RA-920,0.0,0,0.0,8,Feminino,2023,Pública,Ágata,6.9647,10.0,6.1,6.3,9.0,7.52,5.625,6.35,6.0,6.2,,,,,,False,Adequado (≥ 0),0,0.0,False,0.0,-1.0,1.0,7.7494938597,8.25,7.6710526315,8.226666667,2023
2023,RA-921,0.0,0,0.0,7,Feminino,2023,Pública,Ametista,7.7407,10.0,6.3,9.7,9.0,7.52,5.625,6.68,6.5,6.0,,,,,,False,Adequado (≥ 0),0,0.0,False,0.0,-1.0,1.0,7.2838203209,6.0,8.6631016045,7.5,2023
2023,RA-922,0.0,0,0.0,8,Feminino,2023,Pública,Topázio,8.5262,10.0,8.4,9.7,8.5,3.14,7.5,10.01,8.5,8.2,,,,,,False,Adequado (≥ 0),0,0.0,False,1.0,0.0,0.0,8.5209954545,7.75,9.5227272725,8.17,2023
2023,RA-715,0.0,2,-2.0,10,Feminino,2022,Pública,Quartzo,5.8915,5.0,5.4,9.5,0.0,3.14,5.625,7.675,4.5,6.3,,,,,Ágata,False,Moderada (-1 a -2),1,1.0,False,2.0,0.0,0.0,5.3098253133,2.75,5.250626566499999,4.67,2023
2023,RA-822,0.0,2,-2.0,11,Masculino,2022,Pública,Ágata,6.4497,5.0,7.1,8.4,8.5,2.52,5.625,5.925,8.0,6.2,,,,,Ágata,False,Moderada (-1 a -2),1,1.0,False,1.0,-2.0,1.0,5.2645678524,6.75,4.6245059285,6.61,2023
2023,RA-923,0.0,0,0.0,8,Feminino,2023,Pública,Topázio,8.8842,10.0,7.3,9.9,9.5,7.52,7.5,10.01,7.5,7.0,,,,,,False,Adequado (≥ 0),0,0.0,False,1.0,0.0,0.0,7.688609090900001,5.5,7.9545454545,8.17,2023
2023,RA-924,0.0,0,0.0,8,Masculino,2023,Pública,Ágata,6.5207,10.0,5.0,5.6,9.0,7.52,5.625,5.93,5.0,5.0,,,,,,False,Adequado (≥ 0),0,0.0,False,0.0,-1.0,1.0,6.4727360962,7.0,4.598930481,7.415,2023
2023,RA-925,0.0,0,0.0,7,Masculino,2023,Pública,Ametista,7.1837,10.0,5.4,8.9,9.0,7.52,5.625,5.595,5.2,5.5,,,,,,False,Adequado (≥ 0),0,0.0,False,0.0,-1.0,1.0,6.587019518800001,4.75,7.005347594,7.33,2023
2023,RA-853,0.0,1,-1.0,9,Feminino,2022,Pública,Ametista,7.8402,5.0,7.4,9.5,10.0,3.77,6.25,9.84,7.2,7.5,,,,,Topázio,False,Moderada (-1 a -2),1,1.0,False,1.0,0.0,0.0,7.986866666600001,6.25,9.5833333335,7.553333333,2023
2023,RA-854,0.0,0,0.0,8,Feminino,2022,Pública,Ágata,6.6415,10.0,6.0,9.5,0.0,3.77,5.625,8.01,7.5,4.5,,,,,Topázio,False,Adequado (≥ 0),1,0.0,False,1.0,0.0,0.0,7.826199999900001,7.0,10.0,6.333333333,2023
2023,RA-700,0.0,1,-1.0,9,Feminino,2022,Pública,Topázio,8.2852,5.0,7.8,9.7,9.5,7.52,6.25,9.84,7.5,8.0,,,,,Ametista,False,Moderada (-1 a -2),1,1.0,False,1.0,-1.0,1.0,7.005745454500001,5.25,9.564393939,7.0,2023
2023,RA-672,0.0,2,-2.0,10,Feminino,2021,Pública,Ágata,6.5623,5.0,6.4,9.5,7.9,2.52,5.625,6.43,6.0,6.7,,,,,Ametista,False,Moderada (-1 a -2),2,1.0,False,1.0,-1.0,1.0,4.2118138341,0.0,3.9525691700000003,4.496666667,2023
2023,RA-859,0.0,0,0.0,8,Feminino,2022,Pública,Topázio,8.6042,10.0,7.3,9.2,8.0,7.52,7.5,10.01,6.8,7.8,,,,,Topázio,False,Adequado (≥ 0),1,0.0,False,1.0,0.0,0.0,8.5817909091,8.0,9.337121212,8.336666667,2023
2023,RA-704,0.0,2,-2.0,11,Masculino,2022,Pública,Ágata,6.8297,5.0,6.1,9.9,10.0,3.14,5.625,6.265,6.5,5.7,,,,,Ágata,False,Moderada (-1 a -2),1,1.0,False,1.0,-1.0,1.0,6.8121156785000005,6.5,8.646245059,6.616666667,2023
2023,RA-741,0.0,2,-2.0,11,Feminino,2022,Pública,Ágata,6.2707,5.0,5.1,6.9,9.5,4.39,5.625,7.095,4.2,6.0,,,,,Ágata,False,Moderada (-1 a -2),1,1.0,False,1.0,-1.0,1.0,5.0795885374,3.75,5.2964426875,4.223333333,2023
2023,RA-719,0.0,2,-2.0,11,Masculino,2021,Pública,Ágata,6.4137,5.0,5.9,5.3,9.5,7.52,5.625,7.095,7.0,4.7,,,,,Quartzo,False,Moderada (-1 a -2),2,1.0,False,1.0,-1.0,1.0,7.1193969697,6.5,7.3484848485,6.7425,2023
2023,RA-926,0.0,1,-1.0,9,Feminino,2023,Pública,Ametista,7.7792,5.0,6.8,10.0,9.0,3.77,7.5,9.51,6.5,7.0,,,,,,False,Moderada (-1 a -2),0,1.0,False,1.0,-1.0,1.0,7.7830787878,7.0,9.7727272725,7.22,2023
2023,RA-927,0.0,1,-1.0,9,Feminino,2023,Pública,Ametista,7.5982,5.0,6.4,9.7,9.0,3.77,7.5,9.255,7.0,5.8,,,,,,False,Moderada (-1 a -2),0,1.0,False,1.0,0.0,0.0,7.9921696969000005,6.5,9.318181818,7.22,2023
2023,RA-928,0.0,0,0.0,8,Feminino,2023,Pública,Topázio,9.3712,10.0,9.8,10.0,8.5,7.52,8.75,9.67,9.8,9.8,,,,,,False,Adequado (≥ 0),0,0.0,False,1.0,0.0,0.0,8.8733666667,8.75,10.0,8.59,2023
2023,RA-929,0.0,0,0.0,8,Feminino,2023,Pública,Topázio,9.1312,10.0,8.8,9.8,8.5,7.52,8.75,9.67,8.7,8.9,,,,,,False,Adequado (≥ 0),0,0.0,False,0.0,-1.0,1.0,7.7244368421,6.75,9.4736842105,7.58,2023
2023,RA-930,0.0,0,0.0,8,Masculino,2023,Pública,Topázio,8.8872,10.0,9.0,8.8,9.0,7.52,8.75,9.0,8.7,9.3,,,,,,False,Adequado (≥ 0),0,0.0,False,0.0,-1.0,1.0,7.9298184211,8.0,9.7368421055,7.5,2023
2023,RA-931,0.0,0,0.0,8,Masculino,2023,Pública,Ametista,7.3747,10.0,7.8,8.2,8.5,2.52,5.625,7.6,7.0,8.5,,,,,,False,Adequado (≥ 0),0,0.0,False,0.0,-1.0,1.0,7.075466666700001,8.5,8.5833333335,6.83,2023
2023,RA-934,0.0,0,0.0,8,Feminino,2023,Pública,Topázio,9.1737,10.0,8.7,9.6,9.0,7.52,9.375,9.67,8.3,9.0,,,,,,False,Adequado (≥ 0),0,0.0,False,0.0,-1.0,1.0,8.338700000000001,8.5,9.75,7.75,2023
2023,RA-935,0.0,1,-1.0,9,Masculino,2023,Pública,Ametista,7.9535,5.0,9.4,9.8,0.0,7.52,9.375,9.67,9.2,9.5,,,,,,False,Moderada (-1 a -2),0,1.0,False,0.0,-1.0,1.0,8.3422,8.5,10.0,7.83,2023
2023,RA-937,0.0,0,0.0,8,Feminino,2023,Pública,Topázio,9.3237,10.0,9.2,9.6,9.5,7.52,9.375,9.67,9.0,9.3,,,,,,False,Adequado (≥ 0),0,0.0,False,0.0,-1.0,1.0,8.3792,7.5,10.0,7.83,2023
2023,RA-756,0.0,2,-2.0,10,Masculino,2022,Pública,Ametista,7.0927,5.0,6.1,8.7,10.0,7.52,5.625,6.59,5.4,6.8,,,,,Ágata,False,Moderada (-1 a -2),1,1.0,False,0.0,-2.0,1.0,7.361700000000001,5.5,8.75,7.24,2023
2023,RA-938,0.0,1,-1.0,9,Masculino,2023,Pública,Ágata,6.7372,5.0,4.2,8.4,8.5,7.52,6.25,7.5,0.0,8.3,,,,,,False,Moderada (-1 a -2),0,1.0,False,0.0,-1.0,1.0,8.0056026915,7.75,9.544513457499999,7.665,2023
2023,RA-939,0.0,2,-2.0,11,Feminino,2023,Pública,Ametista,7.9742,5.0,5.4,10.0,9.0,7.52,7.5,10.01,5.0,5.7,,,,,,False,Moderada (-1 a -2),0,1.0,False,1.0,-1.0,1.0,7.051379841899999,5.0,8.8833992095,7.495,2023
2023,RA-789,0.0,0,0.0,8,Feminino,2022,Pública,Ametista,7.974,10.0,7.9,9.5,0.0,7.52,7.5,10.01,8.5,7.2,,,,,Ametista,False,Adequado (≥ 0),1,0.0,False,1.0,0.0,0.0,8.0443904763,5.25,9.047619048,8.085,2023
2023,RA-792,0.0,2,-2.0,10,Feminino,2022,Pública,Ametista,7.6267,5.0,7.2,7.7,9.0,7.52,6.875,9.085,6.8,7.5,,,,,Ágata,False,Moderada (-1 a -2),1,1.0,False,1.0,-1.0,1.0,6.036012253,3.25,5.2865612650000005,7.075,2023
2023,RA-941,0.0,0,0.0,8,Feminino,2023,Pública,Ametista,7.6872,10.0,5.0,10.0,8.0,7.52,5.0,8.175,5.0,5.0,,,,,,False,Adequado (≥ 0),0,0.0,False,0.0,-1.0,1.0,7.746700000000001,8.75,9.25,7.665,2023
2023,RA-943,0.0,0,0.0,8,Feminino,2023,Pública,Topázio,8.9172,10.0,8.0,9.4,9.5,7.52,7.5,9.925,8.0,8.0,,,,,,False,Adequado (≥ 0),0,0.0,False,1.0,0.0,0.0,8.965033333300001,8.0,10.0,8.59,2023
2023,RA-782,0.0,1,-1.0,9,Masculino,2022,Pública,Ametista,7.6812,5.0,7.5,9.8,8.5,2.52,7.5,9.345,8.3,6.7,,,,,Ametista,False,Moderada (-1 a -2),1,1.0,False,1.0,0.0,0.0,8.1896285714,7.75,7.8571428569999995,8.085,2023
2023,RA-768,0.0,2,-2.0,11,Feminino,2021,Pública,Topázio,8.4042,5.0,7.9,9.1,10.0,7.52,7.5,10.01,8.0,7.8,,,,,Ametista,False,Moderada (-1 a -2),2,1.0,False,1.0,-1.0,1.0,7.0345379447,5.5,7.9841897235,7.495,2023
2023,RA-794,0.0,1,-1.0,9,Feminino,2022,Pública,Ametista,7.9842,5.0,6.2,9.2,9.0,7.52,7.5,10.01,5.2,7.2,,,,,Ametista,False,Moderada (-1 a -2),1,1.0,False,1.0,0.0,0.0,7.145652380900001,3.0,6.9047619045,8.255,2023
2023,RA-795,0.0,1,-1.0,9,Feminino,2022,Pública,Topázio,8.4642,5.0,8.2,9.6,9.0,7.52,7.5,10.01,8.7,7.7,,,,,Topázio,False,Moderada (-1 a -2),1,1.0,False,1.0,-1.0,1.0,8.441414285700002,9.5,9.761904762,8.085,2023
2023,RA-944,0.0,1,-1.0,9,Feminino,2023,Pública,Ametista,7.0687,5.0,7.5,7.6,9.0,7.52,5.625,6.67,9.2,5.8,,,,,,False,Moderada (-1 a -2),0,1.0,False,0.0,-2.0,1.0,7.8262,9.0,7.25,7.75,2023
2023,RA-945,0.0,0,0.0,8,Masculino,2023,Pública,Topázio,8.0777,10.0,7.9,9.2,8.5,7.52,6.875,6.84,8.0,7.8,,,,,,False,Adequado (≥ 0),0,0.0,False,0.0,-1.0,1.0,7.4195809524000005,8.75,9.511904762,6.83,2023
2023,RA-946,0.0,0,0.0,7,Masculino,2023,Pública,Topázio,8.5822,10.0,9.3,9.4,9.5,7.52,7.5,7.0,9.0,9.5,,,,,,False,Adequado (≥ 0),0,0.0,False,0.0,-1.0,1.0,6.677723809500001,4.5,8.7976190475,7.835,2023
2023,RA-754,0.0,2,-2.0,10,Masculino,2022,Pública,Ágata,6.0537,5.0,5.6,6.1,9.5,2.52,6.875,6.67,5.7,5.4,,,,,Ágata,False,Moderada (-1 a -2),1,1.0,False,0.0,-2.0,1.0,5.6127,6.25,6.25,4.75,2023
2023,RA-947,0.0,0,0.0,8,Masculino,2023,Pública,Ágata,6.3457,10.0,3.3,7.9,9.0,7.52,4.375,5.08,1.7,4.9,,,,,,False,Adequado (≥ 0),0,0.0,False,0.0,-1.0,1.0,6.053509523800001,4.5,7.619047619,4.58,2023
2023,RA-949,0.0,0,0.0,8,Feminino,2023,Pública,Topázio,8.0172,10.0,8.9,8.1,9.5,7.52,6.25,6.5,9.1,8.6,,,,,,False,Adequado (≥ 0),0,0.0,False,0.0,-1.0,1.0,7.1323428571,6.5,8.7857142855,6.495,2023
2023,RA-950,0.0,0,0.0,8,Feminino,2023,Pública,Topázio,8.8862,10.0,9.3,10.0,9.0,7.52,7.5,8.17,9.5,9.0,,,,,,False,Adequado (≥ 0),0,0.0,False,0.0,-1.0,1.0,7.693461904800001,7.0,9.023809524,8.0,2023
2023,RA-773,0.0,1,-1.0,9,Feminino,2022,Pública,Ágata,6.9287,5.0,7.9,7.5,10.0,2.52,5.625,7.67,8.0,7.8,,,,,Ágata,False,Moderada (-1 a -2),1,1.0,False,0.0,-2.0,1.0,6.566200000000001,5.0,8.75,6.575,2023
2023,RA-951,0.0,0,0.0,7,Feminino,2023,Pública,Topázio,8.8902,10.0,8.4,9.7,9.5,7.52,7.5,9.09,8.5,8.3,,,,,,False,Adequado (≥ 0),0,0.0,False,0.0,-1.0,1.0,6.4483428571,4.0,9.0357142855,7.325,2023
2023,RA-769,0.0,2,-2.0,10,Feminino,2022,Pública,Ametista,7.85345,5.0,8.0,9.3,10.0,3.77,7.8125,8.675,8.2,7.8,,,,,Ametista,False,Moderada (-1 a -2),1,1.0,False,1.0,-1.0,1.0,7.099342857200002,6.0,5.9523809525,8.33,2023
2023,RA-952,0.0,0,0.0,8,Masculino,2023,Pública,Topázio,8.37095,10.0,9.0,9.2,9.5,3.77,7.1875,8.425,8.8,9.2,,,,,,False,Adequado (≥ 0),0,0.0,False,1.0,0.0,0.0,8.853624242300002,8.5,9.545454545,9.175,2023
2023,RA-826,0.0,1,-1.0,9,Masculino,2022,Pública,Ametista,7.77645,5.0,7.3,10.0,10.0,3.77,7.8125,8.34,7.0,7.5,,,,,Ametista,False,Moderada (-1 a -2),1,1.0,False,1.0,-1.0,1.0,7.9442,6.75,10.0,8.59,2023
2023,RA-953,0.0,0,0.0,8,Feminino,2023,Pública,Ametista,7.54005,10.0,8.3,8.8,7.4,3.14,6.5625,7.09,8.5,8.0,,,,,,False,Adequado (≥ 0),0,0.0,False,1.0,0.0,0.0,7.961241502000001,8.5,6.85770751,7.755,2023
2023,RA-954,0.0,0,0.0,8,Feminino,2023,Pública,Ágata,6.82375,10.0,7.7,8.3,0.0,3.14,7.1875,8.005,7.8,7.5,,,,,,False,Adequado (≥ 0),0,0.0,False,1.0,0.0,0.0,8.2823798419,7.75,8.8833992095,7.835,2023
2023,RA-780,0.0,2,-2.0,10,Feminino,2022,Pública,Ametista,7.7842,5.0,8.3,8.8,9.5,3.14,8.75,8.675,8.0,8.5,,,,,Ágata,False,Moderada (-1 a -2),1,1.0,False,1.0,-1.0,1.0,7.7430333333,6.0,10.0,8.17,2023
2023,RA-955,0.0,2,-2.0,10,Feminino,2023,Pública,Ametista,7.1297,5.0,7.8,8.8,9.0,3.14,6.875,7.09,8.0,7.5,,,,,,False,Moderada (-1 a -2),0,1.0,False,1.0,-1.0,1.0,6.245452381,5.75,6.904761905,8.255,2023
2023,RA-831,0.0,1,-1.0,9,Masculino,2022,Pública,Ametista,7.71645,5.0,8.3,9.4,8.0,3.77,7.8125,8.59,8.8,7.8,,,,,Ametista,False,Moderada (-1 a -2),1,1.0,False,1.0,-1.0,1.0,8.0066285715,7.75,9.523809524,8.17,2023
2023,RA-774,0.0,1,-1.0,9,Feminino,2022,Pública,Quartzo,5.852,5.0,6.9,9.5,0.0,3.14,5.0,6.34,7.7,6.0,,,,,Ametista,False,Moderada (-1 a -2),1,1.0,False,0.0,-1.0,1.0,5.685771428600001,3.75,6.3928571430000005,6.405,2023
2023,RA-748,0.0,2,-2.0,10,Masculino,2022,Pública,Topázio,8.7142,5.0,9.1,9.7,9.5,7.52,7.5,10.01,9.0,9.2,,,,,Topázio,False,Moderada (-1 a -2),1,1.0,False,1.0,-1.0,1.0,8.2272,7.75,10.0,8.005,2023
2023,RA-749,0.0,1,-1.0,9,Masculino,2022,Pública,Ametista,7.7597,5.0,7.3,9.0,10.0,7.52,5.625,8.425,7.3,7.3,,,,,Ametista,False,Moderada (-1 a -2),1,1.0,False,0.0,-2.0,1.0,8.3373184211,8.75,9.7368421055,7.665,2023
2023,RA-956,0.0,2,-2.0,11,Masculino,2023,Pública,Ametista,7.7312,5.0,7.8,7.5,8.0,7.52,7.5,9.345,7.8,7.8,,,,,,False,Moderada (-1 a -2),0,1.0,False,1.0,-1.0,1.0,6.1175906455,3.25,6.017786561,7.085,2023
2023,RA-787,0.0,1,-1.0,9,Masculino,2022,Pública,Ametista,7.5227,5.0,5.9,9.8,9.0,7.52,5.625,8.34,6.0,5.8,,,,,Ametista,False,Moderada (-1 a -2),1,1.0,False,0.0,-1.0,1.0,7.73495,7.25,9.75,7.325,2023
2023,RA-753,0.0,1,-1.0,9,Feminino,2022,Pública,Topázio,8.6672,5.0,9.0,9.9,9.0,7.52,7.5,9.925,9.0,9.0,,,,,Topázio,False,Moderada (-1 a -2),1,1.0,False,1.0,-1.0,1.0,8.2450571429,8.5,9.047619048,8.255,2023
2023,RA-958,0.0,0,0.0,8,Feminino,2023,Pública,Topázio,9.2902,10.0,9.3,9.8,10.0,7.52,7.5,9.84,9.3,9.3,,,,,,False,Adequado (≥ 0),0,0.0,False,1.0,0.0,0.0,9.531325,10.0,10.0,9.76,2023
2023,RA-755,0.0,1,-1.0,9,Masculino,2022,Pública,Topázio,8.7442,5.0,9.2,9.5,10.0,7.52,7.5,10.01,9.2,9.2,,,,,Topázio,False,Moderada (-1 a -2),1,1.0,False,1.0,-1.0,1.0,8.925450000000001,9.75,10.0,9.09,2023
2023,RA-763,0.0,2,-2.0,10,Feminino,2021,Pública,Ágata,6.7215,5.0,7.9,9.2,0.0,3.14,6.875,9.0,7.8,8.0,,,,,Ametista,False,Moderada (-1 a -2),2,1.0,False,1.0,-1.0,1.0,6.984760606,5.25,8.8636363635,6.825,2023
2023,RA-757,0.0,2,-2.0,10,Feminino,2022,Pública,Topázio,8.6742,5.0,9.3,9.6,9.0,7.52,7.5,10.01,9.5,9.0,,,,,Topázio,False,Moderada (-1 a -2),1,1.0,False,1.0,-1.0,1.0,7.938842857200001,7.0,9.285714286000001,8.34,2023
2023,RA-959,0.0,0,0.0,8,Masculino,2023,Pública,Topázio,8.6677,10.0,7.7,9.6,10.0,7.52,6.875,8.84,7.7,7.7,,,,,,False,Adequado (≥ 0),0,0.0,False,0.0,-1.0,1.0,8.379818421100001,9.5,9.7368421055,7.5,2023
2023,RA-960,0.0,2,-2.0,10,Masculino,2023,Pública,Ametista,7.0847,5.0,6.3,10.0,8.5,7.52,5.625,5.85,6.5,6.0,,,,,,False,Moderada (-1 a -2),0,1.0,False,1.0,-1.0,1.0,5.286047619,3.0,8.095238095,5.33,2023
2023,RA-961,0.0,1,-1.0,9,Masculino,2023,Pública,Quartzo,5.99625,5.0,6.2,8.7,0.0,2.52,5.3125,8.665,6.2,6.2,,,,,,False,Moderada (-1 a -2),0,1.0,False,1.0,-1.0,1.0,6.529417908900001,5.5,8.8923395445,5.155,2023
2023,RA-805,0.0,1,-1.0,9,Masculino,2021,Pública,Ágata,6.492,5.0,6.8,9.1,0.0,7.52,6.25,7.175,6.8,6.8,,,,,Topázio,False,Moderada (-1 a -2),2,1.0,False,1.0,-1.0,1.0,6.9375869048,6.0,9.523809524,6.7075,2023
2023,RA-806,0.0,1,-1.0,9,Masculino,2022,Pública,Ametista,7.2937,5.0,7.8,8.3,8.5,6.27,6.875,7.095,7.8,7.7,,,,,Ametista,False,Moderada (-1 a -2),1,1.0,False,1.0,-1.0,1.0,6.972777380900001,6.75,6.9047619045,6.875,2023
2023,RA-807,0.0,1,-1.0,9,Masculino,2022,Pública,Ametista,7.8632,5.0,8.0,9.1,9.5,7.52,6.25,8.08,8.3,7.7,,,,,Topázio,False,Moderada (-1 a -2),1,1.0,False,1.0,0.0,0.0,7.797628571400001,7.0,7.8571428569999995,7.125,2023
2023,RA-963,0.0,1,-1.0,9,Feminino,2023,Pública,Topázio,8.6142,5.0,8.5,9.8,9.5,7.52,7.5,10.01,8.3,8.7,,,,,,False,Moderada (-1 a -2),0,1.0,False,1.0,0.0,0.0,8.375080952400001,7.5,9.761904762,8.045,2023
2023,RA-964,0.0,1,-1.0,9,Masculino,2023,Pública,Ametista,7.7997,5.0,7.2,9.4,8.5,7.52,6.875,8.5,7.3,7.0,,,,,,False,Moderada (-1 a -2),0,1.0,False,1.0,-1.0,1.0,7.548241666600001,7.25,8.333333332999999,7.1675,2023
2023,RA-965,0.0,1,-1.0,9,Feminino,2023,Pública,Ágata,6.4832,5.0,4.7,8.2,8.5,6.27,5.0,7.18,5.3,4.0,,,,,,False,Moderada (-1 a -2),0,1.0,False,0.0,-2.0,1.0,6.1376545455,2.25,6.4772727275,6.83,2023
2023,RA-966,0.0,1,-1.0,9,Masculino,2023,Pública,Ametista,7.44345,5.0,5.0,10.0,10.0,7.52,6.5625,7.675,5.0,5.0,,,,,,False,Moderada (-1 a -2),0,1.0,False,0.0,-2.0,1.0,7.9943363636,9.0,8.568181818,7.335,2023
2023,RA-967,0.0,2,-2.0,10,Masculino,2023,Pública,Ametista,7.1347,5.0,6.5,8.0,9.5,7.52,5.625,7.35,6.5,6.5,,,,,,False,Moderada (-1 a -2),0,1.0,False,1.0,-1.0,1.0,5.442610714300001,4.75,3.5714285715,4.995,2023
2023,RA-968,0.0,1,-1.0,9,Feminino,2023,Pública,Topázio,8.4942,5.0,8.3,9.7,9.0,7.52,7.5,10.01,8.0,8.5,,,,,,False,Moderada (-1 a -2),0,1.0,False,1.0,-1.0,1.0,7.8403547619000005,7.75,8.8095238095,7.6675,2023
2023,RA-969,0.0,0,0.0,8,Masculino,2023,Pública,Ametista,7.7692,10.0,5.5,9.7,8.5,7.52,6.25,7.51,6.0,5.0,,,,,,False,Adequado (≥ 0),0,0.0,False,0.0,-1.0,1.0,7.453427272700001,7.25,7.8636363634999995,7.335,2023
2023,RA-971,0.0,0,0.0,8,Masculino,2023,Pública,Ametista,7.0169,10.0,6.9,6.4,7.8,3.77,5.625,8.17,5.5,8.3,,,,,,False,Adequado (≥ 0),0,0.0,False,0.0,-1.0,1.0,6.8916181818,6.75,7.909090909,6.085,2023
2023,RA-972,0.0,0,0.0,8,Masculino,2023,Pública,Ametista,7.5427,10.0,6.0,9.1,9.0,3.77,6.875,7.84,6.2,5.7,,,,,,False,Adequado (≥ 0),0,0.0,False,0.0,-1.0,1.0,7.537472727300001,6.75,8.3863636365,7.17,2023
2023,RA-973,0.0,1,-1.0,9,Masculino,2023,Pública,Quartzo,5.82875,5.0,5.2,8.6,0.0,3.77,7.1875,7.415,6.2,4.1,,,,,,False,Moderada (-1 a -2),0,1.0,False,0.0,-2.0,1.0,6.9318363636,3.75,9.318181818,6.585,2023
2023,RA-974,0.0,0,0.0,7,Masculino,2023,Pública,Topázio,8.4752,10.0,8.8,9.1,9.0,3.77,7.5,9.34,8.8,8.8,,,,,,False,Adequado (≥ 0),0,0.0,False,0.0,-1.0,1.0,7.6077217391,6.5,9.282608695499999,7.5,2023
2023,RA-975,0.0,0,0.0,7,Feminino,2023,Pública,Ametista,7.7803,10.0,6.5,9.2,7.9,7.52,5.625,7.67,7.2,5.8,,,,,,False,Adequado (≥ 0),0,0.0,False,0.0,-1.0,1.0,7.1463666667000005,8.0,7.708333333500001,7.33,2023
2023,RA-977,0.0,0,0.0,7,Feminino,2023,Pública,Ametista,7.1717,10.0,5.8,7.4,8.5,5.02,5.625,8.085,5.7,5.9,,,,,,False,Adequado (≥ 0),0,0.0,False,0.0,-1.0,1.0,7.188033333300001,7.0,7.291666666499999,7.58,2023
2023,RA-978,0.0,0,0.0,7,Feminino,2023,Pública,Topázio,8.3877,10.0,8.6,9.8,9.0,3.77,5.625,9.34,8.7,8.5,,,,,,False,Adequado (≥ 0),0,0.0,False,0.0,-1.0,1.0,7.4637,6.5,9.5,7.5,2023
2023,RA-979,0.0,0,0.0,8,Masculino,2023,Pública,Topázio,8.1617,10.0,6.0,9.6,9.5,6.27,5.625,9.51,6.0,6.0,,,,,,False,Adequado (≥ 0),0,0.0,False,0.0,-1.0,1.0,8.0352454545,8.25,9.5227272725,7.335,2023
2023,RA-980,0.0,0,0.0,8,Feminino,2023,Pública,Ametista,7.1425,10.0,6.3,9.8,0.0,5.02,5.625,9.34,6.5,6.0,,,,,,False,Adequado (≥ 0),0,0.0,False,1.0,0.0,0.0,7.946388311600001,6.25,9.058441558,7.4175,2023
2023,RA-808,0.0,1,-1.0,9,Masculino,2022,Pública,Topázio,8.1932,5.0,8.7,10.0,10.0,2.52,7.5,9.755,8.7,8.7,,,,,Topázio,False,Moderada (-1 a -2),1,1.0,False,1.0,0.0,0.0,8.7897,8.75,10.0,7.88,2023
2023,RA-981,0.0,0,0.0,7,Feminino,2023,Pública,Ametista,7.5367,10.0,5.8,9.1,9.5,2.52,5.625,9.01,5.7,5.8,,,,,,False,Adequado (≥ 0),0,0.0,False,0.0,-1.0,1.0,6.6513739130000005,6.0,7.010869565,6.99,2023
2023,RA-982,0.0,0,0.0,7,Masculino,2023,Pública,Ametista,7.1215,10.0,8.6,9.1,0.0,2.52,5.625,8.835,8.7,8.5,,,,,,False,Adequado (≥ 0),0,0.0,False,1.0,0.0,0.0,8.119860173100001,8.25,8.365800865499999,6.79,2023
2023,RA-984,0.0,0,0.0,8,Feminino,2023,Pública,Topázio,8.8177,10.0,8.3,9.8,8.0,7.52,6.875,9.84,8.3,8.2,,,,,,False,Adequado (≥ 0),0,0.0,False,1.0,0.0,0.0,8.475080952400003,7.0,9.761904762,8.045,2023
2023,RA-985,0.0,0,0.0,8,Masculino,2023,Pública,Ametista,7.6247,10.0,6.8,9.3,9.0,2.52,5.625,8.5,7.3,6.2,,,,,,False,Adequado (≥ 0),0,0.0,False,1.0,0.0,0.0,8.2432,7.5,10.0,7.585,2023
2023,RA-986,0.0,0,0.0,8,Feminino,2023,Pública,Topázio,8.0107,10.0,8.3,9.1,9.5,2.52,5.625,8.83,8.3,8.3,,,,,,False,Adequado (≥ 0),0,0.0,False,1.0,0.0,0.0,8.2603406926,8.5,9.2965367965,6.8325,2023
2023,RA-987,0.0,0,0.0,8,Masculino,2023,Pública,Ametista,7.6765,10.0,7.3,9.8,0.0,6.27,6.875,9.76,7.5,7.0,,,,,,False,Adequado (≥ 0),0,0.0,False,1.0,0.0,0.0,8.3028861472,7.5,9.0692640695,7.835,2023
2023,RA-988,0.0,1,-1.0,9,Feminino,2023,Pública,Ametista,7.9568,5.0,8.5,8.1,7.9,7.52,6.25,9.84,8.5,8.5,,,,,,False,Moderada (-1 a -2),0,1.0,False,1.0,-1.0,1.0,8.1765333333,7.75,10.0,7.96,2023
2023,RA-989,0.0,1,-1.0,9,Masculino,2023,Pública,Ametista,7.7242,5.0,8.3,8.1,9.5,2.52,7.5,10.01,8.7,7.8,,,,,,False,Moderada (-1 a -2),0,1.0,False,1.0,0.0,0.0,7.3743785714,6.0,7.8571428569999995,6.54,2023
2023,RA-990,0.0,1,-1.0,9,Masculino,2023,Pública,Ametista,7.254,5.0,7.8,8.5,0.0,7.52,7.5,10.01,8.3,7.2,,,,,,False,Moderada (-1 a -2),0,1.0,False,1.0,-1.0,1.0,7.812283333400001,8.0,7.5,8.336666667,2023
2023,RA-991,0.0,1,-1.0,9,Feminino,2023,Pública,Ametista,7.7687,5.0,7.7,9.1,10.0,3.14,6.875,9.585,8.0,7.3,,,,,,False,Moderada (-1 a -2),0,1.0,False,1.0,-1.0,1.0,7.057230303000001,6.5,8.181818182,6.723333333,2023
2023,RA-994,0.0,0,0.0,8,Feminino,2023,Pública,Ametista,7.4127,10.0,6.0,9.4,9.5,3.77,5.625,7.265,6.2,5.7,,,,,,False,Adequado (≥ 0),0,0.0,False,0.0,-1.0,1.0,7.7982217391,8.25,9.532608695499999,7.33,2023
2023,RA-995,0.0,2,-2.0,11,Feminino,2023,Pública,Ágata,6.4782,5.0,5.1,7.9,9.5,3.77,6.25,7.18,5.3,4.8,,,,,,False,Moderada (-1 a -2),0,1.0,False,1.0,-2.0,1.0,5.110372077899999,2.0,5.3896103895,4.25,2023
2023,RA-750,0.0,2,-2.0,11,Masculino,2019,Pública,Quartzo,5.6857,5.0,3.4,7.7,9.5,3.14,4.375,6.32,3.3,3.5,,,,,Ágata,False,Moderada (-1 a -2),4,1.0,False,1.0,-2.0,1.0,4.542230369,3.75,5.938735178,3.176666667,2023
2023,RA-770,0.0,0,0.0,8,Masculino,2022,Pública,Ágata,6.6785,10.0,5.9,8.3,0.0,3.77,6.875,8.92,6.0,5.7,,,,,Topázio,False,Adequado (≥ 0),1,0.0,False,0.0,-1.0,1.0,7.3057112782,5.0,9.022556391,7.5,2023
2023,RA-771,0.0,0,0.0,7,Feminino,2022,Pública,Ametista,7.056,10.0,8.2,8.8,0.0,3.14,6.25,8.585,8.2,8.2,,,,,Ametista,False,Adequado (≥ 0),1,0.0,False,0.0,-1.0,1.0,6.066009523800001,6.5,6.619047619,6.08,2023
2023,RA-1000,0.0,0,0.0,8,Feminino,2023,Pública,Ametista,7.9162,10.0,7.0,9.4,8.5,3.77,6.25,8.92,7.0,7.0,,,,,,False,Adequado (≥ 0),0,0.0,False,1.0,0.0,0.0,8.364790909100002,7.75,9.5454545455,7.835,2023
2023,RA-830,0.0,1,-1.0,9,Feminino,2022,Pública,Ágata,6.78,5.0,8.3,8.9,0.0,3.14,6.25,9.505,8.3,8.3,,,,,Ametista,False,Moderada (-1 a -2),1,1.0,False,1.0,-1.0,1.0,7.1373428571,6.75,7.619047619,7.335,2023
2023,RA-1001,0.0,1,-1.0,9,Feminino,2023,Pública,Topázio,8.1162,5.0,7.8,9.1,9.0,7.52,7.5,9.17,8.3,7.3,,,,,,False,Moderada (-1 a -2),0,1.0,False,1.0,-1.0,1.0,7.7964318841,7.75,9.347826087,7.92,2023
2023,RA-1002,0.0,1,-1.0,9,Feminino,2023,Pública,Ametista,7.9012,5.0,7.0,9.7,9.0,7.52,6.25,8.92,7.0,7.0,,,,,,False,Moderada (-1 a -2),0,1.0,False,0.0,-1.0,1.0,7.967866666700001,9.25,7.833333333500001,8.25,2023
2023,RA-1003,0.0,0,0.0,8,Masculino,2023,Pública,Ametista,7.6522,10.0,4.0,8.5,9.0,7.52,7.5,8.75,8.0,0.0,,,,,,False,Adequado (≥ 0),0,0.0,False,0.0,-1.0,1.0,7.627588888900001,8.25,8.6944444445,7.5,2023
2023,RA-1004,0.0,0,0.0,8,Feminino,2023,Pública,Topázio,8.3137,10.0,7.9,9.6,9.0,7.52,6.875,7.42,6.5,9.2,,,,,,False,Adequado (≥ 0),0,0.0,False,0.0,-1.0,1.0,7.801200000000001,7.5,9.25,7.5,2023
2023,RA-1006,0.0,0,0.0,8,Feminino,2023,Pública,Topázio,8.5922,10.0,8.7,9.3,9.0,7.52,7.5,8.0,8.7,8.6,,,,,,False,Adequado (≥ 0),0,0.0,False,0.0,-1.0,1.0,7.040088888900001,5.0,8.4444444445,7.5,2023
2023,RA-705,0.0,2,-2.0,10,Masculino,2022,Pública,Ágata,6.982,5.0,8.8,8.3,0.0,6.89,7.5,8.165,8.9,8.6,,,,,Ágata,False,Moderada (-1 a -2),1,1.0,False,1.0,-1.0,1.0,5.294247619100001,3.5,6.4285714285,4.226666667,2023
2023,RA-1008,0.0,0,0.0,8,Masculino,2023,Pública,Topázio,8.13595,10.0,8.4,8.6,9.0,7.52,5.9375,7.5,7.5,9.2,,,,,,False,Adequado (≥ 0),0,0.0,False,0.0,-1.0,1.0,6.8667414438000005,7.0,6.483957219,7.5,2023
2023,RA-729,0.0,1,-1.0,9,Feminino,2022,Pública,Ametista,7.26545,5.0,8.6,9.1,8.0,3.77,6.5625,7.01,8.2,8.9,,,,,Topázio,False,Moderada (-1 a -2),1,1.0,False,0.0,-1.0,1.0,6.684533333300001,6.0,8.4166666665,7.5,2023
2023,RA-1009,0.0,0,0.0,8,Masculino,2023,Pública,Ametista,7.245,10.0,8.8,9.0,0.0,3.77,7.5,7.84,8.3,9.2,,,,,,False,Adequado (≥ 0),0,0.0,False,0.0,-1.0,1.0,6.395389393900001,7.5,6.8863636365000005,6.553333333,2023
2023,RA-1012,0.0,0,0.0,8,Feminino,2023,Pública,Ametista,7.96495,10.0,6.6,9.9,10.0,3.77,7.1875,7.845,7.0,6.2,,,,,,False,Adequado (≥ 0),0,0.0,False,0.0,-1.0,1.0,8.057128571400002,9.75,9.523809524,8.443333333,2023
2023,RA-1013,0.0,0,0.0,7,Masculino,2023,Pública,Ametista,7.6237,10.0,8.3,9.6,9.0,4.39,5.625,5.76,7.0,9.5,,,,,,False,Adequado (≥ 0),0,0.0,False,0.0,-1.0,1.0,5.7839559808,7.75,5.6937799039999994,4.72,2023
2023,RA-1014,0.0,0,0.0,7,Feminino,2023,Pública,Topázio,8.2582,10.0,8.2,9.7,9.0,3.77,7.5,8.255,7.7,8.7,,,,,,False,Adequado (≥ 0),0,0.0,False,0.0,-1.0,1.0,6.315972727300001,5.25,7.8863636365000005,7.0,2023
2023,RA-1015,1.0,2,-1.0,10,Feminino,2023,Pública,Ametista,7.538908333,5.0,6.3,9.3,10.0,6.27,7.34375,7.786666667,5.0,7.6,,,,,,False,Moderada (-1 a -2),0,1.0,False,2.0,0.0,0.0,6.643252381000002,4.0,7.8214285715,5.66,2023
2023,RA-687,1.0,2,-1.0,10,Masculino,2022,Pública,Ametista,7.617533333,5.0,6.9,9.0,8.0,7.52,7.5,8.226666667,6.7,7.0,,,,,Ametista,False,Moderada (-1 a -2),1,1.0,False,2.0,0.0,0.0,8.2739844611,7.25,9.2355889725,8.003333333,2023
2023,RA-1017,1.0,2,-1.0,11,Masculino,2023,Pública,Ágata,6.505333333,5.0,7.7,8.0,0.0,5.02,7.5,8.116666667,7.0,8.3,,,,,,False,Moderada (-1 a -2),0,1.0,False,2.0,0.0,0.0,7.345521428500001,5.0,7.8095238095,7.443333333,2023
2023,RA-688,1.0,2,-1.0,10,Masculino,2022,Pública,Topázio,8.0442,5.0,8.6,9.3,8.5,7.52,7.5,8.06,8.2,9.0,,,,,Ametista,False,Moderada (-1 a -2),1,1.0,False,2.0,0.0,0.0,8.986533333300002,7.5,10.0,9.45,2023
2023,RA-1018,1.0,1,0.0,9,Masculino,2023,Pública,Ágata,6.824,10.0,6.3,8.5,0.0,5.02,7.5,8.06,5.8,6.8,,,,,,False,Adequado (≥ 0),0,0.0,False,1.0,-1.0,1.0,7.7054045454,8.25,7.727272727,8.45,2023
2023,RA-696,1.0,1,0.0,9,Feminino,2021,Pública,Ametista,7.172666667,10.0,6.7,9.4,0.0,5.02,7.5,8.503333333,5.2,8.2,,,,,Ametista,False,Adequado (≥ 0),2,0.0,False,2.0,0.0,0.0,7.482680952299999,5.25,7.845238095,8.0,2023
2023,RA-1019,1.0,0,1.0,8,Feminino,2023,Pública,Ametista,7.177033333,10.0,4.3,9.1,7.5,5.02,6.875,7.836666667,0.5,8.0,,,,,,False,Adequado (≥ 0),0,0.0,False,1.0,0.0,0.0,8.692255194900001,8.75,9.3073593075,8.616666667,2023
2023,RA-514,1.0,2,-1.0,10,Feminino,2022,Pública,Quartzo,5.823133333,5.0,5.5,7.5,7.9,2.52,5.0,5.896666667,4.2,6.8,,,,,Ametista,False,Moderada (-1 a -2),1,1.0,False,2.0,0.0,0.0,6.219580952400001,3.0,7.595238095,5.996666667,2023
2023,RA-1020,1.0,1,0.0,9,Feminino,2023,Pública,Ametista,7.612283333,10.0,6.1,9.1,10.0,2.52,7.1875,8.056666667,4.3,7.8,,,,,,False,Adequado (≥ 0),0,0.0,False,1.0,0.0,0.0,8.9544954545,9.0,9.7727272725,8.84,2023
2023,RA-1021,1.0,1,0.0,9,Masculino,2023,Pública,Ágata,6.964616667,10.0,3.3,9.2,8.0,3.77,7.1875,7.893333333,2.5,4.0,,,,,,False,Adequado (≥ 0),0,0.0,False,1.0,-1.0,1.0,8.0985863636,8.0,9.318181818,7.95,2023
2023,RA-1022,1.0,1,0.0,9,Masculino,2023,Pública,Ametista,7.164616667,10.0,4.7,8.5,8.5,3.77,7.1875,7.893333333,4.7,4.7,,,,,,False,Adequado (≥ 0),0,0.0,False,1.0,-1.0,1.0,7.613169697000002,6.5,9.318181818,8.116666667,2023
2023,RA-1023,1.0,1,0.0,9,Feminino,2023,Pública,Topázio,9.1342,10.0,9.1,10.0,10.0,6.27,8.75,9.06,8.5,9.7,,,,,,False,Adequado (≥ 0),0,0.0,False,2.0,0.0,0.0,9.498580952300001,9.5,9.511904762,9.563333333,2023
2023,RA-699,1.0,2,-1.0,10,Masculino,2022,Pública,Ágata,6.389991667,5.0,6.0,8.3,8.5,3.77,5.78125,6.173333333,5.7,6.2,,,,,Ágata,False,Moderada (-1 a -2),1,1.0,False,1.0,-1.0,1.0,6.427771212000001,6.5,7.727272727000001,5.833333333,2023
2023,RA-480,1.0,2,-1.0,11,Feminino,2021,Pública,Topázio,8.226408333,5.0,7.9,9.7,10.0,7.52,7.96875,8.336666667,7.2,8.5,,,,,Ametista,False,Moderada (-1 a -2),2,1.0,False,2.0,0.0,0.0,7.260202380900001,5.0,8.0714285715,7.443333333,2023
2023,RA-1024,1.0,2,-1.0,10,Feminino,2023,Pública,Ametista,7.788875,5.0,9.8,10.0,0.0,6.27,9.21875,8.95,10.0,9.5,,,,,,False,Moderada (-1 a -2),0,1.0,False,1.0,-1.0,1.0,8.6516166666,10.0,10.0,8.783333333,2023
2023,RA-502,1.0,1,0.0,9,Feminino,2021,Privada / bolsa,Topázio,8.749075,10.0,8.0,9.8,8.5,7.52,7.96875,8.95,6.7,9.3,,,,,Topázio,False,Adequado (≥ 0),2,0.0,False,2.0,0.0,0.0,8.5023309524,8.0,9.761904762,8.84,2023
2023,RA-1025,1.0,1,0.0,9,Masculino,2023,Pública,Topázio,8.215158333,10.0,7.5,8.9,8.5,7.52,7.65625,7.836666667,7.5,7.5,,,,,,False,Adequado (≥ 0),0,0.0,False,1.0,-1.0,1.0,7.897071212,9.0,7.727272727,7.783333333,2023
2023,RA-680,1.0,2,-1.0,11,Feminino,2019,Pública,Ágata,6.5855,5.0,6.4,9.1,0.0,7.52,6.875,7.78,5.2,7.5,,,,,Ametista,False,Moderada (-1 a -2),4,1.0,False,2.0,-1.0,1.0,4.9800714287000005,3.0,6.6428571430000005,6.606666667,2023
2023,RA-698,1.0,1,0.0,9,Masculino,2021,Pública,Ametista,7.553616667,10.0,5.7,9.9,8.5,2.52,7.1875,8.113333333,4.3,7.0,,,,,Ametista,False,Adequado (≥ 0),2,0.0,False,2.0,0.0,0.0,7.3363190476,4.5,8.3214285715,7.273333333,2023
2023,RA-1027,1.0,2,-1.0,10,Feminino,2023,Pública,Ametista,7.748866667,5.0,6.0,9.7,9.5,7.52,7.5,8.333333333,4.2,7.7,,,,,,False,Moderada (-1 a -2),0,1.0,False,2.0,0.0,0.0,8.220866666700001,5.25,10.0,8.39,2023
2023,RA-529,1.0,3,-2.0,13,Masculino,2020,Pública,Ametista,7.278991667,5.0,6.8,9.6,8.0,7.52,5.78125,6.893333333,4.8,8.7,,,,,Ágata,False,Moderada (-1 a -2),3,1.0,False,2.0,-1.0,1.0,5.2661285715,4.25,6.6071428569999995,4.886666667,2023
2023,RA-1028,1.0,2,-1.0,11,Masculino,2023,Pública,Ágata,6.415708333,5.0,5.0,9.2,0.0,7.52,7.34375,7.946666667,5.0,5.0,,,,,,False,Moderada (-1 a -2),0,1.0,False,1.0,-2.0,1.0,7.1404338602,7.5,7.055335968,8.393333333,2023
2023,RA-686,1.0,2,-1.0,10,Feminino,2022,Pública,Ametista,7.9642,5.0,8.0,9.0,8.5,7.52,7.5,8.56,7.3,8.7,,,,,Ametista,False,Moderada (-1 a -2),1,1.0,False,2.0,0.0,0.0,8.040259523700001,7.25,8.7857142855,7.503333333,2023
2023,RA-1029,1.0,1,0.0,9,Feminino,2023,Pública,Ametista,7.058533333,10.0,5.4,6.3,10.0,3.77,7.5,8.006666667,3.5,7.2,,,,,,False,Adequado (≥ 0),0,0.0,False,1.0,-1.0,1.0,7.797790909100001,8.75,8.7954545455,7.25,2023
2023,RA-1030,1.0,2,-1.0,11,Masculino,2023,Pública,Ametista,7.4027,5.0,6.9,9.7,8.5,3.77,6.875,8.39,6.2,7.5,,,,,,False,Moderada (-1 a -2),0,1.0,False,2.0,0.0,0.0,7.7401916040000005,8.0,8.28320802,7.61,2023
2023,RA-522,1.0,2,-1.0,10,Masculino,2021,Pública,Ametista,7.890533333,5.0,8.3,9.2,7.5,7.52,7.083333333,8.45,8.3,8.2,,,,,Topázio,False,Moderada (-1 a -2),2,1.0,False,2.0,0.0,0.0,8.6777119048,9.0,9.523809524,7.89,2023
2023,RA-501,1.0,2,-1.0,10,Masculino,2021,Pública,Topázio,8.1357,5.0,8.9,8.4,7.0,7.52,8.541666667,9.396666667,9.2,8.5,,,,,Ametista,False,Moderada (-1 a -2),2,1.0,False,2.0,0.0,0.0,8.2779474937,8.75,7.9949874685,8.17,2023
2023,RA-527,1.0,2,-1.0,10,Feminino,2022,Pública,Ametista,7.5682,5.0,6.5,9.1,9.0,7.52,7.5,7.78,5.7,7.2,,,,,Ametista,False,Moderada (-1 a -2),1,1.0,False,2.0,0.0,0.0,8.1403666666,6.0,10.0,7.383333333,2023
2023,RA-1031,1.0,2,-1.0,10,Masculino,2023,Pública,Ametista,7.0602,5.0,5.9,8.8,8.0,7.52,6.666666667,7.006666667,4.8,7.0,,,,,,False,Moderada (-1 a -2),0,1.0,False,1.0,-1.0,1.0,6.8757227273,6.25,8.6363636365,5.83,2023
2023,RA-1032,1.0,2,-1.0,10,Masculino,2023,Pública,Ametista,7.434033333,5.0,6.0,9.5,8.5,7.52,7.291666667,7.563333333,5.7,6.2,,,,,,False,Moderada (-1 a -2),0,1.0,False,1.0,-1.0,1.0,8.01645,8.0,9.75,7.92,2023
2023,RA-1034,1.0,2,-1.0,10,Masculino,2023,Pública,Ametista,7.9642,5.0,8.3,9.0,7.5,7.52,8.333333333,8.393333333,7.8,8.7,,,,,,False,Moderada (-1 a -2),0,1.0,False,2.0,0.0,0.0,8.0333666666,7.5,8.0833333335,8.223333333,2023
2023,RA-1035,1.0,1,0.0,9,Masculino,2023,Pública,Ágata,6.888833333,10.0,5.8,8.3,0.0,7.52,7.708333333,7.78,4.0,7.5,,,,,,False,Adequado (≥ 0),0,0.0,False,1.0,-1.0,1.0,7.833495454500001,7.0,9.0227272725,7.92,2023
2023,RA-730,1.0,2,-1.0,10,Feminino,2021,Privada / bolsa,Ametista,7.979325,5.0,7.8,8.7,10.0,5.02,9.53125,8.67,7.8,7.7,,,,,Ametista,False,Moderada (-1 a -2),2,1.0,False,2.0,0.0,0.0,8.469255555700002,9.5,7.152777778,8.666666667,2023
2023,RA-855,1.0,1,0.0,9,Feminino,2022,Pública,Topázio,8.62995,10.0,6.8,10.0,9.5,7.52,8.4375,8.67,5.2,8.3,,,,,Topázio,False,Adequado (≥ 0),1,0.0,False,2.0,0.0,0.0,8.578533333400001,8.5,10.0,7.386666667,2023
2023,RA-820,1.0,2,-1.0,10,Masculino,2022,Pública,Ametista,7.85605,5.0,8.9,7.4,7.9,7.52,9.0625,8.28,9.2,8.5,,,,,Ametista,False,Moderada (-1 a -2),1,1.0,False,2.0,0.0,0.0,7.426572549100001,6.25,6.573529412,6.386666667,2023
2023,RA-738,1.0,1,0.0,9,Feminino,2022,Pública,Topázio,8.123283333,10.0,6.0,9.3,8.0,7.52,8.4375,8.336666667,4.2,7.8,,,,,Ametista,False,Adequado (≥ 0),1,0.0,False,1.0,-1.0,1.0,7.2626980238000005,7.25,7.292490119,7.39,2023
2023,RA-1036,1.0,2,-1.0,11,Feminino,2023,Pública,Ágata,6.970583333,5.0,8.0,9.6,0.0,3.77,9.0625,8.336666667,9.0,7.0,,,,,,False,Moderada (-1 a -2),0,1.0,False,2.0,0.0,0.0,8.2841303831,7.0,9.0890269155,7.7475,2023
2023,RA-576,1.0,2,-1.0,11,Feminino,2022,Pública,Ametista,7.984741667,5.0,8.0,9.3,9.0,5.02,9.21875,8.503333333,6.5,9.5,,,,,Ametista,False,Moderada (-1 a -2),1,1.0,False,2.0,0.0,0.0,8.93195,9.25,10.0,8.4975,2023
2023,RA-1038,1.0,2,-1.0,10,Feminino,2023,Privada / bolsa,Ametista,7.736825,5.0,6.5,9.3,8.0,7.52,8.90625,8.17,7.5,5.5,,,,,,False,Moderada (-1 a -2),0,1.0,False,2.0,0.0,0.0,7.9646385965,8.5,7.5438596495,7.273333333,2023
2023,RA-1039,1.0,3,-2.0,12,Masculino,2023,Pública,Ametista,7.686033333,5.0,6.2,9.9,8.0,7.52,8.125,8.056666667,6.0,6.3,,,,,,False,Moderada (-1 a -2),0,1.0,False,2.0,-1.0,1.0,7.549644444400001,7.25,9.722222222,6.77,2023
2023,RA-1040,1.0,2,-1.0,11,Masculino,2023,Pública,Ametista,7.81545,5.0,6.6,9.3,10.0,7.52,7.8125,8.06,5.8,7.3,,,,,,False,Moderada (-1 a -2),0,1.0,False,2.0,-1.0,1.0,7.764199999900001,8.25,8.5416666665,7.273333333,2023
2023,RA-733,1.0,1,0.0,9,Feminino,2022,Pública,Topázio,8.3342,10.0,6.2,8.7,10.0,7.52,8.333333333,8.893333333,4.3,8.0,,,,,Ágata,False,Adequado (≥ 0),1,0.0,False,1.0,-1.0,1.0,8.808825,9.25,10.0,9.085,2023
2023,RA-837,1.0,1,0.0,9,Masculino,2022,Pública,Topázio,8.2712,10.0,7.0,9.3,9.0,7.52,7.916666667,7.836666667,6.3,7.7,,,,,Topázio,False,Adequado (≥ 0),1,0.0,False,2.0,0.0,0.0,7.9648467391,6.75,9.782608695499999,7.5825,2023
2023,RA-521,1.0,2,-1.0,10,Masculino,2022,Pública,Ágata,6.768666667,5.0,7.9,9.9,0.0,3.77,7.083333333,8.166666667,7.0,8.7,,,,,Ametista,False,Moderada (-1 a -2),1,1.0,False,2.0,0.0,0.0,7.4798428571999995,6.25,9.0357142855,7.276666667,2023
2023,RA-713,1.0,2,-1.0,10,Masculino,2021,Pública,Ametista,7.408033333,5.0,7.5,9.6,8.0,3.77,6.875,8.166666667,6.7,8.2,,,,,Ametista,False,Moderada (-1 a -2),2,1.0,False,2.0,0.0,0.0,7.467500983400001,6.75,7.525879916999999,6.79,2023
2023,RA-1043,1.0,2,-1.0,10,Masculino,2023,Pública,Ágata,6.5447,5.0,2.5,7.9,10.0,6.27,7.708333333,7.833333333,2.0,3.0,,,,,,False,Moderada (-1 a -2),0,1.0,False,1.0,-1.0,1.0,7.539847562500002,8.25,7.994071146,6.553333333,2023
2023,RA-716,1.0,2,-1.0,10,Masculino,2022,Pública,Ágata,6.813366667,5.0,5.6,8.7,9.0,3.77,6.875,7.443333333,5.0,6.2,,,,,Ágata,False,Moderada (-1 a -2),1,1.0,False,1.0,-1.0,1.0,6.2372943675000005,5.75,5.5335968375,5.7875,2023
2023,RA-1044,1.0,2,-1.0,10,Feminino,2023,Pública,Ametista,7.629533333,5.0,6.1,9.7,8.0,7.52,7.5,8.336666667,4.5,7.7,,,,,,False,Moderada (-1 a -2),0,1.0,False,2.0,0.0,0.0,7.966711904800001,7.0,9.523809524,7.21,2023
2023,RA-745,1.0,2,-1.0,10,Masculino,2021,Privada / bolsa,Ametista,7.668366667,5.0,7.0,9.3,9.5,3.77,8.125,8.893333333,5.7,8.2,,,,,Ametista,False,Moderada (-1 a -2),2,1.0,False,2.0,0.0,0.0,8.6102,8.5,10.0,8.17,2023
2023,RA-718,1.0,1,0.0,9,Feminino,2022,Pública,Topázio,8.166866667,10.0,7.8,9.1,9.5,3.77,7.916666667,8.39,6.3,9.2,,,,,Topázio,False,Adequado (≥ 0),1,0.0,False,2.0,1.0,0.0,8.705811111100001,9.5,9.5138888885,7.946666667,2023
2023,RA-721,1.0,1,0.0,9,Feminino,2021,Pública,Topázio,8.683366667,10.0,8.4,9.5,8.5,7.52,8.125,8.443333333,7.5,9.3,,,,,Ametista,False,Adequado (≥ 0),2,0.0,False,2.0,0.0,0.0,8.8986026915,8.25,9.544513457499999,8.755,2023
2023,RA-746,1.0,1,0.0,9,Masculino,2022,Pública,Ágata,6.517166667,10.0,7.2,8.0,0.0,3.77,6.875,7.113333333,6.0,8.3,,,,,Ametista,False,Adequado (≥ 0),1,0.0,False,2.0,0.0,0.0,7.903311111100001,8.0,7.4305555555,7.33,2023
2023,RA-483,1.0,3,-2.0,12,Feminino,2019,Pública,Ágata,6.3972,5.0,5.6,6.0,9.0,2.52,7.916666667,8.166666667,5.0,6.2,,,,,Quartzo,False,Moderada (-1 a -2),4,1.0,False,2.0,-1.0,1.0,6.578604762,5.25,5.6428571430000005,8.056666667,2023
2023,RA-570,1.0,2,-1.0,11,Feminino,2019,Pública,Ágata,6.781033333,5.0,5.9,7.3,8.5,3.77,8.125,8.056666667,5.7,6.0,,,,,Quartzo,False,Moderada (-1 a -2),4,1.0,False,2.0,-1.0,1.0,6.8133640787,6.75,8.0020703935,6.4075,2023
2023,RA-1048,1.0,2,-1.0,10,Feminino,2023,Privada / bolsa,Ametista,7.811366667,5.0,8.2,9.5,8.5,3.77,8.541666667,8.5,7.5,8.8,,,,,,False,Moderada (-1 a -2),0,1.0,False,2.0,1.0,0.0,7.5198666666000005,6.25,6.833333333500001,8.283333333,2023
2023,RA-1049,1.0,2,-1.0,10,Masculino,2023,Pública,Ametista,7.443366667,5.0,6.3,7.7,10.0,7.52,8.125,7.943333333,5.5,7.0,,,,,,False,Moderada (-1 a -2),0,1.0,False,1.0,-1.0,1.0,6.821885606,4.5,8.03030303,6.745,2023
2023,RA-707,1.0,2,-1.0,11,Feminino,2020,Pública,Ágata,6.518,5.0,6.5,9.8,0.0,3.77,7.916666667,7.946666667,5.5,7.5,,,,,Ametista,False,Moderada (-1 a -2),3,1.0,False,2.0,-1.0,1.0,6.4975618421000005,6.5,7.7236842105,6.415,2023
2023,RA-1052,1.0,1,0.0,9,Masculino,2023,Pública,Ágata,6.960333333,10.0,5.3,9.0,0.0,7.52,7.916666667,7.833333333,5.0,5.5,,,,,,False,Adequado (≥ 0),0,0.0,False,1.0,-1.0,1.0,7.744032575800001,8.25,9.128787879,8.4975,2023
2023,RA-580,1.0,2,-1.0,11,Feminino,2020,Pública,Topázio,8.4712,5.0,9.0,9.8,8.5,7.52,8.75,8.67,8.7,9.3,,,,,Ametista,False,Moderada (-1 a -2),3,1.0,False,2.0,-1.0,1.0,7.9281521222,9.25,8.871635610999999,7.2475,2023
2023,RA-581,1.0,2,-1.0,11,Masculino,2019,Pública,Ametista,7.7167,5.0,7.9,9.8,8.0,7.52,6.458333333,7.393333333,7.0,8.8,,,,,Ágata,False,Moderada (-1 a -2),4,1.0,False,2.0,-1.0,1.0,7.0833015528,8.75,8.198757764,6.165,2023
2023,RA-735,1.0,2,-1.0,11,Feminino,2021,Pública,Ametista,7.184,5.0,8.1,9.0,0.0,7.52,8.333333333,8.393333333,7.7,8.5,,,,,Ametista,False,Moderada (-1 a -2),2,1.0,False,2.0,-1.0,1.0,7.7888467391,8.0,9.782608695499999,7.705,2023
2023,RA-710,1.0,2,-1.0,11,Masculino,2020,Pública,Ametista,7.0582,5.0,6.5,9.0,9.5,3.77,7.083333333,7.113333333,5.7,7.3,,,,,Ametista,False,Moderada (-1 a -2),3,1.0,False,2.0,-1.0,1.0,7.0366241342,6.75,8.170995671,6.5375,2023
2023,RA-712,1.0,3,-2.0,12,Masculino,2019,Pública,Ágata,6.331533333,5.0,6.7,5.6,9.5,3.14,7.5,6.836666667,5.5,7.8,,,,,Ágata,False,Moderada (-1 a -2),4,1.0,False,2.0,-1.0,1.0,6.2236373706000006,6.75,5.983436853,6.04,2023
2023,RA-549,1.0,2,-1.0,11,Masculino,2021,Pública,Ametista,7.0297,5.0,6.4,8.1,9.5,5.02,6.875,7.5,5.5,7.2,,,,,Ágata,False,Moderada (-1 a -2),2,1.0,False,2.0,-1.0,1.0,6.5398187888,5.75,7.204968943999999,5.9125,2023
2023,RA-571,1.0,3,-2.0,12,Feminino,2019,Privada / bolsa,Ágata,6.6097,5.0,5.0,7.9,9.0,3.77,7.291666667,7.616666667,3.8,6.2,,,,,Ágata,False,Moderada (-1 a -2),4,1.0,False,2.0,-1.0,1.0,6.2964554347999995,5.25,8.695652174,5.8325,2023
2023,RA-714,1.0,3,-2.0,12,Masculino,2019,Pública,Ágata,6.078666667,5.0,7.4,8.0,0.0,3.14,7.5,7.223333333,6.7,8.0,,,,,Ágata,False,Moderada (-1 a -2),4,1.0,False,2.0,-1.0,1.0,5.4653662008,4.0,6.873706004,6.9975,2023
2023,RA-737,1.0,1,0.0,9,Feminino,2022,Pública,Topázio,8.048033333,10.0,7.5,7.8,9.5,7.52,7.291666667,7.783333333,7.0,8.0,,,,,Ametista,False,Adequado (≥ 0),1,0.0,False,2.0,0.0,0.0,8.4695488613,9.25,8.6542443065,8.0,2023
2023,RA-577,1.0,2,-1.0,11,Feminino,2022,Pública,Ametista,7.219366667,5.0,7.4,8.2,10.0,3.77,6.875,7.673333333,6.5,8.3,,,,,Ametista,False,Moderada (-1 a -2),1,1.0,False,2.0,-1.0,1.0,6.629159109700001,8.0,5.7660455485,6.535,2023
2023,RA-731,1.0,2,-1.0,11,Feminino,2019,Pública,Ágata,6.7742,5.0,6.8,7.6,8.5,3.14,7.5,7.45,6.2,7.3,,,,,Ametista,False,Moderada (-1 a -2),4,1.0,False,2.0,-1.0,1.0,4.7704873377000006,2.5,4.188311688500001,4.835,2023
2023,RA-1054,1.0,3,-2.0,12,Masculino,2023,Pública,Ametista,7.459533333,5.0,6.6,8.6,8.5,7.52,7.5,7.836666667,5.0,8.2,,,,,,False,Moderada (-1 a -2),0,1.0,False,2.0,-1.0,1.0,6.985788509300001,6.25,7.3291925465,6.75,2023
2023,RA-1055,1.0,2,-1.0,11,Masculino,2023,Pública,Quartzo,5.9765,5.0,5.5,7.2,0.0,7.52,7.291666667,7.276666667,6.0,5.0,,,,,,False,Moderada (-1 a -2),0,1.0,False,1.0,-2.0,1.0,6.403040909100001,5.5,5.7954545455,5.87,2023
2023,RA-597,1.0,2,-1.0,10,Masculino,2022,Pública,Topázio,8.49045,5.0,8.5,9.6,10.0,7.52,9.0625,8.56,7.8,9.2,,,,,Topázio,False,Moderada (-1 a -2),1,1.0,False,2.0,0.0,0.0,7.843291097300001,6.0,9.3271221535,6.883333333,2023
2023,RA-624,1.0,2,-1.0,11,Masculino,2022,Pública,Topázio,8.270825,5.0,8.6,9.2,9.0,7.52,8.90625,8.39,8.3,8.8,,,,,Ametista,False,Moderada (-1 a -2),1,1.0,False,2.0,0.0,0.0,7.229425672900001,4.0,8.219461698,7.213333333,2023
2023,RA-776,1.0,2,-1.0,10,Feminino,2022,Privada / bolsa,Quartzo,5.567916667,5.0,3.5,7.0,0.0,7.52,7.8125,7.223333333,4.2,2.7,,,,,Quartzo,False,Moderada (-1 a -2),1,1.0,False,1.0,-1.0,1.0,5.178509523800001,0.0,5.9523809525,6.5,2023
2023,RA-600,1.0,2,-1.0,10,Feminino,2021,Pública,Ametista,7.651658333,5.0,7.2,8.4,8.5,7.52,8.28125,8.056666667,6.5,7.8,,,,,Ágata,False,Moderada (-1 a -2),2,1.0,False,2.0,0.0,0.0,7.847373913,7.5,8.010869565,7.22,2023
2023,RA-1056,1.0,1,0.0,9,Masculino,2023,Pública,Topázio,8.551741667,10.0,8.1,9.6,8.5,7.52,7.96875,8.113333333,7.8,8.3,,,,,,False,Adequado (≥ 0),0,0.0,False,1.0,-1.0,1.0,8.192009523800001,8.25,9.2857142855,8.335,2023
2023,RA-601,1.0,1,0.0,9,Masculino,2021,Pública,Topázio,8.955783333,10.0,8.7,10.0,9.0,7.52,9.0625,8.336666667,8.0,9.3,,,,,Ametista,False,Adequado (≥ 0),2,0.0,False,1.0,-1.0,1.0,8.5107,8.75,10.0,8.425,2023
2023,RA-762,1.0,3,-2.0,13,Masculino,2022,Pública,Ametista,7.09945,5.0,5.8,9.1,10.0,3.14,7.8125,7.67,6.2,5.3,,,,,Ametista,False,Moderada (-1 a -2),1,1.0,False,2.0,-2.0,1.0,5.9677326087,3.75,6.4239130435,5.7525,2023
2023,RA-778,1.0,2,-1.0,10,Feminino,2021,Pública,Ametista,7.926825,5.0,8.2,7.9,8.5,7.52,8.90625,8.62,7.3,9.0,,,,,Ametista,False,Moderada (-1 a -2),2,1.0,False,2.0,0.0,0.0,8.0754139589,7.0,8.1235697945,7.7475,2023
2023,RA-628,1.0,3,-2.0,12,Masculino,2022,Pública,Topázio,8.370325,5.0,9.4,8.9,9.5,7.52,8.28125,8.45,9.0,9.7,,,,,Ametista,False,Moderada (-1 a -2),1,1.0,False,2.0,-1.0,1.0,8.2366166666,9.0,10.0,7.833333333,2023
2023,RA-606,1.0,2,-1.0,10,Masculino,2022,Pública,Ametista,7.402491667,5.0,6.0,8.5,8.5,7.52,7.65625,8.223333333,4.7,7.2,,,,,Ágata,False,Moderada (-1 a -2),1,1.0,False,2.0,0.0,0.0,6.645260606100001,3.25,7.6136363634999995,5.606666667,2023
2023,RA-607,1.0,2,-1.0,11,Masculino,2022,Pública,Ametista,7.333075,5.0,6.8,7.5,8.0,7.52,7.96875,8.17,4.8,8.7,,,,,Ágata,False,Moderada (-1 a -2),1,1.0,False,2.0,0.0,0.0,7.6486021739000005,7.0,7.4782608695,7.165,2023
2023,RA-608,1.0,2,-1.0,10,Masculino,2022,Pública,Ametista,7.401741667,5.0,6.2,7.5,10.0,7.52,7.96875,8.113333333,6.0,6.3,,,,,Ametista,False,Moderada (-1 a -2),1,1.0,False,2.0,0.0,0.0,5.778986231800001,4.25,3.054347826,5.053333333,2023
2023,RA-788,1.0,1,0.0,9,Masculino,2021,Pública,Ametista,7.806091667,10.0,6.9,9.8,7.9,2.52,7.65625,8.283333333,6.0,7.8,,,,,Topázio,False,Adequado (≥ 0),2,0.0,False,2.0,0.0,0.0,7.9221068268,5.75,9.519450801,7.783333333,2023
2023,RA-784,1.0,2,-1.0,10,Feminino,2022,Pública,Topázio,8.171366667,5.0,7.3,9.5,10.0,7.52,8.125,8.783333333,6.5,8.0,,,,,Topázio,False,Moderada (-1 a -2),1,1.0,False,2.0,0.0,0.0,8.8857454545,8.75,9.7727272725,9.4,2023
2023,RA-785,1.0,2,-1.0,10,Feminino,2022,Pública,Topázio,8.137866667,5.0,8.8,8.5,9.0,7.52,7.916666667,8.67,8.2,9.4,,,,,Ametista,False,Moderada (-1 a -2),1,1.0,False,2.0,0.0,0.0,9.1548666666,9.0,10.0,8.893333333,2023
2023,RA-587,1.0,2,-1.0,11,Masculino,2022,Pública,Ágata,6.032033333,5.0,2.7,7.0,8.5,7.52,6.458333333,6.72,2.2,3.2,,,,,Ágata,False,Moderada (-1 a -2),1,1.0,False,1.0,-2.0,1.0,6.817057142900001,6.25,7.380952381,5.74,2023
2023,RA-790,1.0,3,-2.0,12,Masculino,2022,Pública,Ágata,6.707666667,5.0,7.4,8.1,0.0,7.52,7.083333333,8.286666667,7.2,7.5,,,,,Ametista,False,Moderada (-1 a -2),1,1.0,False,2.0,-1.0,1.0,6.8089355072,6.75,6.811594203,6.883333333,2023
2023,RA-663,1.0,2,-1.0,11,Masculino,2022,Pública,Ágata,6.969133333,5.0,7.0,7.4,6.9,7.52,6.666666667,7.393333333,6.7,7.3,,,,,Ágata,False,Moderada (-1 a -2),1,1.0,False,2.0,-1.0,1.0,6.696419461700001,6.5,7.0910973085,6.89,2023
2023,RA-664,1.0,2,-1.0,11,Feminino,2022,Pública,Topázio,8.0872,5.0,8.0,9.6,9.0,7.52,7.916666667,8.116666667,8.0,8.0,,,,,Ametista,False,Moderada (-1 a -2),1,1.0,False,2.0,0.0,0.0,7.5017244089,5.75,6.7734553775,7.666666667,2023
2023,RA-761,1.0,2,-1.0,10,Masculino,2022,Pública,Topázio,8.219533333,5.0,8.4,9.7,9.0,7.52,8.333333333,8.12,8.7,8.0,,,,,Topázio,False,Moderada (-1 a -2),1,1.0,False,2.0,0.0,0.0,8.174593939300001,7.25,8.8636363635,8.003333333,2023
2023,RA-1057,1.0,1,0.0,9,Feminino,2023,Pública,Topázio,8.4827,10.0,6.3,10.0,10.0,7.52,8.125,8.34,6.5,6.0,,,,,,False,Adequado (≥ 0),0,0.0,False,1.0,-1.0,1.0,8.2352,8.0,10.0,8.17,2023
2023,RA-629,1.0,2,-1.0,10,Feminino,2022,Pública,Topázio,8.013866667,5.0,7.5,9.4,10.0,7.52,7.916666667,7.95,7.0,8.0,,,,,Topázio,False,Moderada (-1 a -2),1,1.0,False,2.0,0.0,0.0,8.061295238200001,6.0,9.523809524,7.276666667,2023
2023,RA-832,1.0,2,-1.0,10,Masculino,2022,Pública,Topázio,8.2697,5.0,8.5,9.5,10.0,7.52,7.708333333,8.283333333,9.2,7.7,,,,,Topázio,False,Moderada (-1 a -2),1,1.0,False,2.0,0.0,0.0,8.2403304348,8.0,8.695652174,7.5,2023
2023,RA-594,1.0,2,-1.0,11,Masculino,2022,Pública,Ágata,6.702033333,5.0,5.8,7.1,8.5,6.27,6.875,7.336666667,6.2,5.3,,,,,Ametista,False,Moderada (-1 a -2),1,1.0,False,2.0,0.0,0.0,6.890966666600001,7.0,5.75,6.053333333,2023
2023,RA-767,1.0,2,-1.0,11,Masculino,2021,Pública,Ametista,7.3807,5.0,6.3,8.3,10.0,7.52,7.291666667,7.446666667,6.5,6.0,,,,,Ametista,False,Moderada (-1 a -2),2,1.0,False,1.0,-2.0,1.0,8.131890476200002,8.25,9.0476190475,8.085,2023
2023,RA-1058,1.0,1,0.0,9,Feminino,2023,Pública,Ametista,7.356533333,10.0,5.4,8.7,10.0,3.14,7.083333333,7.62,4.0,6.7,,,,,,False,Adequado (≥ 0),0,0.0,False,1.0,-1.0,1.0,7.703347619,7.75,8.095238095,8.085,2023
2023,RA-747,1.0,2,-1.0,11,Feminino,2022,Pública,Ágata,6.026366667,5.0,3.1,8.0,10.0,3.14,6.041666667,6.94,1.2,5.0,,,,,Ametista,False,Moderada (-1 a -2),1,1.0,False,1.0,-2.0,1.0,5.8450809523,2.25,8.095238095,5.335,2023
2023,RA-827,1.0,2,-1.0,11,Feminino,2022,Pública,Ametista,7.419925,5.0,8.1,8.1,7.9,3.14,8.28125,8.73,7.7,8.5,,,,,Ametista,False,Moderada (-1 a -2),1,1.0,False,2.0,0.0,0.0,8.2483467391,7.25,9.782608695499999,7.875,2023
2023,RA-1059,1.0,2,-1.0,10,Masculino,2023,Pública,Ametista,7.763741667,5.0,7.6,9.8,10.0,2.52,7.96875,8.673333333,6.2,9.0,,,,,,False,Moderada (-1 a -2),0,1.0,False,2.0,0.0,0.0,8.678450000000002,7.5,10.0,9.23,2023
2023,RA-612,1.0,2,-1.0,11,Feminino,2021,Privada / bolsa,Topázio,8.410783333,5.0,9.7,9.7,9.0,3.77,9.0625,9.286666667,9.3,10.0,,,,,Ametista,False,Moderada (-1 a -2),2,1.0,False,2.0,0.0,0.0,9.134040909100001,9.75,9.5454545455,9.4,2023
2023,RA-1060,1.0,2,-1.0,10,Masculino,2023,Pública,Ametista,7.095741667,5.0,5.7,8.6,9.0,3.14,7.96875,8.673333333,4.3,7.0,,,,,,False,Moderada (-1 a -2),0,1.0,False,2.0,0.0,0.0,6.448416666600001,3.25,6.0,6.163333333,2023
2023,RA-665,1.0,2,-1.0,11,Feminino,2022,Pública,Ágata,6.185658333,5.0,5.2,4.9,9.5,2.52,8.28125,8.226666667,5.0,5.3,,,,,Ágata,False,Moderada (-1 a -2),1,1.0,False,2.0,-1.0,1.0,5.698703030200001,4.75,5.068181818,5.443333333,2023
2023,RA-829,1.0,1,0.0,9,Feminino,2022,Pública,Topázio,8.532075,10.0,8.4,9.4,9.0,3.14,9.21875,9.23,7.5,9.2,,,,,Ametista,False,Adequado (≥ 0),1,0.0,False,2.0,1.0,0.0,9.171825000000002,8.0,9.75,9.215,2023
2023,RA-1061,1.0,2,-1.0,10,Masculino,2023,Pública,Topázio,8.196533333,5.0,9.3,9.7,9.5,3.14,8.75,8.836666667,8.8,9.7,,,,,,False,Moderada (-1 a -2),0,1.0,False,2.0,0.0,0.0,8.76595,8.5,10.0,8.73,2023
2023,RA-1062,1.0,1,0.0,9,Masculino,2023,Pública,Ametista,7.448841667,10.0,6.2,7.7,7.4,3.77,8.59375,8.503333333,4.8,7.5,,,,,,False,Adequado (≥ 0),0,0.0,False,1.0,-1.0,1.0,7.6147238096,7.25,9.047619048,8.085,2023
2023,RA-833,1.0,2,-1.0,10,Masculino,2022,Pública,Ametista,7.81295,5.0,7.4,9.5,10.0,3.77,8.4375,8.56,7.3,7.5,,,,,Ametista,False,Moderada (-1 a -2),1,1.0,False,2.0,0.0,0.0,8.5184577641,8.0,9.3271221535,7.946666667,2023
2023,RA-630,1.0,2,-1.0,10,Masculino,2022,Pública,Ametista,7.199991667,5.0,5.7,8.6,9.0,3.77,8.28125,8.673333333,4.2,7.2,,,,,Topázio,False,Moderada (-1 a -2),1,1.0,False,2.0,0.0,0.0,6.879985507300001,5.75,8.4782608695,7.666666667,2023
2023,RA-752,1.0,2,-1.0,11,Feminino,2022,Pública,Topázio,8.073825,5.0,6.4,9.9,9.5,7.52,7.65625,9.23,4.8,8.0,,,,,Topázio,False,Moderada (-1 a -2),1,1.0,False,2.0,-1.0,1.0,6.57279265,5.75,7.525879916999999,5.613333333,2023
2023,RA-777,1.0,1,0.0,9,Feminino,2022,Pública,Ametista,7.468125,10.0,6.3,9.3,0.0,7.52,8.28125,8.84,5.3,7.3,,,,,Ametista,False,Adequado (≥ 0),1,0.0,False,2.0,0.0,0.0,7.563515408100001,4.5,8.7757437075,7.723333333,2023
2023,RA-1063,1.0,2,-1.0,11,Masculino,2023,Privada / bolsa,Ametista,7.490825,5.0,5.9,9.5,9.5,7.52,6.40625,7.89,4.7,7.0,,,,,,False,Moderada (-1 a -2),0,1.0,False,2.0,-1.0,1.0,7.279250000000001,7.75,9.75,6.11,2023
2023,RA-764,1.0,1,0.0,9,Masculino,2022,Pública,Ametista,7.682125,10.0,7.8,9.2,0.0,7.52,8.28125,8.56,6.0,9.5,,,,,Ametista,False,Adequado (≥ 0),1,0.0,False,2.0,0.0,0.0,7.838370289900001,6.0,7.8804347825,8.336666667,2023
2023,RA-1064,1.0,2,-1.0,10,Masculino,2023,Pública,Topázio,8.4777,5.0,8.6,9.8,8.5,7.52,9.375,8.84,8.3,8.8,,,,,,False,Moderada (-1 a -2),0,1.0,False,2.0,0.0,0.0,8.9802350877,8.5,9.7368421055,8.783333333,2023
2023,RA-1065,1.0,2,-1.0,10,Feminino,2023,Pública,Topázio,8.03395,5.0,7.0,9.6,8.5,7.52,8.4375,8.84,7.7,6.3,,,,,,False,Moderada (-1 a -2),0,1.0,False,2.0,0.0,0.0,8.8634934783,9.25,8.8152173915,8.84,2023
2023,RA-781,1.0,2,-1.0,10,Feminino,2021,Pública,Topázio,8.209283333,5.0,7.9,9.8,7.5,7.52,8.4375,9.116666667,7.0,8.8,,,,,Ametista,False,Moderada (-1 a -2),2,1.0,False,2.0,0.0,0.0,8.496283333400001,7.25,9.75,8.506666667,2023
2023,RA-1066,1.0,2,-1.0,10,Feminino,2023,Pública,Ametista,7.262616667,5.0,6.2,6.6,8.5,7.52,8.4375,8.783333333,4.2,8.2,,,,,,False,Moderada (-1 a -2),0,1.0,False,2.0,0.0,0.0,7.9326223603,7.25,8.3954451345,7.386666667,2023
2023,RA-1067,1.0,2,-1.0,10,Masculino,2023,Pública,Ágata,6.541458333,5.0,5.4,7.9,0.0,7.52,8.28125,9.006666667,4.5,6.3,,,,,,False,Moderada (-1 a -2),0,1.0,False,1.0,-1.0,1.0,7.840033333300001,6.75,8.333333332999999,8.59,2023
2023,RA-834,1.0,2,-1.0,10,Masculino,2022,Pública,Topázio,8.662616667,5.0,9.2,9.9,9.0,6.27,9.6875,9.283333333,9.0,9.3,,,,,Topázio,False,Moderada (-1 a -2),1,1.0,False,2.0,0.0,0.0,8.513646169700001,8.75,9.109730849,8.723333333,2023
2023,RA-1068,1.0,2,-1.0,10,Masculino,2023,Pública,Topázio,8.472533333,5.0,9.0,9.3,8.5,6.89,9.166666667,9.283333333,8.3,9.7,,,,,,False,Moderada (-1 a -2),0,1.0,False,2.0,0.0,0.0,9.0150030303,9.5,9.068181818,8.73,2023
2023,RA-796,1.0,2,-1.0,11,Feminino,2022,Pública,Ametista,7.462866667,5.0,5.5,9.8,9.0,6.27,7.083333333,8.336666667,5.0,6.0,,,,,Ametista,False,Moderada (-1 a -2),1,1.0,False,2.0,-1.0,1.0,7.052457703200001,5.25,8.2212885155,7.326666667,2023
2023,RA-1069,1.0,2,-1.0,11,Masculino,2023,Pública,Ametista,7.590033333,5.0,7.1,7.8,9.0,7.52,8.125,8.226666667,7.5,6.7,,,,,,False,Moderada (-1 a -2),0,1.0,False,2.0,0.0,0.0,7.678917391300001,6.25,7.0760869565,7.75,2023
2023,RA-797,1.0,2,-1.0,11,Masculino,2021,Pública,Ametista,7.373033333,5.0,7.5,8.6,8.5,7.52,6.041666667,7.233333333,7.0,8.0,,,,,Ametista,False,Moderada (-1 a -2),2,1.0,False,2.0,-1.0,1.0,6.597315151500001,7.25,4.840909091,6.723333333,2023
2023,RA-814,1.0,2,-1.0,10,Masculino,2022,Pública,Topázio,8.367866667,5.0,8.2,9.6,9.5,6.89,8.333333333,9.226666667,7.8,8.5,,,,,Ametista,False,Moderada (-1 a -2),1,1.0,False,2.0,0.0,0.0,7.971648484800001,7.5,9.090909091,7.053333333,2023
2023,RA-652,1.0,2,-1.0,10,Feminino,2022,Pública,Ametista,7.871033333,5.0,7.0,9.4,9.0,6.89,8.125,8.446666667,6.2,7.8,,,,,Topázio,False,Moderada (-1 a -2),1,1.0,False,2.0,0.0,0.0,7.361896969700001,5.5,6.931818182000001,7.663333333,2023
2023,RA-816,1.0,2,-1.0,10,Feminino,2022,Pública,Topázio,8.5572,5.0,8.9,9.8,7.5,7.52,9.583333333,9.283333333,7.8,10.0,,,,,Topázio,False,Moderada (-1 a -2),1,1.0,False,2.0,0.0,0.0,8.929745454599999,9.25,9.7727272725,8.786666667,2023
2023,RA-810,1.0,1,0.0,9,Masculino,2021,Pública,Ametista,7.782866667,10.0,6.9,8.5,8.0,7.52,5.833333333,7.836666667,6.3,7.5,,,,,Ametista,False,Adequado (≥ 0),2,0.0,False,1.0,-1.0,1.0,7.704770175400001,9.0,9.4736842105,7.7525,2023
2023,RA-643,1.0,2,-1.0,11,Masculino,2022,Pública,Ametista,7.389033333,5.0,7.1,8.2,9.5,7.52,6.041666667,7.613333333,7.0,7.2,,,,,Ágata,False,Moderada (-1 a -2),1,1.0,False,2.0,-1.0,1.0,6.402239075100001,4.5,6.8660287085,5.826666667,2023
2023,RA-819,1.0,1,0.0,9,Masculino,2022,Pública,Ametista,7.944833333,10.0,9.5,8.3,0.0,7.52,8.541666667,8.893333333,9.7,9.3,,,,,Ametista,False,Adequado (≥ 0),1,0.0,False,2.0,1.0,0.0,8.652552484400001,9.0,7.784679089,8.503333333,2023
2023,RA-1070,1.0,2,-1.0,11,Masculino,2023,Pública,Ágata,6.939033333,5.0,5.8,7.8,9.0,3.14,7.708333333,8.67,5.3,6.3,,,,,,False,Moderada (-1 a -2),0,1.0,False,1.0,-1.0,1.0,6.287171861500001,2.25,9.3073593075,6.6225,2023
2023,RA-636,1.0,2,-1.0,11,Masculino,2022,Pública,Ágata,6.836666667,5.0,9.0,8.3,0.0,5.64,8.333333333,7.446666667,9.2,8.7,,,,,Ametista,False,Moderada (-1 a -2),1,1.0,False,2.0,0.0,0.0,6.3802279106,5.25,4.9043062200000005,5.553333333,2023
2023,RA-798,1.0,2,-1.0,11,Masculino,2022,Privada / bolsa,Ametista,7.018033333,5.0,6.1,8.1,9.0,7.52,6.458333333,6.95,4.3,7.8,,,,,Ametista,False,Moderada (-1 a -2),1,1.0,False,2.0,-1.0,1.0,4.6743653679,4.75,3.5064935065,2.943333333,2023
2023,RA-799,1.0,2,-1.0,10,Feminino,2022,Pública,Topázio,8.061533333,5.0,8.3,9.6,9.5,5.64,8.333333333,8.17,7.8,8.8,,,,,Ametista,False,Moderada (-1 a -2),1,1.0,False,2.0,0.0,0.0,7.702648484900001,5.25,9.090909091,7.5,2023
2023,RA-637,1.0,2,-1.0,11,Feminino,2021,Pública,Topázio,8.109533333,5.0,8.5,9.5,8.0,7.52,8.333333333,8.17,8.7,8.2,,,,,Ametista,False,Moderada (-1 a -2),2,1.0,False,2.0,0.0,0.0,7.6853212122,7.75,6.2272727275,7.776666667,2023
2023,RA-638,1.0,2,-1.0,10,Feminino,2020,Pública,Ametista,7.754866667,5.0,6.5,9.4,9.0,7.52,8.333333333,7.946666667,6.8,6.2,,,,,Ametista,False,Moderada (-1 a -2),3,1.0,False,2.0,0.0,0.0,6.7464878789,5.0,5.7272727275,5.936666667,2023
2023,RA-801,1.0,1,0.0,9,Masculino,2022,Pública,Ágata,6.8735,10.0,7.6,7.5,0.0,7.52,6.875,7.12,6.8,8.3,,,,,Ágata,False,Adequado (≥ 0),1,0.0,False,1.0,-1.0,1.0,6.6752,8.0,5.75,5.745,2023
2023,RA-802,1.0,2,-1.0,10,Masculino,2021,Pública,Topázio,8.126866667,5.0,9.4,9.3,8.0,7.52,8.333333333,7.506666667,9.3,9.5,,,,,Ametista,False,Moderada (-1 a -2),2,1.0,False,2.0,0.0,0.0,7.8317974024999994,8.75,7.012987013,6.723333333,2023
2023,RA-1071,1.0,2,-1.0,11,Masculino,2023,Pública,Ágata,6.414033333,5.0,3.5,8.6,9.0,7.52,5.625,6.396666667,1.7,5.3,,,,,,False,Moderada (-1 a -2),0,1.0,False,2.0,-1.0,1.0,4.8048623378,4.5,4.188311688500001,2.996666667,2023
2023,RA-645,1.0,2,-1.0,11,Feminino,2022,Pública,Ametista,7.613033333,5.0,7.3,8.5,9.0,6.27,8.125,8.116666667,6.5,8.0,,,,,Ágata,False,Moderada (-1 a -2),1,1.0,False,2.0,0.0,0.0,7.502239394,5.25,8.3863636365,7.556666667,2023
2023,RA-479,2.0,2,0.0,11,Masculino,2020,Privada / bolsa,Topázio,8.988866667,10.0,9.7,10.0,9.0,2.52,9.791666667,9.6375,9.3,10.0,,,,,Topázio,False,Adequado (≥ 0),3,0.0,False,3.0,1.0,0.0,8.901966666666668,9.666666666666666,9.866666666666667,9.45,2023
2023,RA-493,2.0,2,0.0,10,Feminino,2020,Pública,Ametista,7.934366667,10.0,6.0,9.6,9.5,2.52,8.541666667,8.84,4.7,7.2,,,,,Topázio,False,Adequado (≥ 0),3,0.0,False,3.0,1.0,0.0,7.4643250000000005,3.1666666666666665,8.933333333333334,6.705,2023
2023,RA-1072,2.0,2,0.0,11,Masculino,2023,Pública,Topázio,8.0152,10.0,6.7,8.6,9.0,5.0,8.125,8.7125,5.2,8.2,,,,,,False,Adequado (≥ 0),0,0.0,False,3.0,0.0,0.0,7.8153856754,8.166666666666666,5.627886710333333,7.545,2023
2023,RA-536,2.0,2,0.0,10,Feminino,2020,Pública,Ametista,7.759533333,10.0,5.9,9.3,8.0,2.52,8.333333333,9.17,5.0,6.8,,,,,Ametista,False,Adequado (≥ 0),3,0.0,False,3.0,1.0,0.0,7.7704681818,5.5,9.109090909,7.415,2023
2023,RA-1073,2.0,3,-1.0,12,Feminino,2023,Pública,Ágata,6.384333333,5.0,6.2,8.8,0.0,2.52,8.333333333,9.045,4.8,7.5,,,,,,False,Moderada (-1 a -2),0,1.0,False,3.0,0.0,0.0,7.0859945773333335,6.5,6.370972886666667,5.7875,2023
2023,RA-494,2.0,3,-1.0,12,Feminino,2022,Privada / bolsa,Ametista,7.116633333,5.0,6.8,9.0,6.9,2.52,7.708333333,8.71,6.3,7.3,,,,,Ágata,False,Moderada (-1 a -2),1,1.0,False,3.0,0.0,0.0,7.922281328333334,6.333333333333333,7.329323308333333,8.915,2023
2023,RA-496,2.0,3,-1.0,12,Masculino,2018,Privada / bolsa,Ágata,6.603666667,5.0,8.3,7.1,0.0,5.0,7.916666667,8.71,7.5,9.0,,,,,Ágata,False,Moderada (-1 a -2),5,1.0,False,3.0,0.0,0.0,6.726607507733334,5.666666666666667,5.315995871999999,6.1625,2023
2023,RA-497,2.0,4,-2.0,14,Feminino,2016,Privada / bolsa,Quartzo,5.7191,5.0,3.5,8.7,5.3,2.52,6.25,6.885,1.7,5.3,,,,,Ágata,False,Moderada (-1 a -2),7,1.0,False,2.0,-1.0,1.0,4.4960809524,1.0,6.095238095,3.506666667,2023
2023,RA-1075,2.0,3,-1.0,12,Feminino,2023,Pública,Ágata,6.591333333,5.0,5.5,9.6,0.0,5.0,7.708333333,9.0025,5.0,6.0,,,,,,False,Moderada (-1 a -2),0,1.0,False,2.0,-1.0,1.0,6.8100812324,6.0,8.5154061625,7.553333333,2023
2023,RA-578,2.0,2,0.0,11,Masculino,2019,Privada / bolsa,Topázio,9.013866667,10.0,9.7,10.0,9.0,2.52,9.791666667,9.7625,9.8,9.5,,,,,Topázio,False,Adequado (≥ 0),4,0.0,False,3.0,1.0,0.0,9.066199999966669,9.833333333333334,10.0,9.45,2023
2023,RA-513,2.0,2,0.0,10,Masculino,2021,Privada / bolsa,Topázio,8.297866667,10.0,7.5,9.7,9.5,2.52,8.541666667,9.0075,7.2,7.8,,,,,Topázio,False,Adequado (≥ 0),2,0.0,False,3.0,1.0,0.0,8.728632539666668,7.666666666666667,8.831746031666666,8.545,2023
2023,RA-487,2.0,2,0.0,11,Feminino,2019,Privada / bolsa,Topázio,8.988866667,10.0,9.5,9.9,8.5,5.0,9.166666667,9.26,9.2,9.7,,,,,Topázio,False,Adequado (≥ 0),4,0.0,False,3.0,0.0,0.0,9.4171373016,9.666666666666666,9.441269841333334,9.1725,2023
2023,RA-1076,2.0,3,-1.0,12,Feminino,2023,Pública,Ametista,7.901033333,5.0,8.5,9.7,9.0,2.52,8.333333333,8.8775,9.0,8.0,,,,,,False,Moderada (-1 a -2),0,1.0,False,3.0,0.0,0.0,7.479598365200001,6.333333333333333,7.777033492666668,6.5425,2023
2023,RA-490,2.0,2,0.0,11,Feminino,2022,Privada / bolsa,Ametista,7.429466667,10.0,5.8,7.9,7.9,2.52,8.541666667,9.0075,2.8,8.7,,,,,Ametista,False,Adequado (≥ 0),1,0.0,False,3.0,1.0,0.0,7.368084290266667,6.166666666666667,5.5110047846666665,7.295,2023
2023,RA-491,2.0,2,0.0,11,Masculino,2022,Pública,Ametista,7.560533333,10.0,5.0,9.6,9.5,2.52,7.708333333,8.3375,3.3,6.7,,,,,Ametista,False,Adequado (≥ 0),1,0.0,False,2.0,-1.0,1.0,6.995247619100001,5.25,9.011904762,7.166666667,2023
2023,RA-1077,2.0,2,0.0,11,Masculino,2023,Pública,Ametista,7.2115,10.0,7.3,9.7,0.0,2.52,8.75,8.4225,6.8,7.8,,,,,,False,Adequado (≥ 0),0,0.0,False,3.0,0.0,0.0,5.543865740733334,2.0,7.703703703666666,6.37,2023
2023,RA-484,2.0,3,-1.0,12,Masculino,2022,Pública,Quartzo,5.515466667,5.0,3.6,7.5,6.4,2.52,5.416666667,6.8,3.2,4.0,,,,,Ágata,False,Moderada (-1 a -2),1,1.0,False,3.0,0.0,0.0,3.8354776573333336,0.0,3.9141382866666667,3.1225,2023
2023,RA-508,2.0,2,0.0,10,Masculino,2022,Pública,Ametista,7.671633333,10.0,7.5,8.6,6.4,2.52,8.333333333,8.6725,6.2,8.7,,,,,Ágata,False,Adequado (≥ 0),1,0.0,False,3.0,1.0,0.0,6.771708625733333,4.666666666666667,5.567251461999999,7.5,2023
2023,RA-340,2.0,3,-1.0,12,Masculino,2017,Pública,Ametista,7.059666667,5.0,8.9,9.6,0.0,2.52,9.166666667,8.505,9.0,8.7,,,,,Ametista,False,Moderada (-1 a -2),6,1.0,False,3.0,0.0,0.0,6.715437329466668,5.166666666666667,6.585769980666666,5.83,2023
2023,RA-1079,2.0,3,-1.0,12,Masculino,2023,Pública,Ágata,6.916533333,5.0,7.6,8.1,9.0,2.52,7.083333333,7.13,7.3,7.8,,,,,,False,Moderada (-1 a -2),0,1.0,False,3.0,0.0,0.0,5.4253413299333335,6.333333333333333,4.516498316333333,4.1625,2023
2023,RA-1081,2.0,4,-2.0,14,Feminino,2023,Pública,Ametista,7.666033333,5.0,6.5,10.0,10.0,2.52,8.958333333,8.59,8.0,5.0,,,,,,False,Moderada (-1 a -2),0,1.0,False,4.0,0.0,0.0,8.5452952381,8.833333333333334,9.523809523666666,8.95,2023
2023,RA-1082,2.0,3,-1.0,12,Feminino,2023,Pública,Ametista,7.1617,5.0,5.0,9.5,9.5,2.52,8.75,8.4225,3.5,6.5,,,,,,False,Moderada (-1 a -2),0,1.0,False,2.0,-1.0,1.0,6.6114857142,3.75,7.5714285715,6.943333333,2023
2023,RA-531,2.0,2,0.0,11,Masculino,2022,Pública,Topázio,8.3252,10.0,7.7,10.0,9.5,2.52,8.75,8.59,6.3,9.0,,,,,Ametista,False,Adequado (≥ 0),1,0.0,False,3.0,0.0,0.0,7.9127926470666665,6.666666666666667,9.803921568666667,7.335,2023
2023,RA-1084,2.0,2,0.0,11,Feminino,2023,Pública,Ametista,7.9948,10.0,6.8,10.0,8.4,2.52,8.75,8.38,5.0,8.5,,,,,,False,Adequado (≥ 0),0,0.0,False,3.0,0.0,0.0,6.9071109649333335,3.6666666666666665,7.705263158,7.4575,2023
2023,RA-516,2.0,2,0.0,10,Masculino,2019,Privada / bolsa,Topázio,8.6807,10.0,9.3,9.8,10.0,2.52,8.75,8.7175,9.0,9.5,,,,,Topázio,False,Adequado (≥ 0),4,0.0,False,3.0,1.0,0.0,8.384033333366668,8.833333333333334,10.0,7.56,2023
2023,RA-1087,2.0,3,-1.0,12,Feminino,2023,Pública,Ametista,7.2067,5.0,5.4,9.5,10.0,2.52,8.75,8.0475,3.7,7.0,,,,,,False,Moderada (-1 a -2),0,1.0,False,3.0,0.0,0.0,6.913936532,2.6666666666666665,8.393265993333333,6.58,2023
2023,RA-509,2.0,3,-1.0,12,Feminino,2018,Pública,Ametista,7.606033333,5.0,8.6,8.1,8.5,2.52,8.958333333,8.84,8.2,9.0,,,,,Ametista,False,Moderada (-1 a -2),5,1.0,False,3.0,0.0,0.0,6.918152272733334,6.0,6.363636363666667,7.2475,2023
2023,RA-499,2.0,2,0.0,11,Masculino,2020,Pública,Ametista,7.8883,10.0,6.6,10.0,7.9,2.52,8.75,8.2975,5.3,7.8,,,,,Ametista,False,Adequado (≥ 0),3,0.0,False,2.0,0.0,0.0,7.5794738095000005,4.75,9.0476190475,7.5,2023
2023,RA-500,2.0,2,0.0,11,Feminino,2020,Pública,Topázio,8.427533333,10.0,7.9,10.0,9.5,2.52,8.958333333,8.7975,8.5,7.2,,,,,Topázio,False,Adequado (≥ 0),3,0.0,False,3.0,0.0,0.0,8.077708333333334,6.666666666666667,10.0,8.3775,2023
2023,RA-1089,2.0,2,0.0,11,Feminino,2023,Pública,Ametista,7.9947,10.0,7.0,9.5,9.0,2.52,8.75,8.3375,6.0,8.0,,,,,,False,Adequado (≥ 0),0,0.0,False,3.0,0.0,0.0,7.6221531746,6.833333333333333,7.039682539666667,6.995,2023
2023,RA-1090,2.0,3,-1.0,13,Masculino,2023,Pública,Ametista,7.844033333,5.0,9.0,9.6,9.0,2.52,8.958333333,7.88,8.7,9.3,,,,,,False,Moderada (-1 a -2),0,1.0,False,3.0,0.0,0.0,7.7652831384,6.333333333333333,7.621832358666666,7.4175,2023
2023,RA-503,2.0,2,0.0,11,Masculino,2020,Pública,Topázio,8.4682,10.0,8.7,10.0,9.5,2.52,8.75,8.255,8.7,8.7,,,,,Ametista,False,Adequado (≥ 0),3,0.0,False,3.0,1.0,0.0,8.547495614066667,7.666666666666667,9.824561403666666,7.7925,2023
2023,RA-1093,2.0,2,0.0,11,Masculino,2023,Pública,Topázio,8.197533333,10.0,9.2,9.3,7.0,2.52,8.958333333,8.2975,9.3,9.0,,,,,,False,Adequado (≥ 0),0,0.0,False,3.0,0.0,0.0,8.5079027778,8.666666666666666,7.722222222333333,8.8825,2023
2023,RA-1094,2.0,2,0.0,11,Feminino,2023,Pública,Topázio,8.1779,10.0,8.5,9.5,7.8,2.52,8.75,8.3375,7.8,9.2,,,,,,False,Adequado (≥ 0),0,0.0,False,3.0,0.0,0.0,8.0164785714,7.333333333333333,9.523809523666666,8.1675,2023
2023,RA-1095,2.0,3,-1.0,13,Masculino,2023,Pública,Ágata,6.238,5.0,5.3,9.8,0.0,2.52,8.75,8.005,5.8,4.7,,,,,,False,Moderada (-1 a -2),0,1.0,False,3.0,0.0,0.0,6.108547514666667,2.3333333333333335,7.84502924,5.125,2023
2023,RA-517,2.0,3,-1.0,13,Feminino,2017,Pública,Ágata,6.3104,5.0,6.6,9.0,4.1,2.52,6.875,6.7125,4.5,8.7,,,,,Ametista,False,Moderada (-1 a -2),6,1.0,False,3.0,0.0,0.0,5.880466583166668,5.0,5.266499582333334,6.11,2023
2023,RA-325,2.0,2,0.0,11,Masculino,2022,Pública,Ágata,6.243,10.0,5.6,7.1,0.0,5.0,8.125,7.0025,3.8,7.3,,,,,Ametista,False,Adequado (≥ 0),1,0.0,False,3.0,0.0,0.0,8.385133333233336,7.0,9.866666666666667,7.553333333,2023
2023,RA-518,2.0,2,0.0,11,Masculino,2022,Pública,Ametista,7.5762,10.0,6.7,8.5,8.5,5.0,8.125,6.9175,5.5,7.8,,,,,Ametista,False,Adequado (≥ 0),1,0.0,False,3.0,0.0,0.0,6.3467483709,4.0,6.8300751879999995,6.94,2023
2023,RA-530,2.0,2,0.0,11,Masculino,2019,Pública,Ametista,7.653033333,10.0,5.7,8.8,10.0,5.0,7.708333333,7.46,5.8,5.5,,,,,Topázio,False,Adequado (≥ 0),4,0.0,False,3.0,0.0,0.0,7.214534419433333,4.5,6.468838763666667,7.496666667,2023
2023,RA-524,2.0,3,-1.0,12,Masculino,2019,Pública,Ametista,7.331133333,5.0,8.9,9.2,6.4,2.52,8.333333333,7.42,9.0,8.8,,,,,Ágata,False,Moderada (-1 a -2),4,1.0,False,3.0,0.0,0.0,7.026322556366667,8.666666666666666,5.111779448666667,7.39,2023
2023,RA-1096,2.0,2,0.0,10,Feminino,2023,Pública,Topázio,8.615533333,10.0,9.6,9.9,9.5,2.52,8.958333333,8.0875,9.5,9.7,,,,,,False,Adequado (≥ 0),0,0.0,False,3.0,1.0,0.0,9.189883333333334,8.5,9.866666666666667,9.09,2023
2023,RA-526,2.0,3,-1.0,13,Masculino,2022,Pública,Topázio,8.0957,5.0,8.8,9.8,9.5,5.0,8.75,7.7525,8.3,9.3,,,,,Topázio,False,Moderada (-1 a -2),1,1.0,False,3.0,-1.0,1.0,7.843157894833334,7.333333333333333,9.382456140333334,7.496666667,2023
2023,RA-528,2.0,3,-1.0,12,Masculino,2021,Pública,Ametista,7.6892,5.0,8.2,8.5,9.0,5.0,8.75,7.92,7.5,8.8,,,,,Quartzo,False,Moderada (-1 a -2),2,1.0,False,3.0,0.0,0.0,7.276330075300001,6.666666666666667,5.793483709333334,6.936666667,2023
2023,RA-534,2.0,3,-1.0,13,Masculino,2021,Pública,Quartzo,5.8385,5.0,5.4,8.1,0.0,2.52,8.125,7.92,3.7,7.0,,,,,Ametista,False,Moderada (-1 a -2),2,1.0,False,3.0,0.0,0.0,7.088855054266667,5.0,6.043441938333333,7.103333333,2023
2023,RA-1097,2.0,4,-2.0,14,Masculino,2023,Pública,Ágata,6.9547,5.0,5.4,8.6,9.5,5.0,8.125,6.96,4.3,6.5,,,,,,False,Moderada (-1 a -2),0,1.0,False,3.0,-1.0,1.0,5.475324895633334,3.0,4.849791144666667,5.88,2023
2023,RA-1098,2.0,3,-1.0,13,Feminino,2023,Pública,Ametista,7.2787,5.0,6.4,9.5,9.5,2.52,8.125,7.92,6.3,6.5,,,,,,False,Moderada (-1 a -2),0,1.0,False,3.0,0.0,0.0,6.5744562514,3.5,5.822406257,6.7475,2023
2023,RA-1099,2.0,3,-1.0,13,Feminino,2023,Pública,Ametista,7.113533333,5.0,5.2,9.6,9.0,2.52,8.333333333,8.34,5.7,4.7,,,,,,False,Moderada (-1 a -2),0,1.0,False,3.0,0.0,0.0,7.332483333333334,3.8333333333333335,8.133333333333333,6.6225,2023
2023,RA-1100,2.0,2,0.0,11,Masculino,2023,Pública,Topázio,8.261033333,10.0,7.1,9.2,10.0,5.0,8.541666667,8.283333333,6.3,7.8,,,,,,False,Adequado (≥ 0),0,0.0,False,3.0,1.0,0.0,6.649708333333334,4.666666666666667,7.1000000000000005,5.6175,2023
2023,RA-1102,2.0,2,0.0,11,Masculino,2023,Pública,Topázio,8.123033333,10.0,7.5,9.5,9.5,5.0,7.708333333,7.56,5.7,9.2,,,,,,False,Adequado (≥ 0),0,0.0,False,3.0,1.0,0.0,8.440611904733334,9.333333333333334,9.390476190333333,7.07,2023
2023,RA-363,2.0,3,-1.0,13,Masculino,2022,Pública,Ágata,6.680833333,5.0,6.8,9.9,0.0,2.52,8.541666667,8.673333333,6.8,6.8,,,,,Ágata,False,Moderada (-1 a -2),1,1.0,False,3.0,0.0,0.0,7.617803571466666,5.333333333333333,9.523809524,6.955,2023
2023,RA-1103,2.0,2,0.0,10,Masculino,2023,Pública,Ametista,7.574866667,10.0,5.0,8.7,9.0,5.0,8.333333333,8.006666667,4.5,5.5,,,,,,False,Adequado (≥ 0),0,0.0,False,2.0,0.0,0.0,7.861995031000001,7.25,7.763975155000001,7.54,2023
2023,RA-539,2.0,3,-1.0,12,Feminino,2022,Pública,Ametista,7.796866667,5.0,8.5,8.6,9.5,2.52,9.166666667,8.84,7.2,9.7,,,,,Ametista,False,Moderada (-1 a -2),1,1.0,False,3.0,0.0,0.0,8.465533333333335,5.833333333333333,9.233333333333333,9.13,2023
2023,RA-369,2.0,3,-1.0,12,Masculino,2022,Pública,Ágata,6.0197,5.0,4.0,4.1,10.0,5.0,8.541666667,7.726666667,5.0,3.0,,,,,Ágata,False,Moderada (-1 a -2),1,1.0,False,3.0,0.0,0.0,5.667282265,1.6666666666666667,4.908119658333334,5.428,2023
2023,RA-375,2.0,3,-1.0,12,Masculino,2019,Pública,Ametista,7.070833333,5.0,7.9,9.9,0.0,5.0,8.541666667,8.283333333,6.8,9.0,,,,,Ametista,False,Moderada (-1 a -2),4,1.0,False,3.0,0.0,0.0,7.970034615400001,6.833333333333333,9.443589743666667,6.432,2023
2023,RA-376,2.0,3,-1.0,13,Feminino,2019,Pública,Ametista,7.1392,5.0,5.9,9.6,8.5,2.52,7.916666667,8.226666667,4.3,7.5,,,,,Ágata,False,Moderada (-1 a -2),4,1.0,False,3.0,-1.0,1.0,5.896573588800001,2.8333333333333335,8.287284610666667,6.325,2023
2023,RA-535,2.0,2,0.0,11,Feminino,2019,Pública,Topázio,8.0027,10.0,5.6,9.4,9.0,5.0,8.125,8.95,4.7,6.5,,,,,Ágata,False,Adequado (≥ 0),4,0.0,False,3.0,0.0,0.0,7.659555952400001,6.0,7.161904762,7.5,2023
2023,RA-547,2.0,3,-1.0,12,Feminino,2019,Pública,Ágata,6.467,5.0,6.2,9.1,0.0,2.52,8.75,8.95,5.0,7.3,,,,,Ametista,False,Moderada (-1 a -2),4,1.0,False,3.0,0.0,0.0,7.2102906723333335,6.833333333333333,7.030620028333334,5.932,2023
2023,RA-548,2.0,3,-1.0,12,Masculino,2019,Pública,Ametista,7.4322,5.0,7.4,9.1,9.0,2.52,8.333333333,8.283333333,6.2,8.5,,,,,Ametista,False,Moderada (-1 a -2),4,1.0,False,3.0,0.0,0.0,7.240168803466668,6.666666666666667,7.600427350666667,5.626,2023
2023,RA-538,2.0,3,-1.0,13,Masculino,2022,Pública,Ágata,6.413466667,5.0,4.7,8.6,7.4,2.52,7.916666667,7.39,3.5,5.8,,,,,Ágata,False,Moderada (-1 a -2),1,1.0,False,3.0,-1.0,1.0,6.514094017066666,6.166666666666667,7.668803418666666,5.292,2023
2023,RA-365,2.0,2,0.0,10,Feminino,2022,Pública,Topázio,8.6587,10.0,8.7,9.9,10.0,2.52,8.958333333,8.953333333,8.2,9.2,,,,,Topázio,False,Adequado (≥ 0),1,0.0,False,3.0,1.0,0.0,8.526983333333334,6.666666666666667,10.0,8.202,2023
2023,RA-559,2.0,3,-1.0,12,Masculino,2021,Pública,Ametista,7.947366667,5.0,7.4,9.4,10.0,5.0,8.958333333,8.506666667,6.5,8.2,,,,,Ametista,False,Moderada (-1 a -2),2,1.0,False,3.0,0.0,0.0,6.158158974333333,3.1666666666666665,5.705128205,4.728,2023
2023,RA-563,2.0,2,0.0,11,Feminino,2020,Pública,Ametista,7.684133333,10.0,6.2,9.7,6.4,2.52,8.75,8.726666667,6.0,6.3,,,,,Topázio,False,Adequado (≥ 0),3,0.0,False,3.0,0.0,0.0,8.595447619066668,8.333333333333334,9.461904762000001,7.468,2023
2023,RA-573,2.0,3,-1.0,12,Masculino,2020,Pública,Ametista,7.774366667,5.0,6.6,9.8,9.5,5.0,8.541666667,8.45,5.7,7.5,,,,,Topázio,False,Moderada (-1 a -2),3,1.0,False,3.0,0.0,0.0,7.839050000000001,5.0,9.5,6.8275,2023
2023,RA-555,2.0,3,-1.0,13,Masculino,2019,Pública,Quartzo,5.898133333,5.0,3.9,8.1,7.4,2.52,6.25,6.946666667,1.5,6.2,,,,,Quartzo,False,Moderada (-1 a -2),4,1.0,False,3.0,-1.0,1.0,5.111470186333333,4.333333333333333,2.7505175983333334,5.03,2023
2023,RA-546,2.0,3,-1.0,12,Feminino,2021,Pública,Ágata,6.031666667,5.0,5.7,7.2,0.0,2.52,8.75,9.173333333,3.5,7.8,,,,,Ágata,False,Moderada (-1 a -2),2,1.0,False,3.0,0.0,0.0,5.702426010066667,4.666666666666667,3.7838383836666662,5.5,2023
2023,RA-557,2.0,2,0.0,11,Masculino,2019,Pública,Topázio,8.7717,10.0,8.9,8.2,10.0,5.0,9.375,9.62,8.0,9.7,,,,,Topázio,False,Adequado (≥ 0),4,0.0,False,3.0,0.0,0.0,9.350986466133334,9.666666666666666,8.756265663999999,9.576,2023
2023,RA-1106,2.0,3,-1.0,12,Masculino,2023,Pública,Ametista,7.1642,5.0,5.1,9.3,8.5,5.0,8.333333333,8.003333333,5.2,5.0,,,,,,False,Moderada (-1 a -2),0,1.0,False,3.0,0.0,0.0,5.936272086266667,0.0,5.4312354313333335,7.5,2023
2023,RA-558,2.0,5,-3.0,15,Masculino,2022,Pública,Ágata,6.615333333,2.5,6.0,9.4,7.8,5.0,6.458333333,6.78,5.7,6.3,,,,,Quartzo,False,Severa (≤ -3),1,1.0,False,3.0,-2.0,1.0,5.048054503133334,3.0,3.7763975156666674,4.268,2023
2023,RA-1107,2.0,3,-1.0,12,Feminino,2023,Pública,Ametista,7.9327,5.0,7.5,9.4,9.0,5.0,8.958333333,8.783333333,8.0,7.0,,,,,,False,Moderada (-1 a -2),0,1.0,False,3.0,0.0,0.0,5.9731,2.5,6.2,6.785,2023
2023,RA-1108,2.0,3,-1.0,12,Masculino,2023,Pública,Ágata,6.310833333,5.0,4.7,9.3,0.0,5.0,8.541666667,8.283333333,3.7,5.7,,,,,,False,Moderada (-1 a -2),0,1.0,False,3.0,0.0,0.0,6.017215010400001,3.6666666666666665,3.7546583853333337,5.422,2023
2023,RA-542,2.0,3,-1.0,12,Feminino,2019,Pública,Ametista,7.816533333,5.0,6.3,9.7,9.5,5.0,8.75,9.006666667,5.2,7.3,,,,,Ametista,False,Moderada (-1 a -2),4,1.0,False,3.0,0.0,0.0,6.7205649586,3.9333333333333336,6.481366459666667,6.232,2023
2023,RA-543,2.0,2,0.0,11,Feminino,2022,Pública,Ametista,7.971833333,10.0,6.5,9.8,7.8,2.52,8.75,9.006666667,5.5,7.5,,,,,Ametista,False,Adequado (≥ 0),1,0.0,False,3.0,1.0,0.0,8.0467871118,6.833333333333333,9.616977225666666,8.7,2023
2023,RA-556,2.0,3,-1.0,12,Feminino,2018,Pública,Ametista,7.7482,5.0,7.2,9.6,8.5,2.52,9.166666667,9.396666667,6.5,7.8,,,,,Ametista,False,Moderada (-1 a -2),5,1.0,False,3.0,0.0,0.0,5.833377380933333,3.8333333333333335,6.171428571333333,6.1625,2023
2023,RA-389,2.0,3,-1.0,12,Masculino,2019,Pública,Ágata,6.687,5.0,8.2,8.2,0.0,2.52,8.75,8.95,6.8,9.5,,,,,Ametista,False,Moderada (-1 a -2),4,1.0,False,3.0,0.0,0.0,7.2079551282,5.166666666666667,6.674358974333333,6.745,2023
2023,RA-568,2.0,5,-3.0,15,Masculino,2018,Pública,Ágata,6.9647,2.5,7.6,7.9,7.0,5.0,8.125,8.01,8.5,6.7,,,,,Ametista,False,Severa (≤ -3),5,1.0,False,3.0,-2.0,1.0,5.545864285733334,5.166666666666667,3.2619047620000003,5.496,2023
2023,RA-562,2.0,3,-1.0,12,Feminino,2021,Pública,Ágata,6.824833333,5.0,8.7,8.5,0.0,2.52,8.541666667,8.893333333,7.7,9.7,,,,,Ametista,False,Moderada (-1 a -2),2,1.0,False,3.0,0.0,0.0,8.392733333333334,7.833333333333333,9.833333333333334,7.25,2023
2023,RA-1111,2.0,2,0.0,11,Feminino,2023,Pública,Ágata,6.559166667,10.0,5.4,8.9,0.0,2.52,8.125,8.173333333,4.8,6.0,,,,,,False,Adequado (≥ 0),0,0.0,False,3.0,1.0,0.0,6.116032815733334,5.0,4.600414078666667,5.824,2023
2023,RA-1112,2.0,3,-1.0,12,Masculino,2023,Pública,Ametista,7.088866667,5.0,6.3,7.9,9.5,2.52,8.333333333,8.616666667,5.2,7.3,,,,,,False,Moderada (-1 a -2),0,1.0,False,3.0,0.0,0.0,6.8560823939999995,4.0,9.02791197,4.705,2023
2023,RA-357,2.0,3,-1.0,13,Masculino,2022,Pública,Topázio,8.2832,5.0,8.7,9.6,8.5,7.52,8.75,8.23,8.7,8.7,,,,,Ametista,False,Moderada (-1 a -2),1,1.0,False,3.0,-1.0,1.0,7.731569404200001,7.666666666666667,9.028180354333333,7.0825,2023
2023,RA-583,2.0,3,-1.0,13,Feminino,2019,Pública,Ametista,7.838866667,5.0,6.3,9.4,9.0,7.52,8.333333333,8.616666667,5.5,7.0,,,,,Ametista,False,Moderada (-1 a -2),4,1.0,False,3.0,0.0,0.0,7.447591035933334,5.0,8.904455179666668,6.87,2023
2023,RA-584,2.0,2,0.0,11,Feminino,2019,Pública,Ametista,7.697533333,10.0,5.8,9.0,9.5,2.52,8.333333333,8.56,5.0,6.5,,,,,Ágata,False,Adequado (≥ 0),4,0.0,False,3.0,0.0,0.0,6.752914393933334,4.333333333333333,5.636363636333333,6.37,2023
2023,RA-586,2.0,2,0.0,10,Feminino,2021,Privada / bolsa,Topázio,8.4242,10.0,8.4,10.0,8.0,2.52,8.333333333,9.343333333,7.5,9.2,,,,,Ametista,False,Adequado (≥ 0),2,0.0,False,3.0,1.0,0.0,8.702387301666668,8.5,9.241269841333333,8.056666667,2023
2023,RA-599,2.0,2,0.0,10,Masculino,2022,Pública,Topázio,8.532866667,10.0,8.5,9.5,10.0,2.52,8.333333333,9.286666667,8.2,8.7,,,,,Topázio,False,Adequado (≥ 0),1,0.0,False,3.0,1.0,0.0,8.3569352941,7.666666666666667,8.607843137333333,7.28,2023
2023,RA-1114,2.0,2,0.0,11,Feminino,2023,Pública,Ametista,7.5667,10.0,4.9,9.8,8.5,2.52,8.125,8.56,4.3,5.5,,,,,,False,Adequado (≥ 0),0,0.0,False,3.0,0.0,0.0,7.437466666666667,5.0,9.533333333333333,7.836,2023
2023,RA-401,2.0,3,-1.0,12,Feminino,2021,Pública,Ágata,6.363666667,5.0,7.3,8.1,4.0,2.52,7.083333333,7.116666667,6.3,8.3,,,,,Ágata,False,Moderada (-1 a -2),2,1.0,False,3.0,0.0,0.0,6.728911403533334,4.833333333333333,6.839473684333334,6.915,2023
2023,RA-1115,2.0,2,0.0,11,Feminino,2023,Pública,Ágata,6.474,10.0,4.0,8.3,0.0,7.52,7.5,7.56,6.0,2.0,,,,,,False,Adequado (≥ 0),0,0.0,False,2.0,0.0,0.0,6.570068686900001,6.25,4.2676767675,5.826666667,2023
2023,RA-1116,2.0,3,-1.0,13,Masculino,2023,Pública,Ágata,6.956533333,5.0,4.9,9.2,9.5,5.0,7.083333333,7.39,3.8,6.0,,,,,,False,Moderada (-1 a -2),0,1.0,False,3.0,-1.0,1.0,3.7894777778,2.3333333333333335,3.3555555556666667,5.066,2023
2023,RA-604,2.0,2,0.0,11,Feminino,2021,Pública,Topázio,8.548033333,10.0,7.5,9.3,9.0,7.52,8.125,8.616666667,6.0,9.0,,,,,Ametista,False,Adequado (≥ 0),2,0.0,False,3.0,1.0,0.0,7.429623555266667,7.0,7.5029927763333335,6.21,2023
2023,RA-605,2.0,3,-1.0,12,Feminino,2021,Pública,Ametista,7.709366667,5.0,6.8,9.5,9.0,7.52,7.291666667,7.84,4.8,8.8,,,,,Ametista,False,Moderada (-1 a -2),2,1.0,False,3.0,0.0,0.0,6.0175222222,2.6666666666666665,6.194444444333333,5.534,2023
2023,RA-1117,2.0,2,0.0,11,Feminino,2023,Pública,Topázio,8.382366667,10.0,7.3,9.6,9.0,7.52,7.708333333,7.946666667,6.0,8.5,,,,,,False,Adequado (≥ 0),0,0.0,False,3.0,1.0,0.0,7.601562962866668,5.666666666666667,8.314814814666667,6.833333333,2023
2023,RA-1118,2.0,3,-1.0,12,Feminino,2023,Pública,Ametista,7.163833333,5.0,6.0,8.8,5.3,7.52,7.708333333,8.28,4.8,7.2,,,,,,False,Moderada (-1 a -2),0,1.0,False,3.0,0.0,0.0,7.0305545924,3.8333333333333335,7.846439628666666,6.866,2023
2023,RA-610,2.0,2,0.0,10,Feminino,2022,Pública,Topázio,8.2857,10.0,7.0,10.0,10.0,2.52,8.541666667,8.896666667,6.3,7.7,,,,,Topázio,False,Adequado (≥ 0),1,0.0,False,3.0,1.0,0.0,7.894888888933334,6.333333333333333,9.694444444333334,8.336666667,2023
2023,RA-409,2.0,3,-1.0,12,Feminino,2022,Pública,Ametista,7.621466667,5.0,8.0,9.5,8.4,2.52,7.916666667,8.73,6.2,9.7,,,,,Topázio,False,Moderada (-1 a -2),1,1.0,False,3.0,0.0,0.0,8.225462962900002,7.166666666666667,9.231481481333333,7.223333333,2023
2023,RA-466,2.0,4,-2.0,14,Masculino,2022,Pública,Ágata,6.595533333,5.0,4.5,7.6,9.5,6.89,6.25,7.056666667,2.5,6.5,,,,,Ágata,False,Moderada (-1 a -2),1,1.0,False,3.0,-1.0,1.0,6.778749122800001,4.0,7.223245614,7.665,2023
2023,RA-760,2.0,3,-1.0,12,Masculino,2021,Pública,Ágata,6.548333333,5.0,6.3,8.8,0.0,7.52,7.083333333,7.84,5.8,6.8,,,,,Topázio,False,Moderada (-1 a -2),2,1.0,False,3.0,0.0,0.0,6.942581818200001,5.0,7.090909091,6.158,2023
2023,RA-404,2.0,3,-1.0,13,Feminino,2020,Pública,Ágata,6.7093,5.0,6.0,8.3,7.9,5.02,6.875,6.89,4.7,7.2,,,,,Ágata,False,Moderada (-1 a -2),3,1.0,False,3.0,0.0,0.0,6.624588235266668,5.666666666666667,6.286274509666666,6.998,2023
2023,RA-590,2.0,2,0.0,11,Feminino,2020,Privada / bolsa,Ametista,7.647666667,10.0,6.5,9.7,6.3,3.77,7.291666667,8.34,5.7,7.3,,,,,Ametista,False,Adequado (≥ 0),3,0.0,False,2.0,-1.0,1.0,6.712378053800001,4.0,8.457556936,7.723333333,2023
2023,RA-469,2.0,3,-1.0,12,Feminino,2022,Pública,Ametista,7.482533333,5.0,7.8,9.3,7.5,2.52,7.916666667,8.843333333,6.8,8.8,,,,,Ametista,False,Moderada (-1 a -2),1,1.0,False,3.0,0.0,0.0,7.684639869300001,5.0,9.498366013,6.94,2023
2023,RA-1119,2.0,3,-1.0,13,Feminino,2023,Pública,Ametista,7.192,5.0,5.9,9.7,7.3,3.77,7.708333333,8.453333333,3.0,8.8,,,,,,False,Moderada (-1 a -2),0,1.0,False,3.0,-1.0,1.0,7.388266666666667,5.666666666666667,8.716666666666667,7.698,2023
2023,RA-472,2.0,3,-1.0,13,Feminino,2022,Pública,Ágata,6.6858,5.0,5.5,7.1,5.1,7.52,7.708333333,8.223333333,3.7,7.2,,,,,Quartzo,False,Moderada (-1 a -2),1,1.0,False,2.0,-1.0,1.0,6.6397610766,6.25,7.48447205,6.333333333,2023
2023,RA-1121,2.0,2,0.0,11,Masculino,2023,Pública,Topázio,8.049,10.0,8.0,9.9,0.0,6.26,8.75,9.84,6.5,9.5,,,,,,False,Adequado (≥ 0),0,0.0,False,3.0,0.0,0.0,8.407166666633334,6.666666666666667,10.0,8.28,2023
2023,RA-1122,2.0,2,0.0,11,Masculino,2023,Pública,Ametista,7.3715,10.0,6.9,9.3,0.0,6.89,7.291666667,8.616666667,5.2,8.5,,,,,,False,Adequado (≥ 0),0,0.0,False,3.0,1.0,0.0,7.817322222166666,5.333333333333333,9.861111111,7.22,2023
2023,RA-438,2.0,2,0.0,11,Masculino,2022,Pública,Ágata,6.9883,10.0,5.4,7.5,6.9,6.26,6.458333333,7.223333333,3.5,7.3,,,,,Ametista,False,Adequado (≥ 0),1,0.0,False,2.0,-1.0,1.0,7.930283695700001,8.25,8.6630434785,7.915,2023
2023,RA-408,2.0,3,-1.0,13,Feminino,2022,Pública,Ametista,7.242133333,5.0,6.8,8.5,7.9,3.77,8.333333333,8.45,6.0,7.5,,,,,Ágata,False,Moderada (-1 a -2),1,1.0,False,3.0,0.0,0.0,6.5276296297,4.833333333333333,4.981481481666667,6.776666667,2023
2023,RA-623,2.0,4,-2.0,14,Masculino,2022,Pública,Ametista,7.8307,5.0,7.3,9.5,10.0,7.52,7.291666667,7.446666667,5.8,8.8,,,,,Ametista,False,Moderada (-1 a -2),1,1.0,False,3.0,-1.0,1.0,6.357733333300001,4.0,7.3999999999999995,7.05,2023
2023,RA-626,2.0,3,-1.0,12,Masculino,2021,Pública,Ametista,7.231033333,5.0,6.5,9.2,9.0,4.39,7.291666667,7.613333333,4.7,8.3,,,,,Quartzo,False,Moderada (-1 a -2),2,1.0,False,3.0,0.0,0.0,6.407590225500001,5.333333333333333,3.380451127666667,6.443333333,2023
2023,RA-433,2.0,3,-1.0,13,Masculino,2022,Pública,Ágata,6.5982,5.0,4.8,7.2,8.5,7.52,5.833333333,7.613333333,1.8,7.7,,,,,Quartzo,False,Moderada (-1 a -2),1,1.0,False,3.0,0.0,0.0,7.218157142866668,4.833333333333333,8.380952381,6.415,2023
2023,RA-614,2.0,3,-1.0,13,Masculino,2021,Pública,Topázio,8.2282,5.0,8.6,9.1,9.0,7.52,8.333333333,8.563333333,8.8,8.3,,,,,Topázio,False,Moderada (-1 a -2),2,1.0,False,3.0,-1.0,1.0,7.8284999999666685,6.833333333333333,9.700000000000001,7.603333333,2023
2023,RA-434,2.0,3,-1.0,12,Masculino,2022,Pública,Ametista,7.069766667,5.0,6.6,8.0,6.3,7.52,7.5,7.613333333,5.2,8.0,,,,,Ametista,False,Moderada (-1 a -2),1,1.0,False,3.0,0.0,0.0,6.610947619100001,5.5,5.061904762,6.55,2023
2023,RA-603,2.0,2,0.0,11,Masculino,2022,Pública,Ágata,6.748833333,10.0,7.0,8.9,0.0,2.52,7.708333333,7.78,5.7,8.2,,,,,Ametista,False,Adequado (≥ 0),1,0.0,False,3.0,0.0,0.0,6.942277777866667,4.666666666666667,7.155555555666666,6.216666667,2023
2023,RA-616,2.0,3,-1.0,13,Masculino,2019,Pública,Quartzo,5.612,5.0,6.8,6.6,0.0,5.02,5.833333333,6.783333333,5.5,8.0,,,,,Ametista,False,Moderada (-1 a -2),4,1.0,False,3.0,0.0,0.0,5.457877193033333,3.8333333333333335,3.087719298333333,4.946666667,2023
2023,RA-620,2.0,3,-1.0,13,Masculino,2021,Pública,Ametista,7.043666667,5.0,6.2,8.4,6.8,7.52,6.875,7.503333333,5.2,7.2,,,,,Ágata,False,Moderada (-1 a -2),2,1.0,False,3.0,0.0,0.0,5.766892063566667,2.5,3.9841269843333333,5.886666667,2023
2023,RA-1127,2.0,2,0.0,11,Feminino,2023,Pública,Topázio,8.3167,10.0,6.9,9.9,8.5,5.02,8.125,9.01,5.0,8.7,,,,,,False,Adequado (≥ 0),0,0.0,False,3.0,0.0,0.0,8.180966666666668,5.833333333333333,10.0,7.67,2023
2023,RA-1129,2.0,2,0.0,11,Masculino,2023,Pública,Ametista,7.309333333,10.0,7.8,9.2,0.0,6.27,7.916666667,7.503333333,6.8,8.7,,,,,,False,Adequado (≥ 0),0,0.0,False,3.0,0.0,0.0,7.360417647066668,6.833333333333333,7.137254902,5.745,2023
2023,RA-1130,2.0,2,0.0,11,Masculino,2023,Pública,Topázio,8.0037,10.0,7.3,8.4,8.5,7.52,7.708333333,7.503333333,6.3,8.2,,,,,,False,Adequado (≥ 0),0,0.0,False,3.0,0.0,0.0,6.563952941199999,4.333333333333333,6.278431372666667,5.33,2023
2023,RA-1131,2.0,3,-1.0,12,Feminino,2023,Pública,Topázio,8.316133333,5.0,9.1,9.9,7.9,5.02,8.75,9.286666667,8.3,9.8,,,,,,False,Moderada (-1 a -2),0,1.0,False,3.0,0.0,0.0,8.2889555555,8.333333333333334,9.277777777666666,7.893333333,2023
2023,RA-1133,2.0,2,0.0,10,Feminino,2023,Pública,Topázio,8.600033333,10.0,6.5,10.0,9.5,6.27,8.541666667,9.343333333,5.0,8.0,,,,,,False,Adequado (≥ 0),0,0.0,False,3.0,1.0,0.0,8.238553968266668,4.5,9.841269841333334,8.83,2023
2023,RA-1134,2.0,2,0.0,11,Masculino,2023,Pública,Ametista,7.769866667,10.0,6.8,9.7,8.0,3.76,7.916666667,7.56,5.5,8.0,,,,,,False,Adequado (≥ 0),0,0.0,False,3.0,0.0,0.0,7.7564571427,6.0,8.914285714,6.883333333,2023
2023,RA-618,2.0,4,-2.0,14,Masculino,2020,Pública,Ágata,6.4745,5.0,6.2,9.2,0.0,5.02,8.125,7.95,4.5,7.8,,,,,Ametista,False,Moderada (-1 a -2),3,1.0,False,3.0,-2.0,1.0,6.718348148233334,4.166666666666667,8.324074074,6.826666667,2023
2023,RA-631,2.0,3,-1.0,13,Masculino,2022,Pública,Quartzo,5.954666667,5.0,7.0,6.4,0.0,6.27,7.916666667,6.78,6.0,8.0,,,,,Ágata,False,Moderada (-1 a -2),1,1.0,False,3.0,0.0,0.0,6.795673420466667,4.166666666666667,7.2122004356666665,6.245,2023
2023,RA-646,2.0,3,-1.0,13,Masculino,2019,Pública,Topázio,8.3547,5.0,8.4,8.9,10.0,7.52,8.958333333,8.783333333,8.2,8.5,,,,,Topázio,False,Moderada (-1 a -2),4,1.0,False,3.0,-1.0,1.0,7.715491666666668,6.166666666666667,9.266666666666667,7.7475,2023
2023,RA-649,2.0,3,-1.0,13,Feminino,2019,Pública,Ametista,7.579533333,5.0,6.5,9.3,9.0,3.77,8.75,8.836666667,3.8,9.2,,,,,Ametista,False,Moderada (-1 a -2),4,1.0,False,3.0,0.0,0.0,6.985329691766667,3.6666666666666665,6.004481792666667,7.333333333,2023
2023,RA-651,2.0,2,0.0,11,Feminino,2022,Pública,Ametista,7.332,10.0,9.3,8.2,0.0,3.77,8.75,7.95,9.8,8.7,,,,,Ametista,False,Adequado (≥ 0),1,0.0,False,3.0,1.0,0.0,8.689300000100001,7.5,10.0,8.336666667,2023
2023,RA-1136,2.0,3,-1.0,13,Feminino,2023,Pública,Ágata,6.7351,5.0,6.6,8.1,6.8,2.52,8.333333333,7.723333333,4.8,8.3,,,,,,False,Moderada (-1 a -2),0,1.0,False,3.0,-1.0,1.0,5.458179831866667,1.6666666666666667,4.547899159666667,6.383333333,2023
2023,RA-653,2.0,3,-1.0,12,Feminino,2022,Pública,Ametista,7.385666667,5.0,7.9,9.8,0.0,6.27,9.166666667,9.06,7.7,8.0,,,,,Topázio,False,Moderada (-1 a -2),1,1.0,False,3.0,0.0,0.0,8.103217647033333,5.166666666666667,9.537254901999999,7.89,2023
2023,RA-456,2.0,3,-1.0,12,Feminino,2022,Pública,Ametista,7.518,5.0,9.9,8.3,0.0,4.39,9.583333333,9.953333333,9.7,10.0,,,,,Ametista,False,Moderada (-1 a -2),1,1.0,False,3.0,0.0,0.0,8.331124561366668,6.5,9.382456140333334,8.893333333,2023
2023,RA-655,2.0,3,-1.0,13,Feminino,2019,Pública,Topázio,8.3198,5.0,8.3,9.9,7.4,7.52,9.166666667,8.896666667,7.2,9.3,,,,,Ametista,False,Moderada (-1 a -2),4,1.0,False,3.0,0.0,0.0,8.238600000066668,6.833333333333333,10.0,7.166666667,2023
2023,RA-656,2.0,3,-1.0,12,Feminino,2020,Pública,Ágata,6.780833333,5.0,7.3,8.9,0.0,7.52,8.541666667,7.173333333,5.8,8.8,,,,,Ágata,False,Moderada (-1 a -2),3,1.0,False,3.0,0.0,0.0,6.668152941266667,4.166666666666667,5.978431372666667,6.106666667,2023
2023,RA-657,2.0,3,-1.0,12,Feminino,2021,Pública,Topázio,8.3532,5.0,8.2,10.0,8.5,7.52,8.75,8.73,7.0,9.3,,,,,Topázio,False,Moderada (-1 a -2),2,1.0,False,3.0,0.0,0.0,8.207433333400001,7.5,9.6,7.056666667,2023
2023,RA-461,2.0,3,-1.0,12,Feminino,2018,Pública,Ametista,7.2379,5.0,7.4,7.9,7.3,3.77,8.541666667,8.616666667,5.7,9.0,,,,,Quartzo,False,Moderada (-1 a -2),5,1.0,False,3.0,0.0,0.0,7.5447559291,4.5,9.182446312,7.056666667,2023
2023,RA-632,2.0,2,0.0,11,Feminino,2022,Pública,Ametista,7.8768,10.0,7.4,9.1,4.7,5.64,8.333333333,8.563333333,6.8,8.0,,,,,Ágata,False,Adequado (≥ 0),1,0.0,False,3.0,0.0,0.0,7.515491249000001,4.166666666666667,8.999164578333334,7.875,2023
2023,RA-633,2.0,3,-1.0,12,Feminino,2020,Pública,Ágata,6.6552,5.0,7.2,8.1,1.7,6.27,8.541666667,7.286666667,5.3,9.0,,,,,Ametista,False,Moderada (-1 a -2),3,1.0,False,3.0,0.0,0.0,5.228470175466667,3.3333333333333335,4.707017544,6.1175,2023
2023,RA-1137,2.0,2,0.0,10,Feminino,2023,Pública,Topázio,8.743366667,10.0,6.5,9.8,9.5,6.27,9.375,9.843333333,6.0,7.0,,,,,,False,Adequado (≥ 0),0,0.0,False,3.0,1.0,0.0,7.1837526524666675,3.5,7.588638262333333,7.4575,2023
2023,RA-1139,2.0,2,0.0,11,Masculino,2023,Pública,Ametista,7.6647,10.0,5.3,9.1,8.5,5.64,8.125,7.79,6.3,4.3,,,,,,False,Adequado (≥ 0),0,0.0,False,3.0,1.0,0.0,6.906276357600001,4.666666666666667,6.152715121333333,7.04,2023
2023,RA-1140,2.0,2,0.0,11,Feminino,2023,Pública,Ametista,7.703533333,10.0,7.3,8.7,4.7,7.52,7.708333333,7.62,8.5,6.0,,,,,,False,Adequado (≥ 0),0,0.0,False,2.0,0.0,0.0,7.3473880383,7.0,6.112440191499999,7.39,2023
2023,RA-445,2.0,3,-1.0,13,Masculino,2022,Pública,Ametista,7.9087,5.0,8.4,8.8,8.0,6.89,8.541666667,8.176666667,7.7,9.0,,,,,Ágata,False,Moderada (-1 a -2),1,1.0,False,3.0,0.0,0.0,7.3416246032,4.0,8.715873016,7.3725,2023
2023,RA-1141,2.0,3,-1.0,12,Feminino,2023,Pública,Ametista,7.2757,5.0,5.9,8.8,9.0,7.52,7.708333333,7.113333333,5.5,6.2,,,,,,False,Moderada (-1 a -2),0,1.0,False,3.0,0.0,0.0,6.793890866866667,4.166666666666667,6.191537667666666,6.7825,2023
2023,RA-639,2.0,2,0.0,11,Feminino,2021,Pública,Ametista,7.5853,10.0,6.3,8.1,7.4,6.27,8.125,7.62,4.8,7.8,,,,,Ágata,False,Adequado (≥ 0),2,0.0,False,3.0,0.0,0.0,5.7693807644,3.8333333333333335,5.278195488666667,6.1625,2023
2023,RA-1142,2.0,2,0.0,11,Feminino,2023,Pública,Topázio,9.175033333,10.0,10.0,10.0,9.0,7.52,8.541666667,8.343333333,10.0,10.0,,,,,,False,Adequado (≥ 0),0,0.0,False,3.0,0.0,0.0,8.390566666666668,8.5,9.133333333333333,7.335,2023
2023,RA-642,2.0,2,0.0,11,Feminino,2021,Pública,Topázio,8.416866667,10.0,6.5,9.2,9.5,6.27,8.75,9.173333333,5.7,7.2,,,,,Ametista,False,Adequado (≥ 0),2,0.0,False,3.0,0.0,0.0,7.082591269866667,4.0,9.149206349333333,6.9975,2023
2023,RA-658,2.0,2,0.0,10,Feminino,2022,Pública,Topázio,8.438533333,10.0,6.1,9.5,9.5,7.52,7.916666667,9.173333333,5.3,6.8,,,,,Ametista,False,Adequado (≥ 0),1,0.0,False,3.0,1.0,0.0,7.507033333333333,3.6666666666666665,10.0,6.738,2023
2023,RA-588,2.0,2,0.0,10,Feminino,2021,Privada / bolsa,Topázio,8.3527,10.0,7.8,9.6,8.0,2.52,8.958333333,9.673333333,7.5,8.0,,,,,Topázio,False,Adequado (≥ 0),2,0.0,False,3.0,1.0,0.0,8.676133333333334,7.833333333333333,9.833333333333334,8.0,2023
2023,RA-662,2.0,3,-1.0,12,Feminino,2022,Pública,Ágata,6.733566667,5.0,6.7,7.6,6.8,6.27,7.291666667,6.72,4.3,9.0,,,,,Ametista,False,Moderada (-1 a -2),1,1.0,False,3.0,0.0,0.0,7.1074778554666675,4.166666666666667,7.6107226106666666,7.234,2023
2023,RA-403,2.0,3,-1.0,13,Masculino,2020,Pública,Ametista,7.716366667,5.0,7.8,8.8,8.5,6.27,7.291666667,8.45,6.8,8.8,,,,,Ametista,False,Moderada (-1 a -2),3,1.0,False,3.0,0.0,0.0,8.008488888833334,7.666666666666667,7.361111111,7.613333333,2023
2023,RA-591,2.0,3,-1.0,12,Masculino,2021,Pública,Ametista,7.1472,5.0,6.9,8.5,9.0,6.27,5.833333333,7.333333333,6.2,7.5,,,,,Ametista,False,Moderada (-1 a -2),2,1.0,False,2.0,-1.0,1.0,6.8360336957,7.5,7.913043478500001,6.54,2023
2023,RA-592,2.0,2,0.0,11,Feminino,2020,Privada / bolsa,Ametista,7.935466667,10.0,7.6,9.2,6.2,3.77,7.916666667,8.95,5.5,9.7,,,,,Ametista,False,Adequado (≥ 0),3,0.0,False,3.0,1.0,0.0,7.121622213600001,7.833333333333333,6.108152734666667,7.625,2023
2023,RA-602,2.0,3,-1.0,12,Masculino,2019,Pública,Topázio,8.5592,5.0,8.1,9.6,10.0,7.52,8.75,9.51,7.3,8.8,,,,,Ametista,False,Moderada (-1 a -2),4,1.0,False,3.0,0.0,0.0,8.647409313733334,7.333333333333333,9.670588235333334,8.545,2023
2023,RA-666,2.0,2,0.0,11,Masculino,2022,Pública,Topázio,8.720366667,10.0,7.1,9.1,9.5,7.52,8.541666667,9.62,6.7,7.5,,,,,Ametista,False,Adequado (≥ 0),1,0.0,False,3.0,0.0,0.0,8.185838802933334,7.166666666666667,7.881527348,8.375,2023
2023,RA-667,2.0,3,-1.0,12,Masculino,2021,Pública,Ágata,6.774866667,5.0,5.2,6.9,9.0,6.89,7.083333333,7.836666667,3.0,7.3,,,,,Quartzo,False,Moderada (-1 a -2),2,1.0,False,3.0,0.0,0.0,7.177130604266668,4.666666666666667,7.038986354666666,6.966,2023
2023,RA-422,2.0,3,-1.0,13,Masculino,2022,Pública,Quartzo,5.57,5.0,4.4,7.8,0.0,7.52,6.666666667,6.106666667,3.0,5.7,,,,,Ágata,False,Moderada (-1 a -2),1,1.0,False,3.0,-1.0,1.0,5.544981481433334,2.8333333333333335,6.157407407333333,5.5,2023
2023,RA-423,2.0,3,-1.0,13,Feminino,2022,Pública,Ágata,6.607533333,5.0,3.4,8.7,8.0,6.89,7.083333333,7.45,2.3,4.5,,,,,Ágata,False,Moderada (-1 a -2),1,1.0,False,3.0,0.0,0.0,6.616193704866666,4.333333333333333,6.501135191,6.8275,2023
2023,RA-669,2.0,2,0.0,11,Masculino,2022,Pública,Ametista,7.345033333,10.0,5.0,7.8,8.5,7.52,7.708333333,7.06,3.3,6.7,,,,,Ametista,False,Adequado (≥ 0),1,0.0,False,3.0,0.0,0.0,6.6438703703,5.333333333333333,4.851851851666666,6.883333333,2023
2023,RA-670,2.0,2,0.0,11,Feminino,2022,Pública,Topázio,8.6067,10.0,7.0,8.7,9.5,7.52,8.958333333,9.343333333,5.8,8.2,,,,,Ametista,False,Adequado (≥ 0),1,0.0,False,3.0,1.0,0.0,8.8602539683,8.666666666666666,9.441269841333334,8.166666667,2023
2023,RA-326,3.0,3,0.0,13,Feminino,2022,Privada / bolsa,Topázio,8.65075,10.0,8.2,9.4,9.6,3.14,9.0625,9.76,8.3,7.5,8.8,,,,Topázio,False,Adequado (≥ 0),1,0.0,False,4.0,1.0,0.0,8.832389092333335,9.333333333333334,8.973112128333334,8.704,2023
2023,RA-179,3.0,3,0.0,12,Masculino,2022,Pública,Topázio,8.437641667,10.0,6.4,9.4,8.8,7.52,8.59375,8.9225,8.7,6.3,4.3,,,,Ametista,False,Adequado (≥ 0),1,0.0,False,4.0,1.0,0.0,8.932712280733334,8.166666666666666,9.407894737,8.44,2023
2023,RA-1143,3.0,5,-2.0,15,Feminino,2023,Pública,Ágata,6.445933333,5.0,5.3,7.0,8.8,6.26,7.5,6.2075,6.0,6.3,3.5,,,,,False,Moderada (-1 a -2),0,1.0,False,3.0,-3.0,1.0,5.881225668333334,3.1666666666666665,5.201336675,6.79,2023
2023,RA-332,3.0,4,-1.0,14,Masculino,2017,Privada / bolsa,Topázio,8.002591667,5.0,6.8,8.4,9.2,8.76,8.28125,9.175,6.3,7.7,6.5,,,,Ametista,False,Moderada (-1 a -2),6,1.0,False,4.0,1.0,0.0,8.421271701,7.0,7.605358505000001,8.706,2023
2023,RA-199,3.0,4,-1.0,14,Masculino,2022,Privada / bolsa,Ametista,7.892341667,5.0,8.5,7.6,9.2,7.51,7.96875,8.505,8.2,8.2,9.2,,,,Ametista,False,Moderada (-1 a -2),1,1.0,False,4.0,-1.0,1.0,7.419398245666667,7.166666666666667,7.554824561666667,8.206,2023
2023,RA-352,3.0,3,0.0,12,Masculino,2019,Pública,Ametista,7.840341667,10.0,7.2,8.1,9.2,6.26,7.96875,7.17,8.2,6.0,7.5,,,,Ametista,False,Adequado (≥ 0),4,0.0,False,4.0,1.0,0.0,5.9794829346,3.1666666666666665,4.453748006333333,6.7925,2023
2023,RA-1146,3.0,4,-1.0,14,Feminino,2023,Pública,Ágata,6.689583333,5.0,3.7,8.8,9.6,6.26,7.1875,6.965,5.0,3.3,2.7,,,,,False,Moderada (-1 a -2),0,1.0,False,3.0,-2.0,1.0,5.3933086048000005,2.0,5.017209691,5.883333333,2023
2023,RA-331,3.0,3,0.0,13,Feminino,2019,Pública,Ametista,7.039791667,10.0,5.2,8.6,9.6,2.52,7.03125,6.7975,5.7,4.8,5.2,,,,Ágata,False,Adequado (≥ 0),4,0.0,False,3.0,-1.0,1.0,6.231045707066668,3.5,7.735353535333334,5.62,2023
2023,RA-227,3.0,3,0.0,12,Masculino,2022,Pública,Ametista,7.722125,10.0,6.9,7.5,9.6,5.63,8.28125,7.4625,7.2,6.5,7.0,,,,Ágata,False,Adequado (≥ 0),1,0.0,False,3.0,0.0,0.0,8.074015455333335,6.5,8.097577276666668,7.54,2023
2023,RA-247,3.0,3,0.0,13,Feminino,2021,Pública,Ametista,7.221958333,10.0,7.2,8.5,0.0,7.52,8.28125,7.5425,6.5,6.7,8.3,,,,Ametista,False,Adequado (≥ 0),2,0.0,False,4.0,0.0,0.0,6.646485739800001,4.333333333333333,8.306595365666666,8.5875,2023
2023,RA-1147,3.0,4,-1.0,14,Feminino,2023,Pública,Ametista,7.072983333,5.0,6.7,8.3,8.3,6.26,7.1875,7.0075,5.0,7.5,7.5,,,,,False,Moderada (-1 a -2),0,1.0,False,3.0,-1.0,1.0,5.833118518533334,3.1666666666666665,6.125925926,5.495,2023
2023,RA-336,3.0,4,-1.0,14,Masculino,2016,Pública,Quartzo,5.887708333,5.0,5.1,7.5,0.0,6.89,7.34375,7.255,6.7,5.2,3.3,,,,Ágata,False,Moderada (-1 a -2),7,1.0,False,4.0,0.0,0.0,6.834286748466667,5.833333333333333,5.512100409000001,7.196,2023
2023,RA-346,3.0,2,1.0,11,Masculino,2022,Pública,Ametista,7.305541667,10.0,6.2,9.4,0.0,8.14,7.96875,7.84,6.7,5.5,6.5,,,,Topázio,False,Adequado (≥ 0),1,0.0,False,3.0,0.0,0.0,7.761749603200001,6.166666666666667,9.149206349333333,8.2525,2023
2023,RA-1149,3.0,4,-1.0,14,Feminino,2023,Pública,Ametista,7.410108333,5.0,7.2,9.8,8.3,2.52,7.96875,8.1725,6.0,6.8,8.7,,,,,False,Moderada (-1 a -2),0,1.0,False,4.0,-1.0,1.0,8.1371,6.0,10.0,8.706,2023
2023,RA-1150,3.0,6,-3.0,16,Masculino,2023,Pública,Ametista,7.076008333,2.5,6.7,9.8,9.2,2.52,7.96875,7.835,7.0,6.5,6.5,,,,,False,Severa (≤ -3),0,1.0,False,4.0,-2.0,1.0,7.1023212964,6.833333333333333,6.481481481666667,7.946666667,2023
2023,RA-1151,3.0,3,0.0,12,Feminino,2023,Pública,Ametista,7.829958333,10.0,8.3,9.5,7.5,2.52,7.65625,7.545,7.3,8.8,8.7,,,,,False,Adequado (≥ 0),0,0.0,False,4.0,1.0,0.0,8.749111111066668,9.0,9.722222222333334,9.393333333,2023
2023,RA-356,3.0,3,0.0,13,Masculino,2019,Pública,Ágata,6.452008333,10.0,3.4,8.5,9.2,2.52,6.09375,6.5025,4.3,4.5,1.3,,,,Ágata,False,Adequado (≥ 0),4,0.0,False,4.0,1.0,0.0,6.627336016533334,5.333333333333333,6.656346749333334,6.5375,2023
2023,RA-359,3.0,3,0.0,13,Feminino,2019,Pública,Ametista,7.627125,10.0,5.8,9.2,9.6,2.52,7.65625,8.255,6.0,6.7,4.7,,,,Ágata,False,Adequado (≥ 0),4,0.0,False,4.0,1.0,0.0,7.492006349133335,5.5,7.162698412666667,8.333333333,2023
2023,RA-360,3.0,3,0.0,13,Feminino,2019,Pública,Quartzo,5.790875,10.0,4.3,7.3,0.0,2.52,7.34375,7.4225,5.3,4.8,2.8,,,,Ametista,False,Adequado (≥ 0),4,0.0,False,3.0,-1.0,1.0,6.293175689166667,5.833333333333333,5.618045113,6.993333333,2023
2023,RA-338,3.0,3,0.0,13,Masculino,2019,Pública,Topázio,8.287441667,10.0,6.7,9.1,8.3,7.52,8.59375,8.38,8.7,7.0,4.5,,,,Ágata,False,Adequado (≥ 0),4,0.0,False,4.0,0.0,0.0,8.052795331466667,6.833333333333333,7.441643324,8.8375,2023
2023,RA-339,3.0,3,0.0,12,Feminino,2019,Pública,Ametista,7.377583333,10.0,7.1,8.9,0.0,7.52,7.8125,8.255,7.7,5.7,7.8,,,,Topázio,False,Adequado (≥ 0),4,0.0,False,4.0,1.0,0.0,7.711540746133334,8.166666666666666,7.155537064000001,7.668,2023
2023,RA-1153,3.0,4,-1.0,14,Feminino,2023,Pública,Ametista,7.968658333,5.0,7.2,10.0,7.9,7.52,7.65625,8.63,6.7,7.8,7.0,,,,,False,Moderada (-1 a -2),0,1.0,False,4.0,-1.0,1.0,8.268876190466667,8.5,9.702380952333334,9.074,2023
2023,RA-183,3.0,4,-1.0,14,Feminino,2022,Pública,Ametista,7.586241667,5.0,7.7,9.7,7.9,2.52,7.96875,8.795,7.0,8.0,8.2,,,,Ametista,False,Moderada (-1 a -2),1,1.0,False,4.0,0.0,0.0,8.266902371533334,7.5,9.249011857666666,8.372,2023
2023,RA-342,3.0,5,-2.0,15,Feminino,2021,Pública,Ametista,7.539875,5.0,6.6,8.6,7.5,7.52,7.96875,8.505,6.3,7.8,5.7,,,,Ágata,False,Moderada (-1 a -2),2,1.0,False,4.0,-1.0,1.0,6.757026587266667,4.5,7.728174603333334,7.723333333,2023
2023,RA-187,3.0,3,0.0,13,Feminino,2019,Privada / bolsa,Ametista,7.809875,10.0,6.9,9.9,7.5,2.52,7.96875,8.255,7.3,8.7,4.7,,,,Ametista,False,Adequado (≥ 0),4,0.0,False,4.0,0.0,0.0,8.568424074066666,7.833333333333333,9.537037037,9.06,2023
2023,RA-347,3.0,3,0.0,13,Feminino,2019,Pública,Ametista,7.61835,10.0,7.3,9.5,6.7,2.52,7.8125,7.7925,6.7,6.2,9.0,,,,Ametista,False,Adequado (≥ 0),4,0.0,False,4.0,1.0,0.0,8.384742583733333,7.666666666666667,9.673046251999999,7.766,2023
2023,RA-1154,3.0,3,0.0,13,Masculino,2023,Pública,Ametista,7.701125,10.0,5.1,9.3,9.6,5.63,7.65625,7.67,5.3,5.0,5.0,,,,,False,Adequado (≥ 0),0,0.0,False,3.0,-1.0,1.0,7.5660750000000005,8.0,9.200000000000001,6.745,2023
2023,RA-249,3.0,5,-2.0,15,Masculino,2017,Pública,Quartzo,5.444625,5.0,4.9,8.2,0.0,5.0,5.15625,6.545,6.2,5.3,3.2,,,,Quartzo,False,Moderada (-1 a -2),6,1.0,False,4.0,-2.0,1.0,6.125104328999999,5.0,6.645021645,7.064,2023
2023,RA-250,3.0,3,0.0,13,Feminino,2022,Pública,Ametista,7.598208333,10.0,8.3,9.3,0.0,5.63,7.96875,8.625,7.7,8.8,8.3,,,,Ametista,False,Adequado (≥ 0),1,0.0,False,4.0,0.0,0.0,9.049892592566668,9.166666666666666,9.629629629666667,8.95,2023
2023,RA-367,3.0,3,0.0,12,Feminino,2018,Pública,Ametista,7.38685,10.0,5.9,8.7,8.8,2.52,7.8125,7.7925,7.0,5.5,5.2,,,,Ágata,False,Adequado (≥ 0),5,0.0,False,4.0,1.0,0.0,7.209434085200001,5.0,7.268170426,7.6275,2023
2023,RA-1155,3.0,4,-1.0,14,Feminino,2023,Pública,Ametista,7.821633333,5.0,8.0,9.2,9.2,5.63,7.5,8.2925,6.7,8.2,9.0,,,,,False,Moderada (-1 a -2),0,1.0,False,4.0,-1.0,1.0,7.119011111133333,4.666666666666667,8.888888889,8.87,2023
2023,RA-1156,3.0,3,0.0,12,Feminino,2023,Pública,Ametista,7.340775,10.0,5.3,9.2,8.3,2.52,7.96875,7.7925,6.2,6.0,3.7,,,,,False,Adequado (≥ 0),0,0.0,False,4.0,1.0,0.0,6.6777135642,2.0,7.821067821,7.5,2023
2023,RA-368,3.0,4,-1.0,14,Masculino,2018,Pública,Quartzo,5.796458333,5.0,6.7,7.7,0.0,2.52,7.03125,7.34,5.0,7.2,7.8,,,,Ágata,False,Moderada (-1 a -2),5,1.0,False,3.0,-1.0,1.0,6.782158333333333,7.0,6.166666666666667,6.7025,2023
2023,RA-387,3.0,4,-1.0,14,Masculino,2019,Pública,Quartzo,4.794333333,5.0,3.0,6.8,0.0,2.52,6.875,7.0075,4.3,2.8,1.8,,,,Ágata,False,Moderada (-1 a -2),4,1.0,False,3.0,-1.0,1.0,6.125500000000001,4.333333333333333,7.166666666666667,5.9975,2023
2023,RA-388,3.0,5,-2.0,15,Feminino,2019,Pública,Quartzo,5.630833333,5.0,4.2,7.4,0.0,5.63,6.875,7.835,6.0,4.3,2.2,,,,Ágata,False,Moderada (-1 a -2),4,1.0,False,4.0,-1.0,1.0,5.965307936466667,4.333333333333333,6.349206349,5.764,2023
2023,RA-377,3.0,3,0.0,13,Feminino,2021,Pública,Ametista,7.205041667,10.0,4.8,7.6,9.6,5.0,7.34375,7.6275,6.0,5.7,2.8,,,,Ágata,False,Adequado (≥ 0),2,0.0,False,4.0,0.0,0.0,7.480115873000001,5.166666666666667,7.698412698333333,7.634,2023
2023,RA-236,3.0,3,0.0,13,Feminino,2022,Pública,Ametista,7.337116667,10.0,4.5,7.5,10.0,7.52,7.1875,7.2975,6.3,4.0,3.3,,,,Ametista,False,Adequado (≥ 0),1,0.0,False,4.0,0.0,0.0,6.980833740133334,4.5,7.890668700666666,6.362,2023
2023,RA-381,3.0,4,-1.0,14,Masculino,2018,Pública,Quartzo,5.758041667,5.0,3.9,8.4,0.0,6.89,7.34375,6.84,5.3,5.3,1.2,,,,Ágata,False,Moderada (-1 a -2),5,1.0,False,3.0,-2.0,1.0,5.940775,3.6666666666666665,6.133333333333333,6.1225,2023
2023,RA-364,3.0,3,0.0,12,Masculino,2019,Pública,Ametista,7.734891667,10.0,5.8,9.0,8.8,6.89,7.03125,7.505,8.0,5.2,4.3,,,,Topázio,False,Adequado (≥ 0),4,0.0,False,3.0,0.0,0.0,8.2697037582,7.5,9.526143791,7.2075,2023
2023,RA-382,3.0,5,-2.0,15,Masculino,2017,Pública,Ágata,6.223833333,5.0,5.2,9.4,0.0,6.26,7.5,7.1725,5.0,5.8,4.7,,,,Ágata,False,Moderada (-1 a -2),6,1.0,False,4.0,-1.0,1.0,5.805712280733333,3.0,6.324561403666666,6.43,2023
2023,RA-383,3.0,3,0.0,12,Masculino,2019,Pública,Ametista,7.5408,10.0,6.5,8.8,9.2,3.14,7.5,7.5,6.3,6.2,7.0,,,,Topázio,False,Adequado (≥ 0),4,0.0,False,4.0,1.0,0.0,8.036024386733335,5.833333333333333,8.600288600333334,8.47,2023
2023,RA-384,3.0,3,0.0,13,Feminino,2017,Pública,Ágata,6.757958333,10.0,7.3,9.1,0.0,2.52,7.65625,7.335,6.3,7.2,8.3,,,,Ametista,False,Adequado (≥ 0),6,0.0,False,4.0,0.0,0.0,8.072200721466668,7.5,8.607503607333333,7.936,2023
2023,RA-1157,3.0,4,-1.0,14,Masculino,2023,Pública,Ametista,7.086633333,5.0,5.7,8.8,9.2,6.26,7.5,7.0025,5.0,6.3,5.7,,,,,False,Moderada (-1 a -2),0,1.0,False,3.0,-1.0,1.0,7.916082936533334,7.0,9.082539682666665,8.466,2023
2023,RA-260,3.0,3,0.0,13,Feminino,2019,Pública,Topázio,8.080008333,10.0,6.1,9.9,9.2,7.52,7.34375,7.4175,6.3,5.2,6.7,,,,Ametista,False,Adequado (≥ 0),4,0.0,False,4.0,0.0,0.0,8.448920634933334,7.0,9.674603174666666,8.502,2023
2023,RA-390,3.0,3,0.0,12,Feminino,2022,Pública,Ágata,6.905741667,10.0,4.8,8.8,7.9,2.52,7.34375,7.005,5.7,5.8,3.0,,,,Ágata,False,Adequado (≥ 0),1,0.0,False,3.0,0.0,0.0,6.5472236842000004,4.166666666666667,6.080701754333333,6.08,2023
2023,RA-392,3.0,5,-2.0,15,Masculino,2022,Pública,Ágata,6.567208333,5.0,4.6,9.5,9.6,2.52,6.09375,7.17,6.2,4.7,2.8,,,,Ágata,False,Moderada (-1 a -2),1,1.0,False,4.0,-1.0,1.0,4.3639463364,1.0,5.414731682,3.545,2023
2023,RA-1160,3.0,3,0.0,13,Masculino,2023,Pública,Ágata,6.636166667,10.0,2.7,8.7,9.6,2.52,6.875,7.2575,4.8,2.7,0.7,,,,,False,Adequado (≥ 0),0,0.0,False,3.0,-1.0,1.0,6.274190982333334,3.1666666666666665,8.201288245,6.2475,2023
2023,RA-395,3.0,3,0.0,12,Feminino,2018,Pública,Ametista,7.469175,10.0,6.0,8.6,9.2,2.52,7.96875,7.9175,6.7,5.3,6.0,,,,Ametista,False,Adequado (≥ 0),5,0.0,False,4.0,1.0,0.0,7.169905291000001,4.333333333333333,6.921693121666666,8.464,2023
2023,RA-450,3.0,4,-1.0,14,Masculino,2021,Pública,Ágata,6.819625,5.0,5.4,8.4,9.6,2.52,7.65625,7.9175,7.0,6.5,2.7,,,,Ametista,False,Moderada (-1 a -2),2,1.0,False,4.0,-1.0,1.0,7.526188206666666,7.5,8.954191033333332,7.58,2023
2023,RA-464,3.0,4,-1.0,14,Feminino,2022,Pública,Ágata,6.081675,5.0,3.0,7.7,9.2,2.52,7.96875,7.38,4.8,3.7,0.5,,,,Ágata,False,Moderada (-1 a -2),1,1.0,False,3.0,-1.0,1.0,6.872009064333334,4.333333333333333,7.851461988333334,7.1175,2023
2023,RA-442,3.0,3,0.0,12,Feminino,2022,Pública,Ágata,6.814166667,10.0,5.8,7.6,0.0,7.52,7.5,8.1275,6.7,6.5,4.3,,,,Topázio,False,Adequado (≥ 0),1,0.0,False,4.0,1.0,0.0,6.905439215666667,5.0,5.9151960783333335,7.8775,2023
2023,RA-467,3.0,4,-1.0,14,Feminino,2022,Pública,Ágata,6.552916667,5.0,5.2,9.2,6.3,3.14,7.1875,7.5425,6.0,6.0,3.7,,,,Ágata,False,Moderada (-1 a -2),1,1.0,False,4.0,0.0,0.0,7.7298118421333335,6.833333333333333,9.140350877333333,7.54,2023
2023,RA-1162,3.0,3,0.0,13,Feminino,2023,Pública,Ametista,7.44215,10.0,6.0,8.5,8.3,3.77,7.8125,7.7525,7.3,5.5,5.2,,,,,False,Adequado (≥ 0),0,0.0,False,4.0,0.0,0.0,7.473167836266667,5.666666666666667,9.135672514666666,7.0375,2023
2023,RA-470,3.0,4,-1.0,14,Feminino,2019,Pública,Ágata,6.993766667,5.0,4.9,9.2,8.8,5.0,7.5,7.71,6.0,4.3,4.5,,,,Ametista,False,Moderada (-1 a -2),4,1.0,False,4.0,0.0,0.0,6.981130848,3.3333333333333335,8.011695906666667,6.4975,2023
2023,RA-474,3.0,4,-1.0,14,Masculino,2019,Pública,Quartzo,5.283583333,5.0,3.3,7.8,0.0,5.0,7.1875,6.7575,4.8,3.8,1.2,,,,Ágata,False,Moderada (-1 a -2),4,1.0,False,3.0,-1.0,1.0,6.024753703733333,3.0,5.818518518666667,6.8725,2023
2023,RA-476,3.0,3,0.0,13,Feminino,2019,Pública,Ágata,6.492408333,10.0,4.1,7.0,7.9,2.52,7.34375,7.505,5.0,4.5,2.7,,,,Ágata,False,Adequado (≥ 0),4,0.0,False,3.0,0.0,0.0,6.7359982456,4.5,6.5964912280000005,6.745,2023
2023,RA-411,3.0,3,0.0,13,Feminino,2019,Privada / bolsa,Ametista,7.779983333,10.0,6.6,9.0,6.2,7.52,7.8125,7.5425,5.7,6.7,7.3,,,,Ametista,False,Adequado (≥ 0),4,0.0,False,4.0,0.0,0.0,7.279762962966667,4.833333333333333,9.148148147999999,7.4125,2023
2023,RA-412,3.0,3,0.0,13,Feminino,2018,Pública,Ametista,7.373891667,10.0,6.2,8.9,8.8,2.52,7.03125,7.585,5.8,5.2,7.7,,,,Ametista,False,Adequado (≥ 0),5,0.0,False,4.0,0.0,0.0,8.044378070166667,7.333333333333333,8.456140351,8.125,2023
2023,RA-414,3.0,3,0.0,13,Feminino,2021,Pública,Ametista,7.25025,10.0,6.5,9.5,0.0,7.52,7.8125,7.585,6.0,7.0,6.5,,,,Ametista,False,Adequado (≥ 0),2,0.0,False,3.0,0.0,0.0,7.187625925933334,6.0,8.429629629666666,5.67,2023
2023,RA-1163,3.0,4,-1.0,14,Masculino,2023,Pública,Ametista,7.749391667,5.0,7.2,9.3,8.8,7.52,7.65625,7.75,7.0,6.7,8.0,,,,,False,Moderada (-1 a -2),0,1.0,False,4.0,0.0,0.0,8.6794789474,7.833333333333333,9.824561403666666,8.755,2023
2023,RA-273,3.0,4,-1.0,14,Feminino,2018,Pública,Ágata,6.337116667,5.0,5.0,7.4,7.9,2.52,7.8125,7.6275,5.3,6.8,3.0,,,,Quartzo,False,Moderada (-1 a -2),5,1.0,False,4.0,-1.0,1.0,6.5991307798,4.5,7.323153899,6.896,2023
2023,RA-471,3.0,3,0.0,13,Feminino,2020,Pública,Ágata,6.855541667,10.0,5.0,9.0,0.0,6.27,7.96875,8.125,6.3,4.0,4.8,,,,Ágata,False,Adequado (≥ 0),3,0.0,False,4.0,0.0,0.0,6.635847117766667,5.5,7.027568922333333,8.0425,2023
2023,RA-416,3.0,3,0.0,13,Masculino,2018,Privada / bolsa,Topázio,8.144425,10.0,7.6,9.8,9.2,2.52,8.28125,8.3375,7.0,7.0,8.8,,,,Ametista,False,Adequado (≥ 0),5,0.0,False,4.0,1.0,0.0,8.700808577033333,8.0,8.972709551666666,9.13,2023
2023,RA-417,3.0,3,0.0,13,Feminino,2022,Pública,Topázio,8.257658333,10.0,7.8,9.7,5.4,7.52,8.28125,8.2125,6.7,8.3,8.3,,,,Topázio,False,Adequado (≥ 0),1,0.0,False,4.0,0.0,0.0,8.533628557533333,8.833333333333334,8.401559454333333,8.2925,2023
2023,RA-305,3.0,5,-2.0,15,Masculino,2019,Pública,Ágata,6.394291667,5.0,5.2,8.9,0.0,7.52,7.65625,7.75,5.2,4.8,5.7,,,,Ágata,False,Moderada (-1 a -2),4,1.0,False,4.0,-1.0,1.0,6.693026811600001,4.833333333333333,7.898550724666666,7.03,2023
2023,RA-418,3.0,2,1.0,11,Feminino,2020,Privada / bolsa,Topázio,8.1686,10.0,8.1,10.0,8.8,2.52,8.125,8.045,6.7,8.3,9.3,,,,Topázio,False,Adequado (≥ 0),3,0.0,False,4.0,1.0,0.0,9.125183333366667,9.333333333333334,10.0,9.0475,2023
2023,RA-419,3.0,3,0.0,13,Feminino,2019,Privada / bolsa,Ametista,7.7261,10.0,7.6,9.5,6.7,2.52,8.125,7.875,7.0,7.3,8.5,,,,Ametista,False,Adequado (≥ 0),4,0.0,False,4.0,1.0,0.0,8.355707894766669,8.166666666666666,9.382456140666667,8.5475,2023
2023,RA-421,3.0,3,0.0,12,Masculino,2021,Pública,Topázio,8.030716667,10.0,7.3,9.9,9.2,2.52,7.8125,8.17,8.0,6.2,7.8,,,,Topázio,False,Adequado (≥ 0),2,0.0,False,4.0,1.0,0.0,8.488232329,6.666666666666667,9.540744978333334,8.572,2023
2023,RA-407,3.0,4,-1.0,14,Masculino,2022,Pública,Ametista,7.665083333,5.0,7.3,8.6,9.6,7.52,7.8125,7.5,7.3,7.2,7.3,,,,Ametista,False,Moderada (-1 a -2),1,1.0,False,4.0,0.0,0.0,7.0875128168,3.6666666666666665,7.614522417333333,7.875,2023
2023,RA-425,3.0,3,0.0,13,Masculino,2022,Pública,Topázio,8.10555,10.0,7.5,9.9,9.2,2.52,7.8125,8.3775,6.7,7.3,8.5,,,,Topázio,False,Adequado (≥ 0),1,0.0,False,4.0,0.0,0.0,9.016616666700001,9.0,10.0,8.8375,2023
2023,RA-426,3.0,4,-1.0,14,Feminino,2022,Pública,Ágata,6.329158333,5.0,5.0,7.6,5.4,5.0,7.65625,7.5425,4.7,5.2,5.0,,,,Ágata,False,Moderada (-1 a -2),1,1.0,False,4.0,-1.0,1.0,6.6430030186,4.833333333333333,7.9050567596666665,8.0,2023
2023,RA-1165,3.0,3,0.0,12,Feminino,2023,Pública,Ametista,7.880716667,10.0,7.3,9.1,9.2,5.0,7.1875,7.2925,7.0,6.0,9.0,,,,,False,Adequado (≥ 0),0,0.0,False,3.0,0.0,0.0,7.908044272466667,8.0,6.829721362333333,7.83,2023
2023,RA-432,3.0,5,-2.0,15,Feminino,2019,Pública,Ágata,6.850183333,5.0,5.2,9.0,8.8,2.52,7.8125,8.0425,5.0,6.3,4.2,,,,Ágata,False,Moderada (-1 a -2),4,1.0,False,4.0,-1.0,1.0,7.167975,5.5,10.0,7.2875,2023
2023,RA-303,3.0,5,-2.0,15,Masculino,2019,Pública,Quartzo,5.914291667,5.0,5.1,7.3,0.0,7.52,7.65625,7.05,5.7,5.2,4.5,,,,Ágata,False,Moderada (-1 a -2),4,1.0,False,4.0,-2.0,1.0,6.2443426900666665,5.666666666666667,3.9520467836666664,7.535,2023
2023,RA-420,3.0,3,0.0,12,Feminino,2019,Privada / bolsa,Ametista,7.356358333,10.0,5.3,9.3,8.3,2.52,7.65625,7.96,5.7,5.8,4.3,,,,Ametista,False,Adequado (≥ 0),4,0.0,False,4.0,1.0,0.0,7.544228947400001,4.0,9.557894737,7.96,2023
2023,RA-1166,3.0,5,-2.0,15,Feminino,2023,Pública,Ametista,7.307858333,5.0,4.8,9.6,8.3,7.52,7.65625,7.9175,5.3,2.8,6.2,,,,,False,Moderada (-1 a -2),0,1.0,False,4.0,-1.0,1.0,7.452799122766667,6.333333333333333,8.498245614,8.625,2023
2023,RA-424,3.0,3,0.0,13,Feminino,2022,Pública,Ametista,7.72685,10.0,6.4,9.9,8.8,2.52,7.8125,7.7925,5.0,6.7,7.5,,,,Ametista,False,Adequado (≥ 0),1,0.0,False,4.0,0.0,0.0,7.341187280733334,3.3333333333333335,9.616228070333333,7.1625,2023
2023,RA-398,3.0,2,1.0,11,Feminino,2022,Pública,Ametista,7.153766667,10.0,6.5,8.1,6.7,2.52,7.5,7.7925,9.3,5.8,4.5,,,,Ametista,False,Adequado (≥ 0),1,0.0,False,3.0,0.0,0.0,7.2457999999666685,8.0,5.733333333333333,6.553333333,2023
2023,RA-428,3.0,3,0.0,13,Masculino,2022,Pública,Ametista,7.821816667,10.0,7.2,9.5,8.3,2.52,7.8125,8.0425,9.3,4.7,7.7,,,,Ametista,False,Adequado (≥ 0),1,0.0,False,4.0,0.0,0.0,7.534949122800001,5.0,8.898245614,7.625,2023
2023,RA-315,3.0,4,-1.0,14,Feminino,2022,Pública,Quartzo,5.977708333,5.0,6.3,6.8,0.0,5.0,7.96875,7.8375,5.7,6.8,6.3,,,,Quartzo,False,Moderada (-1 a -2),1,1.0,False,4.0,-1.0,1.0,6.0768703704,6.833333333333333,5.918518518666667,7.6275,2023
2023,RA-402,3.0,3,0.0,13,Feminino,2019,Pública,Ágata,6.632716667,10.0,4.2,7.3,9.2,2.52,7.8125,6.88,4.7,4.0,4.0,,,,Quartzo,False,Adequado (≥ 0),4,0.0,False,4.0,0.0,0.0,5.683064814833333,4.166666666666667,3.074074074,6.1175,2023
2023,RA-1168,3.0,3,0.0,13,Feminino,2023,Pública,Quartzo,5.886625,10.0,3.5,8.8,0.0,2.52,7.65625,7.045,5.0,2.0,3.5,,,,,False,Adequado (≥ 0),0,0.0,False,3.0,-1.0,1.0,6.864053921600001,5.666666666666667,7.682352941333334,6.33,2023
2023,RA-613,3.0,4,-1.0,14,Masculino,2020,Pública,Ágata,6.864508333,5.0,4.8,9.4,9.2,5.0,6.71875,7.2125,4.3,6.2,3.8,,,,Topázio,False,Moderada (-1 a -2),3,1.0,False,3.0,-1.0,1.0,7.4019,7.333333333333333,9.566666666666666,6.25,2023
2023,RA-304,3.0,5,-2.0,15,Masculino,2020,Pública,Ágata,6.241583333,5.0,5.7,8.8,0.0,5.0,7.8125,7.835,7.0,3.7,6.3,,,,Ágata,False,Moderada (-1 a -2),3,1.0,False,3.0,-3.0,1.0,6.852411484600001,7.166666666666667,7.826890756333333,5.825,2023
2023,RA-457,3.0,3,0.0,13,Feminino,2022,Pública,Topázio,8.256833333,10.0,8.1,8.6,7.5,7.52,8.125,8.045,6.7,8.5,9.0,,,,Ametista,False,Adequado (≥ 0),1,0.0,False,4.0,1.0,0.0,8.5892756038,8.666666666666666,8.743961352333335,7.77,2023
2023,RA-283,3.0,5,-2.0,15,Masculino,2020,Pública,Ametista,7.549025,5.0,6.8,9.5,8.3,7.52,7.03125,7.5025,6.8,4.8,8.8,,,,Ametista,False,Moderada (-1 a -2),3,1.0,False,4.0,-2.0,1.0,7.9444309524,8.0,9.761904762,7.736,2023
2023,RA-459,3.0,3,0.0,13,Masculino,2019,Pública,Topázio,8.240016667,10.0,8.3,9.3,6.7,7.52,7.1875,7.88,8.3,9.2,7.5,,,,Ametista,False,Adequado (≥ 0),4,0.0,False,4.0,0.0,0.0,7.233804589400001,4.666666666666667,8.454106280333333,7.366,2023
2023,RA-454,3.0,5,-2.0,15,Masculino,2018,Pública,Quartzo,4.603416667,5.0,2.6,7.5,0.0,5.0,4.6875,5.54,4.2,1.2,2.5,,,,Quartzo,False,Moderada (-1 a -2),5,1.0,False,4.0,-2.0,1.0,5.8522943469666675,3.6666666666666665,6.633138401666667,5.833333333,2023
2023,RA-444,3.0,2,1.0,11,Masculino,2018,Pública,Quartzo,5.958791667,10.0,4.7,7.9,0.0,5.0,6.40625,6.4575,4.7,5.8,3.7,,,,Ágata,False,Adequado (≥ 0),5,0.0,False,3.0,-1.0,1.0,5.410188638266668,3.6666666666666665,6.377276524666667,5.96,2023
2023,RA-170,3.0,5,-2.0,15,Feminino,2018,Privada / bolsa,Ametista,7.062433333,5.0,7.2,8.9,8.8,2.52,6.875,7.6725,6.3,8.7,6.5,,,,Ágata,False,Moderada (-1 a -2),5,1.0,False,4.0,-1.0,1.0,7.646383333300001,8.0,8.5,8.028333333,2023
2023,RA-1169,3.0,4,-1.0,14,Feminino,2023,Pública,Ametista,7.213625,5.0,6.3,9.5,7.5,5.0,7.03125,8.0025,6.8,7.3,4.8,,,,,False,Moderada (-1 a -2),0,1.0,False,4.0,-1.0,1.0,6.885305555533334,6.833333333333333,8.444444444333334,6.8,2023
2023,RA-458,3.0,4,-1.0,14,Masculino,2019,Pública,Ágata,6.312083333,5.0,3.8,6.9,9.6,7.52,7.1875,6.2475,4.3,4.8,2.2,,,,Ágata,False,Moderada (-1 a -2),4,1.0,False,3.0,-1.0,1.0,5.680161507933333,4.0,3.7396825396666666,6.83,2023
2023,RA-1170,3.0,4,-1.0,14,Masculino,2023,Pública,Ágata,6.874683333,5.0,5.9,7.7,8.8,7.52,7.1875,6.5775,6.0,6.8,4.8,,,,,False,Moderada (-1 a -2),0,1.0,False,3.0,-2.0,1.0,6.095440873,3.5,5.565079365,6.7475,2023
2023,RA-1171,3.0,4,-1.0,14,Masculino,2023,Pública,Ametista,7.856033333,5.0,8.7,8.4,7.9,5.0,8.75,8.88,7.3,9.0,9.7,,,,,False,Moderada (-1 a -2),0,1.0,False,4.0,-1.0,1.0,7.6236817459,7.5,7.230158729999999,8.643333333,2023
2023,RA-176,4.0,4,0.0,14,Feminino,2018,Privada / bolsa,Topázio,8.316833333,10.0,8.0,9.5,9.6,2.52,8.125,9.0025,7.3,7.3,9.3,,,,Topázio,False,Adequado (≥ 0),5,0.0,False,5.0,1.0,0.0,8.828632575733334,8.833333333333334,9.545454545333333,8.545,2023
2023,RA-178,4.0,4,0.0,14,Feminino,2016,Privada / bolsa,Ametista,7.406658333,10.0,5.9,8.7,7.9,2.52,7.65625,8.42,6.3,5.8,5.5,,,,Ágata,False,Adequado (≥ 0),7,0.0,False,5.0,0.0,0.0,7.234168831200001,4.166666666666667,8.739177489333334,6.53,2023
2023,RA-193,4.0,3,1.0,13,Masculino,2016,Privada / bolsa,Ametista,7.718566667,10.0,6.5,9.4,8.3,2.52,8.125,8.17,6.0,6.3,7.3,,,,Topázio,False,Adequado (≥ 0),7,0.0,False,5.0,1.0,0.0,8.465046969666668,7.0,9.848484848333333,8.7525,2023
2023,RA-1172,4.0,6,-2.0,16,Feminino,2023,Pública,Ametista,7.030108333,5.0,6.7,7.8,8.3,2.52,8.59375,8.46,6.0,5.7,8.3,,,,,False,Moderada (-1 a -2),0,1.0,False,5.0,-1.0,1.0,5.719565079333334,3.3333333333333335,6.0634920633333325,6.196,2023
2023,RA-180,4.0,3,1.0,13,Masculino,2018,Privada / bolsa,Topázio,8.283216667,10.0,8.0,9.4,9.2,2.52,8.4375,8.92,8.3,7.3,8.5,,,,Topázio,False,Adequado (≥ 0),5,0.0,False,5.0,2.0,0.0,8.801463636333335,8.5,9.431818181666666,8.674,2023
2023,RA-181,4.0,4,0.0,14,Feminino,2019,Privada / bolsa,Ametista,7.671208333,10.0,6.8,8.3,9.6,2.52,7.96875,8.2525,8.3,6.5,5.5,,,,Topázio,False,Adequado (≥ 0),4,0.0,False,5.0,0.0,0.0,7.439841414133334,4.333333333333333,8.737373737333334,8.436,2023
2023,RA-195,4.0,4,0.0,14,Feminino,2017,Privada / bolsa,Ametista,7.60205,10.0,6.0,9.2,7.1,2.52,8.4375,8.79,6.3,6.2,5.5,,,,Ametista,False,Adequado (≥ 0),6,0.0,False,5.0,1.0,0.0,8.4690496032,7.833333333333333,9.682539682666667,8.965,2023
2023,RA-196,4.0,3,1.0,13,Masculino,2018,Privada / bolsa,Ametista,7.560991667,10.0,6.2,9.0,7.9,2.52,8.28125,8.2125,7.0,6.0,5.7,,,,Topázio,False,Adequado (≥ 0),5,0.0,False,5.0,1.0,0.0,8.823550937933334,8.0,9.689754689666666,8.9225,2023
2023,RA-211,4.0,4,0.0,14,Masculino,2021,Privada / bolsa,Topázio,8.024791667,10.0,7.1,9.4,9.6,2.52,7.65625,8.71,7.7,8.0,5.7,,,,Topázio,False,Adequado (≥ 0),2,0.0,False,5.0,0.0,0.0,8.283601875933334,7.0,9.379509379666667,7.866,2023
2023,RA-197,4.0,3,1.0,13,Feminino,2021,Privada / bolsa,Ametista,7.967608333,10.0,7.2,9.8,8.3,2.52,7.96875,8.46,7.0,7.3,7.2,,,,Topázio,False,Adequado (≥ 0),2,0.0,False,5.0,0.0,0.0,8.568238636333334,8.333333333333334,9.848484848333333,8.795,2023
2023,RA-229,4.0,3,1.0,13,Masculino,2022,Privada / bolsa,Topázio,8.207591667,10.0,7.8,9.8,9.2,2.52,8.28125,8.42,8.0,8.2,7.3,,,,Topázio,False,Adequado (≥ 0),1,0.0,False,5.0,1.0,0.0,8.852545634933334,8.833333333333334,9.841269841333334,8.8375,2023
2023,RA-186,4.0,4,0.0,14,Feminino,2019,Privada / bolsa,Ametista,7.817541667,10.0,6.9,9.7,7.5,2.52,7.96875,8.46,6.8,7.0,7.0,,,,Ametista,False,Adequado (≥ 0),4,0.0,False,5.0,1.0,0.0,8.325963636333334,7.166666666666667,9.640151515,8.672,2023
2023,RA-189,4.0,4,0.0,14,Masculino,2018,Privada / bolsa,Ametista,7.727325,10.0,6.5,9.4,7.9,2.52,8.28125,8.3775,6.3,6.5,6.7,,,,Ametista,False,Adequado (≥ 0),5,0.0,False,5.0,0.0,0.0,8.586533333333334,8.166666666666666,10.0,8.2,2023
2023,RA-191,4.0,4,0.0,14,Masculino,2019,Privada / bolsa,Ametista,7.263666667,10.0,7.8,9.7,0.0,2.52,8.125,8.4625,8.7,7.0,7.8,,,,Topázio,False,Adequado (≥ 0),4,0.0,False,7.0,2.0,0.0,7.7887,6.3999999999999995,9.571,7.5,2023
2023,RA-1173,4.0,4,0.0,14,Masculino,2023,Pública,Ametista,7.67285,10.0,6.0,9.7,8.8,2.52,7.8125,8.1225,7.0,5.0,6.0,,,,,False,Adequado (≥ 0),0,0.0,False,5.0,0.0,0.0,8.220132915666667,5.833333333333333,9.665831245,8.2,2023
2023,RA-217,4.0,5,-1.0,15,Feminino,2021,Pública,Ágata,6.96965,5.0,5.6,8.6,8.3,2.52,8.4375,8.5025,6.7,5.3,4.8,,,,Ametista,False,Moderada (-1 a -2),2,1.0,False,5.0,-1.0,1.0,7.4209164502,7.833333333333333,8.917748917666666,6.994,2023
2023,RA-1174,4.0,5,-1.0,15,Feminino,2023,Pública,Ametista,7.333591667,5.0,6.8,8.7,9.2,2.52,8.90625,8.3375,6.5,7.2,6.8,,,,,False,Moderada (-1 a -2),0,1.0,False,5.0,0.0,0.0,7.374213419866667,5.0,8.349567099333333,7.266,2023
2023,RA-192,4.0,6,-2.0,16,Masculino,2021,Privada / bolsa,Ágata,6.616016667,5.0,6.5,6.2,8.8,5.0,7.1875,7.3775,6.0,5.8,7.8,,,,Quartzo,False,Moderada (-1 a -2),2,1.0,False,5.0,-2.0,1.0,6.882960606066668,7.166666666666667,6.363636363666667,6.9,2023
2023,RA-184,4.0,3,1.0,13,Masculino,2019,Pública,Topázio,8.430241667,10.0,7.1,9.5,7.9,7.52,8.59375,8.5025,7.3,6.3,7.8,,,,Ametista,False,Adequado (≥ 0),4,0.0,False,5.0,1.0,0.0,8.471456704266666,8.166666666666666,8.696741854666667,9.004,2023
2023,RA-204,4.0,4,0.0,14,Feminino,2019,Pública,Ametista,7.557558333,10.0,7.1,7.9,8.8,2.52,8.28125,8.045,4.7,8.0,8.5,,,,Ágata,False,Adequado (≥ 0),4,0.0,False,4.0,0.0,0.0,7.838218894866668,7.5,6.827094474333333,8.5875,2023
2023,RA-1176,4.0,3,1.0,13,Masculino,2023,Pública,Topázio,8.881483333,10.0,8.2,9.3,8.3,7.52,9.6875,9.17,8.0,7.8,8.7,,,,,False,Adequado (≥ 0),0,0.0,False,5.0,1.0,0.0,8.914816269866666,9.166666666666666,9.682539682666667,8.9225,2023
2023,RA-1177,4.0,4,0.0,14,Feminino,2023,Pública,Topázio,8.345491667,10.0,7.2,9.9,10.0,2.52,8.90625,8.88,7.0,6.7,8.0,,,,,False,Adequado (≥ 0),0,0.0,False,5.0,0.0,0.0,8.3233039474,7.333333333333333,9.824561403666666,8.125,2023
2023,RA-215,4.0,4,0.0,14,Feminino,2021,Pública,Ametista,7.166475,10.0,6.9,6.6,8.8,2.52,7.96875,7.7125,5.7,6.7,8.3,,,,Ametista,False,Adequado (≥ 0),2,0.0,False,5.0,0.0,0.0,7.045258874400002,5.666666666666667,6.455627705333334,7.432,2023
2023,RA-1178,4.0,6,-2.0,16,Masculino,2023,Pública,Ametista,7.066475,5.0,5.7,9.3,8.8,2.52,7.96875,8.2125,6.3,4.5,6.3,,,,,False,Moderada (-1 a -2),0,1.0,False,5.0,-1.0,1.0,8.0934746032,8.333333333333334,9.682539682666667,8.696,2023
2023,RA-149,4.0,6,-2.0,16,Feminino,2022,Pública,Quartzo,5.622266667,5.0,4.7,4.2,8.8,2.52,7.5,7.2925,5.7,3.5,5.0,,,,Ágata,False,Moderada (-1 a -2),1,1.0,False,5.0,-2.0,1.0,5.7316173854,3.8333333333333335,4.104378593666667,6.626,2023
2023,RA-220,4.0,4,0.0,14,Feminino,2022,Pública,Ametista,7.102016667,10.0,6.1,7.6,8.8,2.52,7.1875,7.5475,6.3,5.8,6.3,,,,Ágata,False,Adequado (≥ 0),1,0.0,False,5.0,0.0,0.0,7.6987770562666675,6.833333333333333,8.198051948,7.332,2023
2023,RA-202,4.0,5,-1.0,15,Feminino,2017,Pública,Ágata,6.791641667,5.0,5.9,7.9,8.8,2.52,7.96875,8.005,6.3,4.8,6.7,,,,Quartzo,False,Moderada (-1 a -2),6,1.0,False,5.0,-1.0,1.0,7.3512154762,7.5,7.880952381,7.75,2023
2023,RA-1181,4.0,4,0.0,14,Feminino,2023,Pública,Ágata,6.971266667,10.0,4.8,8.3,8.8,2.52,7.5,7.3375,5.7,4.3,4.5,,,,,False,Adequado (≥ 0),0,0.0,False,5.0,0.0,0.0,6.2015816738666665,3.8333333333333335,5.036075036,5.862,2023
2023,RA-237,4.0,5,-1.0,15,Feminino,2022,Privada / bolsa,Ametista,7.436566667,5.0,6.7,9.5,8.3,2.52,8.125,8.96,7.7,7.0,5.5,,,,Topázio,False,Moderada (-1 a -2),1,1.0,False,5.0,-1.0,1.0,7.931384271366667,7.666666666666667,9.689754689666666,8.336666667,2023
2023,RA-147,4.0,5,-1.0,15,Feminino,2022,Pública,Quartzo,5.5425,5.0,4.5,7.0,0.0,5.63,6.875,7.46,5.0,6.0,2.5,,,,Ametista,False,Moderada (-1 a -2),1,1.0,False,5.0,-1.0,1.0,7.400477922133334,6.166666666666667,9.277056277,7.386666667,2023
2023,RA-1184,4.0,6,-2.0,16,Masculino,2023,Pública,Ametista,7.381566667,5.0,7.3,8.3,8.3,5.0,8.125,8.045,8.0,5.5,8.5,,,,,False,Moderada (-1 a -2),0,1.0,False,5.0,-1.0,1.0,7.411701731566668,7.666666666666667,8.658008657666668,7.5,2023
2023,RA-241,4.0,5,-1.0,15,Masculino,2016,Privada / bolsa,Ametista,7.016,5.0,7.5,9.9,0.0,2.52,8.75,9.545,9.3,7.0,6.2,,,,Topázio,False,Moderada (-1 a -2),7,1.0,False,7.0,2.0,0.0,8.311616666733334,6.816666666666667,9.891666667,7.5,2023
2023,RA-242,4.0,4,0.0,14,Masculino,2018,Privada / bolsa,Topázio,8.221841667,10.0,7.9,9.7,7.1,2.52,8.59375,9.3775,9.3,7.3,7.2,,,,Topázio,False,Adequado (≥ 0),5,0.0,False,7.0,2.0,0.0,8.2887,7.650000000000001,9.621,7.5,2023
2023,RA-138,4.0,6,-2.0,16,Masculino,2016,Pública,Ágata,6.784075,5.0,4.3,7.9,10.0,6.26,7.34375,7.4175,4.0,3.7,5.2,,,,Ágata,False,Moderada (-1 a -2),7,1.0,False,5.0,-2.0,1.0,7.3860274169,5.833333333333333,8.751803751666666,7.443333333,2023
2023,RA-244,4.0,3,1.0,13,Feminino,2018,Privada / bolsa,Ametista,7.044333333,10.0,7.3,8.8,0.0,2.52,8.125,8.8325,7.0,8.0,6.8,,,,Topázio,False,Adequado (≥ 0),5,0.0,False,5.0,1.0,0.0,8.7225,9.5,10.0,8.17,2023
2023,RA-245,4.0,5,-1.0,15,Masculino,2016,Privada / bolsa,Ametista,7.171166667,5.0,8.1,10.0,0.0,2.52,8.75,9.5875,9.3,7.8,7.3,,,,Topázio,False,Moderada (-1 a -2),7,1.0,False,7.0,2.0,0.0,8.452633333266668,8.033333333333333,9.953333333,7.5,2023
2023,RA-246,4.0,4,0.0,14,Masculino,2022,Privada / bolsa,Topázio,8.256766667,10.0,6.8,9.9,8.8,4.39,8.125,8.9175,7.7,7.0,5.8,,,,Topázio,False,Adequado (≥ 0),1,0.0,False,7.0,2.0,0.0,4.7404,0.0,0.0,7.5,2023
2023,RA-239,4.0,6,-2.0,16,Feminino,2021,Pública,Ágata,6.411333333,5.0,7.0,8.4,0.0,5.0,8.125,7.6275,6.0,7.2,7.7,,,,Quartzo,False,Moderada (-1 a -2),2,1.0,False,4.0,-3.0,1.0,6.782180868800001,6.666666666666667,6.361737677333333,8.502,2023
2023,RA-262,4.0,6,-2.0,16,Masculino,2021,Privada / bolsa,Quartzo,4.406458333,5.0,3.8,3.7,0.0,5.0,7.03125,6.05,5.0,3.3,3.0,,,,Quartzo,False,Moderada (-1 a -2),2,1.0,False,4.0,-2.0,1.0,5.806145462066667,4.166666666666667,4.854560643666667,6.296,2023
2023,RA-397,4.0,5,-1.0,15,Feminino,2017,Pública,Ágata,6.207083333,5.0,4.6,7.9,7.5,2.52,7.1875,7.465,6.7,5.0,2.0,,,,Quartzo,False,Moderada (-1 a -2),6,1.0,False,4.0,-2.0,1.0,6.807291921866668,5.666666666666667,7.885292942666666,7.398,2023
2023,RA-1188,4.0,5,-1.0,15,Feminino,2023,Pública,,,5.0,6.4,9.4,9.6,,7.8125,7.5875,6.5,7.5,5.2,,,,,False,Moderada (-1 a -2),0,1.0,False,5.0,-1.0,1.0,7.801633333400001,7.0,10.0,7.106666667,2023
2023,RA-267,4.0,6,-2.0,16,Feminino,2016,Pública,,,5.0,2.7,7.7,7.9,,4.6875,6.505,2.7,4.0,1.3,,,,Ágata,False,Moderada (-1 a -2),7,1.0,False,5.0,-2.0,1.0,5.8963067819666675,2.0,8.285533910333333,6.273333333,2023
2023,RA-1189,4.0,5,-1.0,15,Feminino,2023,Pública,,,5.0,6.1,9.0,8.8,,7.8125,7.3775,6.3,5.7,6.2,,,,,False,Moderada (-1 a -2),0,1.0,False,5.0,-1.0,1.0,7.6486387164,7.666666666666667,8.672360248333332,7.106666667,2023
2023,RA-269,4.0,4,0.0,14,Masculino,2022,Pública,Topázio,8.116041667,10.0,7.4,9.0,9.6,2.52,8.59375,8.7975,8.0,7.3,7.0,,,,Topázio,False,Adequado (≥ 0),1,0.0,False,7.0,2.0,0.0,8.4773,8.200000000000001,9.6,7.5,2023
2023,RA-313,4.0,4,0.0,14,Feminino,2022,Pública,Ametista,7.011091667,10.0,3.9,8.7,9.2,2.52,7.65625,7.75,4.0,2.8,5.0,,,,Quartzo,False,Adequado (≥ 0),1,0.0,False,4.0,-1.0,1.0,7.2528500000000005,4.833333333333333,9.666666666666666,8.1675,2023
2023,RA-301,4.0,4,0.0,14,Feminino,2019,Pública,Ágata,6.760341667,10.0,5.2,5.4,9.2,7.52,6.71875,6.465,4.7,6.5,4.5,,,,Ágata,False,Adequado (≥ 0),4,0.0,False,4.0,0.0,0.0,8.410830701766667,9.0,7.4947368423333325,8.21,2023
2023,RA-286,4.0,5,-1.0,15,Feminino,2022,Pública,Quartzo,5.713333333,5.0,4.7,7.5,0.0,5.0,8.125,7.3375,3.7,5.0,5.3,,,,Quartzo,False,Moderada (-1 a -2),1,1.0,False,5.0,-1.0,1.0,5.123180882333333,3.1666666666666665,4.031862745000001,5.7825,2023
2023,RA-1193,4.0,4,0.0,14,Feminino,2023,Pública,Ágata,6.018083333,10.0,4.1,7.8,0.0,5.0,7.1875,7.13,3.7,3.5,5.0,,,,,False,Adequado (≥ 0),0,0.0,False,4.0,-1.0,1.0,6.6304815790000005,4.0,7.763157895,7.79,2023
2023,RA-308,4.0,4,0.0,14,Masculino,2019,Pública,Ágata,6.578558333,10.0,4.9,6.8,5.4,5.0,7.03125,7.5025,4.7,5.2,4.7,,,,Ágata,False,Adequado (≥ 0),4,0.0,False,5.0,1.0,0.0,7.489282456133334,6.5,8.714912280666667,7.1225,2023
2023,RA-152,4.0,6,-2.0,16,Feminino,2022,Pública,Ágata,6.30695,5.0,4.5,7.7,7.9,2.52,7.8125,7.71,4.0,5.0,4.5,,,,Ágata,False,Moderada (-1 a -2),1,1.0,False,5.0,-2.0,1.0,6.5837938596,5.166666666666667,7.337719298333333,7.443333333,2023
2023,RA-270,4.0,4,0.0,14,Feminino,2019,Privada / bolsa,Ametista,7.982633333,10.0,6.6,9.0,9.2,2.52,8.75,9.1275,7.7,6.2,5.8,,,,Topázio,False,Adequado (≥ 0),4,0.0,False,7.0,2.0,0.0,4.79255,0.0,0.0,7.5,2023
2023,RA-271,4.0,6,-2.0,16,Feminino,2022,Pública,Ágata,6.140333333,5.0,5.9,9.3,0.0,2.52,8.125,7.7125,4.3,7.0,6.3,,,,Ametista,False,Moderada (-1 a -2),1,1.0,False,5.0,-1.0,1.0,7.400633333333334,7.333333333333333,8.958333333333334,6.7475,2023
2023,RA-299,4.0,4,0.0,14,Feminino,2019,Privada / bolsa,Ágata,6.796541667,10.0,6.1,9.6,0.0,2.52,7.96875,8.005,5.0,7.2,6.2,,,,Ametista,False,Adequado (≥ 0),4,0.0,False,5.0,1.0,0.0,8.177186956533333,8.166666666666666,8.963768115999999,7.5,2023
2023,RA-316,4.0,4,0.0,14,Feminino,2022,Pública,Topázio,8.436908333,10.0,5.7,9.5,10.0,7.52,8.59375,8.96,6.3,5.7,5.0,,,,Ametista,False,Adequado (≥ 0),1,0.0,False,5.0,0.0,0.0,8.708925,8.0,10.0,8.3775,2023
2023,RA-318,4.0,5,-1.0,15,Feminino,2019,Pública,Ágata,6.856575,5.0,4.9,8.1,7.9,6.26,7.96875,7.71,5.0,5.0,4.7,,,,Ágata,False,Moderada (-1 a -2),4,1.0,False,5.0,-1.0,1.0,7.025000925866668,4.666666666666667,9.129629629666667,7.443333333,2023
2023,RA-274,4.0,3,1.0,12,Feminino,2019,Privada / bolsa,Topázio,8.137625,10.0,7.5,9.5,7.5,5.63,7.65625,8.295,7.0,7.7,7.8,,,,Ametista,False,Adequado (≥ 0),4,0.0,False,5.0,2.0,0.0,8.651029629666667,9.333333333333334,9.648148147999999,8.226666667,2023
2023,RA-320,4.0,4,0.0,14,Feminino,2022,Pública,Topázio,8.393508333,10.0,5.5,9.9,9.2,7.52,8.59375,8.96,5.7,6.0,4.7,,,,Ametista,False,Adequado (≥ 0),1,0.0,False,5.0,0.0,0.0,8.442258333333335,6.666666666666667,10.0,8.3775,2023
2023,RA-277,4.0,5,-1.0,15,Masculino,2021,Pública,Ametista,7.7284,5.0,5.5,9.9,8.3,7.52,8.125,8.7525,5.7,6.0,4.8,,,,Ametista,False,Moderada (-1 a -2),2,1.0,False,7.0,2.0,0.0,8.0689833334,6.8999999999999995,9.741666667,7.5,2023
2023,RA-278,4.0,3,1.0,13,Masculino,2018,Pública,Ametista,7.1935,10.0,5.6,9.8,0.0,5.63,8.75,8.3775,6.0,5.3,5.5,,,,Ametista,False,Adequado (≥ 0),5,0.0,False,5.0,1.0,0.0,8.907314492800001,9.333333333333334,9.855072463666666,7.946666667,2023
2023,RA-291,4.0,4,0.0,14,Masculino,2022,Privada / bolsa,Topázio,8.493058333,10.0,7.1,8.6,8.8,7.52,8.90625,9.21,8.0,6.5,6.7,,,,Topázio,False,Adequado (≥ 0),1,0.0,False,7.0,2.0,0.0,7.9319666667333335,6.166666666666667,9.737666667,7.5,2023
2023,RA-306,4.0,5,-1.0,15,Feminino,2021,Pública,Quartzo,5.732375,5.0,4.0,7.9,0.0,6.26,7.34375,7.46,4.7,4.5,2.8,,,,Ágata,False,Moderada (-1 a -2),2,1.0,False,5.0,-1.0,1.0,6.1661539474,2.8333333333333335,7.699561403666666,6.4125,2023
2023,RA-279,4.0,4,0.0,14,Masculino,2019,Pública,Topázio,9.006266667,10.0,8.9,10.0,8.8,6.27,8.75,9.2125,9.0,8.5,9.3,,,,Topázio,False,Adequado (≥ 0),4,0.0,False,5.0,1.0,0.0,9.113133333366667,9.333333333333334,10.0,8.726666667,2023
2023,RA-280,4.0,4,0.0,14,Feminino,2021,Privada / bolsa,Topázio,8.189225,10.0,6.5,9.5,6.7,7.52,8.28125,8.7125,6.3,7.7,5.5,,,,Ametista,False,Adequado (≥ 0),2,0.0,False,5.0,1.0,0.0,8.822714492700001,9.333333333333334,9.855072463666666,8.67,2023
2023,RA-319,4.0,4,0.0,14,Masculino,2022,Concluiu / outro,Topázio,8.367208333,10.0,7.2,9.2,9.6,5.0,8.59375,8.88,5.7,5.8,10.0,,,,Ametista,False,Adequado (≥ 0),1,0.0,False,5.0,0.0,0.0,7.948699561466667,5.833333333333333,9.024122807,7.666666667,2023
2023,RA-321,4.0,3,1.0,13,Feminino,2022,Pública,Ametista,7.695233333,10.0,6.2,9.4,8.3,2.52,8.125,8.42,6.0,5.8,6.7,,,,Ametista,False,Adequado (≥ 0),1,0.0,False,5.0,1.0,0.0,8.125807932933334,7.166666666666667,9.534706331,7.776666667,2023
2023,RA-1195,4.0,7,-3.0,17,Feminino,2022,Pública,Quartzo,5.677291667,2.5,5.4,8.3,0.0,2.52,8.28125,8.0025,4.3,4.7,7.3,,,,,False,Severa (≤ -3),1,1.0,False,5.0,-2.0,1.0,7.5085144926666665,6.166666666666667,9.855072463666666,7.663333333,2023
2023,RA-251,4.0,5,-1.0,15,Masculino,2018,Pública,Ágata,6.665208333,5.0,5.3,8.0,9.6,2.52,7.34375,7.835,5.0,5.5,5.3,,,,Ágata,False,Moderada (-1 a -2),5,1.0,False,5.0,-1.0,1.0,6.7135006212,4.5,8.612836439,7.326666667,2023
2023,RA-116,5.0,7,-2.0,17,Feminino,2019,Pública,Ágata,6.433075,5.0,4.7,7.6,6.7,5.0,7.96875,7.5475,2.3,5.0,6.8,,,,Ágata,False,Moderada (-1 a -2),4,1.0,False,5.0,-2.0,1.0,6.337470707133334,4.5,7.535353535666666,6.73,2023
2023,RA-103,5.0,4,1.0,14,Feminino,2020,Privada / bolsa,Topázio,8.0239,10.0,7.1,9.2,8.3,5.0,8.125,8.09,7.3,6.3,7.7,,,,Topázio,False,Adequado (≥ 0),3,0.0,False,5.0,0.0,0.0,8.775268254,9.166666666666666,9.603174603333335,8.872,2023
2023,RA-42,5.0,6,-1.0,16,Masculino,2019,Privada / bolsa,Ágata,6.794516667,5.0,5.7,8.6,8.8,5.63,6.5625,6.6675,6.3,4.2,6.7,,,,Ágata,False,Moderada (-1 a -2),4,1.0,False,6.0,-1.0,1.0,7.656628769866667,8.166666666666666,9.682539682666667,7.134,2023
2023,RA-121,5.0,6,-1.0,16,Feminino,2021,Pública,Ágata,6.811875,5.0,6.0,8.8,6.3,5.0,7.34375,7.4625,5.0,5.7,7.3,,,,Ametista,False,Moderada (-1 a -2),2,1.0,False,5.0,-2.0,1.0,7.476158297266668,8.833333333333334,8.152958153,6.764,2023
2023,RA-106,5.0,5,0.0,15,Feminino,2016,Privada / bolsa,Ametista,7.769658333,10.0,7.3,9.1,7.9,5.0,7.03125,7.5075,6.7,6.8,8.3,,,,Ametista,False,Adequado (≥ 0),7,0.0,False,6.0,0.0,0.0,7.721664285733334,5.666666666666667,8.761904762,7.872,2023
2023,RA-123,5.0,7,-2.0,17,Masculino,2017,Privada / bolsa,Ágata,6.068333333,5.0,5.7,9.4,0.0,5.0,6.875,6.8375,5.0,5.3,6.7,,,,Ametista,False,Moderada (-1 a -2),6,1.0,False,6.0,-1.0,1.0,6.887248015866668,7.166666666666667,8.412698412666666,6.43,2023
2023,RA-125,5.0,6,-1.0,16,Feminino,2022,Privada / bolsa,Ágata,6.989633333,5.0,5.8,7.7,9.2,5.0,8.125,7.835,3.3,5.8,8.2,,,,Ametista,False,Moderada (-1 a -2),1,1.0,False,6.0,-1.0,1.0,6.627079761933334,6.166666666666667,5.6428571430000005,7.232,2023
2023,RA-110,5.0,5,0.0,15,Masculino,2017,Privada / bolsa,Topázio,8.0879,10.0,7.5,8.6,8.3,5.0,8.75,8.2975,8.3,6.2,8.0,,,,Topázio,False,Adequado (≥ 0),6,0.0,False,5.0,0.0,0.0,8.6324939394,8.5,9.696969697,8.504,2023
2023,RA-143,5.0,4,1.0,14,Masculino,2019,Privada / bolsa,Ametista,7.794358333,10.0,6.5,9.6,8.3,2.52,8.28125,8.3375,9.2,5.0,5.2,,,,Topázio,False,Adequado (≥ 0),4,0.0,False,7.0,2.0,0.0,7.449366666666667,2.6333333333333333,9.92,7.5,2023
2023,RA-111,5.0,4,1.0,14,Feminino,2020,Privada / bolsa,Ametista,7.566458333,10.0,6.0,8.7,7.5,5.0,7.65625,8.0875,6.0,5.2,6.7,,,,Topázio,False,Adequado (≥ 0),3,0.0,False,5.0,0.0,0.0,8.667693939400001,8.333333333333334,9.488636363666666,8.74,2023
2023,RA-112,5.0,6,-1.0,16,Feminino,2016,Privada / bolsa,Ametista,7.141308333,5.0,7.4,8.1,6.7,5.0,7.96875,7.9225,7.3,6.5,8.3,,,,Ametista,False,Moderada (-1 a -2),7,1.0,False,6.0,0.0,0.0,8.052609920666667,8.0,7.978174603333333,8.004,2023
2023,RA-115,5.0,6,-1.0,16,Feminino,2019,Pública,Ágata,6.319141667,5.0,4.2,7.1,8.8,5.0,7.34375,7.215,3.7,3.8,5.2,,,,Quartzo,False,Moderada (-1 a -2),4,1.0,False,5.0,-2.0,1.0,5.404184695733334,4.166666666666667,4.164756812,5.726,2023
2023,RA-52,5.0,4,1.0,14,Masculino,2018,Privada / bolsa,Ametista,7.9642,10.0,6.4,9.8,10.0,2.52,8.125,8.2975,7.7,4.8,6.7,,,,Ametista,False,Adequado (≥ 0),5,0.0,False,7.0,2.0,0.0,8.144466666733333,7.216666666666666,9.437666667,7.5,2023
2023,RA-1198,5.0,6,-1.0,16,Feminino,2023,Pública,Ametista,7.515233333,5.0,6.7,9.4,8.3,6.26,7.5,7.9625,7.3,3.7,9.0,,,,,False,Moderada (-1 a -2),0,1.0,False,5.0,-1.0,1.0,6.9217748918,3.5,9.458874459,7.332,2023
2023,RA-127,5.0,5,0.0,15,Feminino,2022,Pública,Ametista,7.91935,10.0,6.4,7.8,8.8,6.26,8.4375,8.6725,4.7,6.3,8.2,,,,Topázio,False,Adequado (≥ 0),1,0.0,False,5.0,0.0,0.0,8.5605939394,7.833333333333333,9.488636363666666,8.538,2023
2023,RA-146,5.0,6,-1.0,16,Feminino,2022,Pública,Ametista,7.584483333,5.0,7.9,9.5,6.2,5.0,8.4375,8.2125,7.8,5.8,10.0,,,,Ametista,False,Moderada (-1 a -2),1,1.0,False,5.0,-2.0,1.0,8.134554885333333,9.333333333333334,9.514316093333333,8.304,2023
2023,RA-1199,5.0,7,-2.0,17,Masculino,2023,Pública,Ametista,7.024933333,5.0,6.2,9.1,6.7,5.0,6.875,8.0875,6.8,5.0,6.7,,,,,False,Moderada (-1 a -2),0,1.0,False,5.0,-2.0,1.0,7.614235714266666,9.0,8.571428571333334,8.466,2023
2023,RA-107,5.0,5,0.0,15,Feminino,2018,Pública,Ágata,6.845208333,10.0,7.0,8.5,0.0,5.0,7.34375,7.5875,6.0,5.2,9.7,,,,Ágata,False,Adequado (≥ 0),5,0.0,False,5.0,-1.0,1.0,6.676130827066667,4.666666666666667,7.9949874686666655,6.964,2023
2023,RA-1200,5.0,5,0.0,15,Feminino,2023,Pública,Quartzo,5.711166667,10.0,4.0,6.4,0.0,5.0,7.5,6.8725,4.3,2.3,5.5,,,,,False,Adequado (≥ 0),0,0.0,False,5.0,-1.0,1.0,5.6415838956,1.5,7.099419478000001,6.27,2023
2023,RA-85,5.0,6,-1.0,16,Masculino,2022,Pública,Ametista,7.08435,5.0,5.7,8.9,8.8,6.27,5.9375,7.8425,5.8,3.8,7.5,,,,Ágata,False,Moderada (-1 a -2),1,1.0,False,5.0,-2.0,1.0,6.999509385733333,7.666666666666667,8.668046928999999,6.993333333,2023
2023,RA-1201,5.0,5,0.0,15,Masculino,2023,Pública,Topázio,8.378008333,10.0,7.8,9.6,9.2,3.77,8.59375,8.7575,8.3,6.5,8.5,,,,,False,Adequado (≥ 0),0,0.0,False,5.0,-1.0,1.0,8.376195238033333,9.0,9.523809523666666,8.56,2023
2023,RA-131,5.0,6,-1.0,16,Feminino,2016,Pública,Quartzo,5.952358333,5.0,2.2,7.8,8.3,5.0,7.65625,6.8,0.0,3.0,3.5,,,,Ametista,False,Moderada (-1 a -2),7,1.0,False,5.0,-2.0,1.0,7.263155555633333,5.0,9.444444444666667,7.386666667,2023
2023,RA-132,5.0,5,0.0,15,Feminino,2019,Privada / bolsa,Ametista,7.350625,10.0,6.5,8.7,7.5,2.52,7.65625,7.715,6.3,6.5,6.7,,,,Topázio,False,Adequado (≥ 0),4,0.0,False,6.0,0.0,0.0,8.4746321428,8.333333333333334,8.380952380666665,8.44,2023
2023,RA-137,5.0,7,-2.0,17,Feminino,2016,Privada / bolsa,Quartzo,5.937025,5.0,6.0,6.3,7.1,2.52,6.40625,6.88,7.3,4.5,6.2,,,,Ametista,False,Moderada (-1 a -2),7,1.0,False,5.0,-2.0,1.0,6.576761183366667,6.833333333333333,7.582972583,6.276666667,2023
2023,RA-90,5.0,4,1.0,14,Feminino,2019,Privada / bolsa,Topázio,8.699408333,10.0,7.7,9.6,10.0,7.52,8.59375,8.1725,6.7,6.8,9.5,,,,Topázio,False,Adequado (≥ 0),4,0.0,False,7.0,2.0,0.0,8.352033333333335,8.066666666666666,9.0,7.5,2023
2023,RA-167,5.0,7,-2.0,17,Feminino,2018,Privada / bolsa,Ametista,7.806141667,5.0,7.9,9.9,8.8,5.0,7.96875,7.8375,8.3,7.2,8.3,,,,Ametista,False,Moderada (-1 a -2),5,1.0,False,6.0,-1.0,1.0,8.033470175466666,8.166666666666666,9.473684210666667,8.334,2023
2023,RA-1203,5.0,6,-1.0,16,Feminino,2023,Pública,Ametista,7.487841667,5.0,7.2,10.0,9.2,2.52,7.96875,7.8775,6.7,5.8,9.2,,,,,False,Moderada (-1 a -2),0,1.0,False,6.0,0.0,0.0,8.9495245614,9.0,9.649122807,8.572,2023
2023,RA-155,5.0,7,-2.0,17,Masculino,2022,Pública,Ágata,6.318991667,5.0,4.4,8.1,7.9,5.0,7.03125,6.5875,5.3,2.8,5.2,,,,Ametista,False,Moderada (-1 a -2),1,1.0,False,8.0,0.0,0.0,,,,,2023
2023,RA-94,5.0,6,-1.0,16,Feminino,2018,Privada / bolsa,Ametista,7.289333333,5.0,7.2,9.6,7.5,2.52,8.75,7.795,7.7,4.8,9.0,,,,Topázio,False,Moderada (-1 a -2),5,1.0,False,6.0,0.0,0.0,8.637033333333335,8.0,9.666666666666666,8.2,2023
2023,RA-81,5.0,5,0.0,15,Feminino,2017,Privada / bolsa,Ametista,7.45425,10.0,6.3,8.8,9.6,2.52,7.8125,7.2125,8.7,4.7,5.5,,,,Ametista,False,Adequado (≥ 0),6,0.0,False,6.0,0.0,0.0,8.256566666666668,7.5,9.333333333333334,7.798,2023
2023,RA-171,5.0,7,-2.0,17,Masculino,2022,Pública,Ágata,6.293083333,5.0,5.2,7.2,7.5,5.0,7.1875,6.755,4.5,4.8,6.2,,,,Ágata,False,Moderada (-1 a -2),1,1.0,False,6.0,-1.0,1.0,7.3289333333333335,8.333333333333334,7.833333333333333,7.598,2023
2023,RA-160,5.0,6,-1.0,16,Feminino,2021,Privada / bolsa,Ágata,6.598266667,5.0,5.0,8.3,8.8,2.52,8.125,7.46,3.3,3.8,8.0,,,,Ágata,False,Moderada (-1 a -2),2,1.0,False,5.0,-1.0,1.0,6.855108333266668,5.666666666666667,7.416666666666667,7.723333333,2023
2023,RA-173,5.0,7,-2.0,17,Masculino,2019,Privada / bolsa,Ametista,7.757466667,5.0,8.1,8.5,9.2,6.26,8.125,7.8775,9.0,6.2,9.2,,,,Ametista,False,Moderada (-1 a -2),4,1.0,False,8.0,0.0,0.0,,,,,2023
2023,RA-166,5.0,5,0.0,15,Masculino,2020,Privada / bolsa,Topázio,8.105583333,10.0,8.1,8.9,7.5,6.26,8.4375,7.4625,7.0,7.2,10.0,,,,Topázio,False,Adequado (≥ 0),3,0.0,False,7.0,1.0,0.0,8.243183333333334,8.266666666666667,9.246,7.5,2023
2023,RA-175,5.0,6,-1.0,16,Feminino,2018,Privada / bolsa,Ágata,6.569516667,5.0,4.8,9.2,8.8,2.52,7.1875,7.085,5.0,5.0,4.5,,,,Ágata,False,Moderada (-1 a -2),5,1.0,False,6.0,-1.0,1.0,8.024136842133334,8.5,9.473684210666667,7.766,2023
2023,RA-153,5.0,5,0.0,15,Feminino,2018,Privada / bolsa,Ametista,7.289966667,10.0,6.4,7.4,9.2,2.52,8.125,7.71,6.0,5.3,8.0,,,,Ametista,False,Adequado (≥ 0),5,0.0,False,7.0,2.0,0.0,4.78185,0.0,0.0,7.5,2023
2023,RA-157,5.0,3,2.0,13,Feminino,2018,Privada / bolsa,Ametista,7.879008333,10.0,6.8,9.9,7.1,2.52,8.59375,8.63,6.0,6.8,7.5,,,,Topázio,False,Adequado (≥ 0),5,0.0,False,5.0,1.0,0.0,8.950566666733334,9.666666666666666,10.0,8.726666667,2023
2023,RA-1207,5.0,5,0.0,15,Feminino,2023,Pública,Ametista,7.58235,10.0,5.5,9.0,8.8,5.0,7.8125,7.63,5.0,4.0,7.5,,,,,False,Adequado (≥ 0),0,0.0,False,5.0,-1.0,1.0,6.509169736866667,5.333333333333333,6.581140350999999,6.5375,2023
2023,RA-158,5.0,4,1.0,14,Feminino,2017,Privada / bolsa,Ametista,7.297425,10.0,6.0,9.0,7.1,2.52,8.28125,7.545,6.0,5.7,6.3,,,,Ametista,False,Adequado (≥ 0),6,0.0,False,5.0,0.0,0.0,6.855159259266667,4.0,7.796296296333334,6.745,2023
2023,RA-161,5.0,4,1.0,14,Feminino,2018,Privada / bolsa,Ágata,6.250166667,10.0,5.8,7.3,0.0,2.52,8.125,7.795,7.0,4.5,6.0,,,,Ametista,False,Adequado (≥ 0),5,0.0,False,5.0,0.0,0.0,7.258445588333334,4.0,7.965686274666666,7.836666667,2023
2023,RA-164,5.0,6,-1.0,16,Masculino,2018,Privada / bolsa,Quartzo,5.638666667,5.0,5.8,8.2,0.0,2.52,6.875,6.9625,6.0,4.2,7.3,,,,Ágata,False,Moderada (-1 a -2),5,1.0,False,5.0,-2.0,1.0,6.837125731066667,5.666666666666667,8.084795321666666,6.886666667,2023
2023,RA-1210,5.0,6,-1.0,16,Feminino,2023,Pública,Ametista,7.171083333,5.0,4.7,9.4,9.6,5.0,7.8125,8.09,5.0,2.0,7.0,,,,,False,Moderada (-1 a -2),0,1.0,False,6.0,0.0,0.0,8.2302,5.5,10.0,8.166,2023
2023,RA-165,5.0,5,0.0,15,Feminino,2017,Privada / bolsa,Ametista,7.583433333,10.0,7.3,9.2,6.7,2.52,8.125,7.795,7.3,6.2,8.3,,,,Topázio,False,Adequado (≥ 0),6,0.0,False,5.0,0.0,0.0,8.4627502436,8.5,9.431042884999998,7.893333333,2023
2023,RA-40,6.0,7,-1.0,17,Feminino,2016,Privada / bolsa,Ametista,7.169975,5.0,5.9,8.2,7.5,7.52,7.96875,7.755,6.2,5.7,5.8,,,,Ametista,False,Moderada (-1 a -2),7,1.0,False,7.0,0.0,0.0,7.098051462066667,5.333333333333333,7.211257310000001,6.276666667,2023
2023,RA-1214,6.0,6,0.0,16,Masculino,2023,Pública,Topázio,8.378666667,10.0,7.4,9.8,9.6,6.89,7.5,7.6725,8.0,5.0,9.3,,,,,False,Adequado (≥ 0),0,0.0,False,7.0,0.0,0.0,8.5902971362,8.0,9.081527348,7.663333333,2023
2023,RA-45,6.0,6,0.0,16,Feminino,2019,Privada / bolsa,Topázio,8.303591667,10.0,7.9,9.6,7.1,6.26,8.28125,8.1725,7.8,6.3,9.7,,,,Ametista,False,Adequado (≥ 0),4,0.0,False,7.0,0.0,0.0,8.743476190400001,8.0,9.619047619,8.283333333,2023
2023,RA-56,6.0,6,0.0,16,Feminino,2019,Privada / bolsa,Topázio,8.284333333,10.0,7.8,9.5,9.6,5.0,8.125,7.8,7.8,5.5,10.0,,,,Topázio,False,Adequado (≥ 0),4,0.0,False,7.0,0.0,0.0,9.077020175400001,7.666666666666667,9.265350877333333,9.233333333,2023
2023,RA-57,6.0,7,-1.0,17,Masculino,2017,Privada / bolsa,Ágata,6.450875,5.0,7.2,8.0,0.0,5.63,7.96875,7.755,7.8,6.8,7.0,,,,Ametista,False,Moderada (-1 a -2),6,1.0,False,7.0,0.0,0.0,7.4193804301999995,6.166666666666667,6.010860484333333,7.39,2023
2023,RA-58,6.0,6,0.0,16,Masculino,2017,Privada / bolsa,Ametista,7.70625,10.0,8.1,9.7,0.0,6.26,8.4375,8.3825,7.8,6.5,10.0,,,,Topázio,False,Adequado (≥ 0),6,0.0,False,7.0,0.0,0.0,8.7713289474,7.333333333333333,9.824561403666666,8.62,2023
2023,RA-59,6.0,8,-2.0,18,Masculino,2022,Privada / bolsa,Ametista,7.692291667,5.0,7.2,9.6,7.5,5.63,8.28125,8.4225,7.7,6.8,7.2,,,,Ametista,False,Moderada (-1 a -2),1,1.0,False,8.0,0.0,0.0,,,,,2023
2023,RA-1216,6.0,8,-2.0,19,Feminino,2023,Concluiu / outro,Ametista,7.7105,5.0,7.9,9.0,9.6,5.63,7.5,7.795,8.7,5.3,9.7,,,,,False,Moderada (-1 a -2),0,1.0,False,8.0,0.0,0.0,,,,,2023
2023,RA-78,6.0,8,-2.0,18,Feminino,2018,Privada / bolsa,Ágata,6.434625,5.0,6.7,7.7,0.0,6.26,8.28125,8.0025,8.5,4.8,6.8,,,,Ametista,False,Moderada (-1 a -2),5,1.0,False,7.0,0.0,0.0,8.1780308688,7.5,8.028404344,7.39,2023
2023,RA-64,6.0,7,-1.0,17,Feminino,2019,Privada / bolsa,Ametista,7.452541667,5.0,6.7,9.2,7.5,6.89,7.34375,7.9625,7.0,6.0,7.2,,,,Ametista,False,Moderada (-1 a -2),4,1.0,False,7.0,0.0,0.0,8.743607059266667,8.166666666666666,8.980785296666667,8.283333333,2023
2023,RA-48,6.0,6,0.0,16,Feminino,2017,Privada / bolsa,Ametista,7.797058333,10.0,7.7,8.4,6.7,6.26,7.65625,7.6275,8.3,5.7,9.0,,,,Ametista,False,Adequado (≥ 0),6,0.0,False,7.0,0.0,0.0,8.402390371800001,7.5,8.339076859,8.23,2023
2023,RA-80,6.0,7,-1.0,17,Feminino,2017,Privada / bolsa,Ametista,7.252275,5.0,6.3,8.4,8.3,6.89,7.96875,7.465,8.2,5.7,5.0,,,,Ametista,False,Moderada (-1 a -2),6,1.0,False,7.0,0.0,0.0,8.131659175733333,7.0,7.8961292116666675,7.946666667,2023
2023,RA-91,6.0,7,-1.0,17,Feminino,2016,Privada / bolsa,Ametista,7.42395,5.0,7.4,7.4,10.0,6.89,7.8125,7.4675,9.5,5.0,7.7,,,,Ágata,False,Moderada (-1 a -2),7,1.0,False,6.0,-1.0,1.0,7.426704761933335,7.333333333333333,7.476190476333334,8.068,2023
2023,RA-92,6.0,7,-1.0,17,Feminino,2016,Privada / bolsa,Ametista,7.375916667,5.0,6.7,9.4,9.6,5.63,7.1875,7.045,8.7,4.8,6.7,,,,Ágata,False,Moderada (-1 a -2),7,1.0,False,7.0,0.0,0.0,8.052279017,7.5,8.769145085,6.33,2023
2023,RA-96,6.0,7,-1.0,17,Masculino,2021,Privada / bolsa,Ametista,7.610791667,5.0,6.4,8.9,9.6,7.52,7.65625,7.84,6.8,4.8,7.7,,,,Ametista,False,Moderada (-1 a -2),2,1.0,False,8.0,0.0,0.0,,,,,2023
2023,RA-1220,6.0,7,-1.0,17,Feminino,2023,Pública,Ágata,6.46725,5.0,6.8,9.0,0.0,5.0,7.8125,7.63,8.8,5.3,6.3,,,,,False,Moderada (-1 a -2),0,1.0,False,6.0,-1.0,1.0,7.143244444466667,7.666666666666667,8.555555555666666,6.26,2023
2023,RA-87,6.0,6,0.0,16,Masculino,2021,Privada / bolsa,Topázio,8.6625,10.0,9.3,10.0,7.5,5.63,8.125,8.385,9.5,8.7,9.7,,,,Topázio,False,Adequado (≥ 0),2,0.0,False,7.0,1.0,0.0,9.437924561333332,9.166666666666666,9.649122807,9.623333333,2023
2023,RA-1221,7.0,8,-1.0,22,Feminino,2023,Concluiu / outro,Topázio,8.027466667,5.0,8.7,9.1,9.2,6.26,8.0,8.09,8.2,8.0,10.0,,,,,False,Moderada (-1 a -2),0,1.0,False,8.0,0.0,0.0,,8.0,0.0,,2023
2023,RA-27,7.0,7,0.0,17,Masculino,2016,Privada / bolsa,Ametista,7.921266667,10.0,6.9,7.7,6.7,6.89,8.625,8.8825,7.0,5.8,8.0,,,,Ametista,False,Adequado (≥ 0),7,0.0,False,8.0,0.0,0.0,,,,,2023
2023,RA-19,7.0,8,-1.0,19,Feminino,2022,Concluiu / outro,Ametista,7.710866667,5.0,7.8,9.4,7.9,5.63,7.75,8.1725,7.7,7.0,8.8,,,,Ametista,False,Moderada (-1 a -2),1,1.0,False,8.0,0.0,0.0,,,,,2023
2023,RA-62,7.0,7,0.0,17,Feminino,2022,Pública,Ametista,7.610333333,10.0,7.5,9.8,0.0,6.89,8.25,8.215,9.3,6.8,6.3,,,,Ametista,False,Adequado (≥ 0),1,0.0,False,8.0,0.0,0.0,,,,,2023
2023,RA-38,7.0,7,0.0,17,Feminino,2017,Privada / bolsa,Topázio,8.835333333,10.0,7.7,9.7,9.6,7.52,8.75,8.8825,8.2,8.8,6.0,,,,Topázio,False,Adequado (≥ 0),6,0.0,False,8.0,0.0,0.0,,,,,2023
2023,RA-1224,7.0,8,-1.0,20,Masculino,2023,Concluiu / outro,Ametista,7.5524,5.0,8.0,9.4,8.3,5.0,7.125,7.6325,8.2,6.3,9.5,,,,,False,Moderada (-1 a -2),0,1.0,False,8.0,0.0,0.0,,,,,2023
2023,RA-39,7.0,7,0.0,17,Feminino,2017,Privada / bolsa,Topázio,8.710333333,10.0,7.8,9.1,9.6,7.52,8.75,8.7575,8.3,7.8,7.2,,,,Ágata,False,Adequado (≥ 0),6,0.0,False,8.0,0.0,0.0,,,,,2023
2023,RA-1225,7.0,8,-1.0,18,Feminino,2023,Concluiu / outro,,,5.0,,,7.5,2.52,,,,,,,,,,False,Moderada (-1 a -2),0,1.0,False,8.0,0.0,0.0,,,,,2023
2023,RA-76,7.0,5,2.0,15,Feminino,2017,Privada / bolsa,,,10.0,,,10.0,2.52,,,,,,,,,Topázio,False,Adequado (≥ 0),6,0.0,False,7.0,2.0,0.0,8.152033333333334,7.066666666666666,9.0,7.5,2023
2023,RA-26,7.0,8,-1.0,18,Masculino,2022,Privada / bolsa,,,5.0,,,0.0,7.52,,,,,,,,,Topázio,False,Moderada (-1 a -2),1,1.0,False,8.0,0.0,0.0,,,,,2023
2023,RA-1226,7.0,6,1.0,16,Feminino,2023,Privada / bolsa,,,10.0,,,9.2,7.52,,,,,,,,,,False,Adequado (≥ 0),0,0.0,False,7.0,0.0,0.0,7.785233333333334,6.066666666666666,9.0,7.5,2023
2023,RA-93,7.0,6,1.0,16,Feminino,2016,Privada / bolsa,,,10.0,,,7.9,3.14,,,,,,,,,Topázio,False,Adequado (≥ 0),7,0.0,False,7.0,1.0,0.0,8.275550000066668,7.483333333333333,9.931666667,7.5,2023
2023,RA-119,7.0,5,2.0,15,Feminino,2016,Privada / bolsa,,,10.0,,,6.7,2.52,,,,,,,,,Ametista,False,Adequado (≥ 0),7,0.0,False,7.0,1.0,0.0,8.085299999933333,7.366666666666667,9.983333333,7.5,2023
2023,RA-1227,7.0,6,1.0,16,Feminino,2023,Privada / bolsa,,,10.0,,,9.2,2.52,,,,,,,,,,False,Adequado (≥ 0),0,0.0,False,7.0,0.0,0.0,4.8446,0.0,0.0,7.5,2023
2023,RA-1228,7.0,7,0.0,17,Feminino,2023,Privada / bolsa,,,10.0,,,7.5,2.52,,,,,,,,,,False,Adequado (≥ 0),0,0.0,False,7.0,0.0,0.0,4.8761,0.0,0.0,7.5,2023
2023,RA-1229,7.0,6,1.0,16,Feminino,2023,Privada / bolsa,,,10.0,,,8.3,7.52,,,,,,,,,,False,Adequado (≥ 0),0,0.0,False,7.0,0.0,0.0,4.8238,0.0,0.0,7.5,2023
2023,RA-98,7.0,5,2.0,15,Feminino,2017,Privada / bolsa,,,10.0,,,7.9,2.52,,,,,,,,,Topázio,False,Adequado (≥ 0),6,0.0,False,7.0,1.0,0.0,8.617450000000002,8.9,9.546,7.5,2023
2023,RA-172,7.0,5,2.0,15,Feminino,2018,Privada / bolsa,,,10.0,,,0.0,3.77,,,,,,,,,Topázio,False,Adequado (≥ 0),5,0.0,False,7.0,1.0,0.0,8.128766666666667,6.933333333333334,9.8,7.5,2023
2023,RA-86,7.0,7,0.0,17,Masculino,2016,Privada / bolsa,,,10.0,,,8.3,6.89,,,,,,,,,Ametista,False,Adequado (≥ 0),7,0.0,False,7.0,0.0,0.0,7.611233333266666,5.483333333333333,9.704333333,7.5,2023
2023,RA-1230,7.0,6,1.0,16,Feminino,2021,Privada / bolsa,,,10.0,,,0.0,2.52,,,,,,,,,,False,Adequado (≥ 0),2,0.0,False,7.0,0.0,0.0,4.7612000000000005,0.0,0.0,7.5,2023
